赛事,样本量,理论概率_胜,理论概率_平,理论概率_负,真实频率_胜,真实频率_平,真实频率_负,卡方统计量,P值,当前期数id
J2联赛,12.0,0.309,0.275,0.417,0.333,0.25,0.417,0.05,0.975,25001
J联赛,25.0,0.418,0.27,0.311,0.52,0.36,0.12,4.301,0.116,25001
世亚预,80.0,0.482,0.212,0.306,0.412,0.312,0.275,4.841,0.089,25001
世南美预,17.0,0.456,0.252,0.292,0.588,0.412,0.0,7.347,0.025,25001
亚冠,35.0,0.498,0.231,0.272,0.6,0.286,0.114,4.389,0.111,25001
亚洲杯,36.0,0.382,0.24,0.379,0.361,0.361,0.278,3.227,0.199,25001
友谊赛,40.0,0.536,0.224,0.24,0.475,0.3,0.225,1.333,0.513,25001
国王杯,9.0,0.462,0.267,0.271,0.444,0.444,0.111,1.909,0.385,25001
天皇杯,31.0,0.385,0.24,0.376,0.452,0.097,0.452,3.475,0.176,25001
奥运女足,22.0,0.468,0.214,0.318,0.5,0.045,0.455,4.264,0.119,25001
奥运男足,27.0,0.421,0.24,0.339,0.481,0.111,0.407,2.465,0.292,25001
德乙,61.0,0.441,0.25,0.308,0.475,0.18,0.344,1.61,0.447,25001
德国杯,19.0,0.451,0.213,0.337,0.579,0.105,0.316,1.745,0.418,25001
德甲,246.0,0.449,0.227,0.324,0.407,0.26,0.333,2.276,0.32,25001
德超杯,1.0,0.549,0.232,0.219,0.0,1.0,0.0,3.308,0.191,25001
意大利杯,18.0,0.579,0.237,0.184,0.778,0.056,0.167,3.749,0.153,25001
意甲,224.0,0.42,0.26,0.32,0.379,0.308,0.312,2.926,0.232,25001
意超杯,2.0,0.474,0.276,0.25,1.0,0.0,0.0,2.22,0.33,25001
挪超,67.0,0.468,0.237,0.295,0.373,0.299,0.328,2.612,0.271,25001
日联杯,10.0,0.276,0.263,0.461,0.3,0.4,0.3,1.294,0.524,25001
欧冠,151.0,0.469,0.228,0.303,0.49,0.199,0.311,0.731,0.694,25001
欧协联,55.0,0.473,0.244,0.282,0.436,0.309,0.255,1.256,0.534,25001
欧国联,112.0,0.446,0.244,0.31,0.438,0.241,0.321,0.073,0.964,25001
欧洲杯,51.0,0.41,0.256,0.333,0.333,0.373,0.294,3.65,0.161,25001
欧洲超级杯,1.0,0.615,0.211,0.174,1.0,0.0,0.0,0.627,0.731,25001
欧联,146.0,0.469,0.24,0.29,0.486,0.253,0.26,0.652,0.722,25001
欧预赛,8.0,0.505,0.262,0.233,0.625,0.25,0.125,0.631,0.73,25001
法乙,87.0,0.412,0.282,0.306,0.483,0.241,0.276,1.824,0.402,25001
法国杯,7.0,0.466,0.204,0.33,0.571,0.143,0.286,0.336,0.845,25001
法甲,117.0,0.438,0.246,0.316,0.393,0.274,0.333,0.991,0.609,25001
瑞典超,66.0,0.443,0.25,0.306,0.591,0.091,0.318,9.952,0.007,25001
社区盾杯,1.0,0.508,0.243,0.249,0.0,1.0,0.0,3.117,0.21,25001
美洲杯,31.0,0.462,0.248,0.29,0.387,0.323,0.29,1.071,0.585,25001
美职,65.0,0.506,0.238,0.256,0.569,0.2,0.231,1.063,0.588,25001
英冠,119.0,0.425,0.26,0.314,0.429,0.218,0.353,1.372,0.504,25001
英甲,10.0,0.379,0.268,0.354,0.6,0.4,0.0,5.481,0.065,25001
英超,305.0,0.453,0.227,0.321,0.423,0.272,0.305,3.629,0.163,25001
荷乙,61.0,0.452,0.24,0.308,0.377,0.295,0.328,1.624,0.444,25001
荷兰杯,4.0,0.451,0.172,0.378,0.5,0.25,0.25,0.337,0.845,25001
荷甲,38.0,0.385,0.233,0.382,0.395,0.263,0.342,0.32,0.852,25001
葡萄牙杯,5.0,0.415,0.257,0.327,0.4,0.4,0.2,0.646,0.724,25001
葡超,70.0,0.424,0.234,0.342,0.4,0.257,0.343,0.252,0.882,25001
西甲,226.0,0.443,0.259,0.298,0.447,0.243,0.31,0.312,0.855,25001
解放者杯,21.0,0.52,0.254,0.226,0.429,0.286,0.286,0.748,0.688,25001
足总杯,24.0,0.479,0.207,0.314,0.375,0.292,0.333,1.401,0.496,25001
非洲杯,26.0,0.35,0.275,0.375,0.423,0.308,0.269,1.273,0.529,25001
J2联赛,12.0,0.309,0.275,0.417,0.333,0.25,0.417,0.05,0.975,25002
J联赛,25.0,0.418,0.27,0.311,0.52,0.36,0.12,4.301,0.116,25002
世亚预,80.0,0.482,0.212,0.306,0.412,0.312,0.275,4.841,0.089,25002
世南美预,17.0,0.456,0.252,0.292,0.588,0.412,0.0,7.347,0.025,25002
亚冠,35.0,0.498,0.231,0.272,0.6,0.286,0.114,4.389,0.111,25002
亚洲杯,31.0,0.401,0.24,0.359,0.387,0.355,0.258,2.579,0.275,25002
友谊赛,40.0,0.536,0.224,0.24,0.475,0.3,0.225,1.333,0.513,25002
国王杯,6.0,0.468,0.267,0.266,0.5,0.5,0.0,2.831,0.243,25002
天皇杯,31.0,0.385,0.24,0.376,0.452,0.097,0.452,3.475,0.176,25002
奥运女足,22.0,0.468,0.214,0.318,0.5,0.045,0.455,4.264,0.119,25002
奥运男足,27.0,0.421,0.24,0.339,0.481,0.111,0.407,2.465,0.292,25002
德乙,61.0,0.441,0.25,0.308,0.475,0.18,0.344,1.61,0.447,25002
德国杯,19.0,0.451,0.213,0.337,0.579,0.105,0.316,1.745,0.418,25002
德甲,246.0,0.449,0.227,0.324,0.407,0.26,0.333,2.276,0.32,25002
德超杯,1.0,0.549,0.232,0.219,0.0,1.0,0.0,3.308,0.191,25002
意大利杯,18.0,0.579,0.237,0.184,0.778,0.056,0.167,3.749,0.153,25002
意甲,224.0,0.42,0.26,0.32,0.379,0.308,0.312,2.926,0.232,25002
意超杯,2.0,0.559,0.26,0.181,1.0,0.0,0.0,1.578,0.454,25002
挪超,67.0,0.468,0.237,0.295,0.373,0.299,0.328,2.612,0.271,25002
日联杯,10.0,0.276,0.263,0.461,0.3,0.4,0.3,1.294,0.524,25002
欧冠,151.0,0.469,0.228,0.303,0.49,0.199,0.311,0.731,0.694,25002
欧协联,55.0,0.473,0.244,0.282,0.436,0.309,0.255,1.256,0.534,25002
欧国联,112.0,0.446,0.244,0.31,0.438,0.241,0.321,0.073,0.964,25002
欧洲杯,51.0,0.41,0.256,0.333,0.333,0.373,0.294,3.65,0.161,25002
欧洲超级杯,1.0,0.615,0.211,0.174,1.0,0.0,0.0,0.627,0.731,25002
欧联,146.0,0.469,0.24,0.29,0.486,0.253,0.26,0.652,0.722,25002
欧预赛,8.0,0.505,0.262,0.233,0.625,0.25,0.125,0.631,0.73,25002
法乙,87.0,0.412,0.282,0.306,0.483,0.241,0.276,1.824,0.402,25002
法国杯,7.0,0.466,0.204,0.33,0.571,0.143,0.286,0.336,0.845,25002
法甲,117.0,0.438,0.246,0.316,0.393,0.274,0.333,0.991,0.609,25002
瑞典超,66.0,0.443,0.25,0.306,0.591,0.091,0.318,9.952,0.007,25002
社区盾杯,1.0,0.508,0.243,0.249,0.0,1.0,0.0,3.117,0.21,25002
美洲杯,31.0,0.462,0.248,0.29,0.387,0.323,0.29,1.071,0.585,25002
美职,65.0,0.506,0.238,0.256,0.569,0.2,0.231,1.063,0.588,25002
英冠,131.0,0.425,0.261,0.314,0.427,0.229,0.344,0.89,0.641,25002
英甲,10.0,0.379,0.268,0.354,0.6,0.4,0.0,5.481,0.065,25002
英超,306.0,0.452,0.227,0.322,0.422,0.271,0.307,3.519,0.172,25002
荷乙,61.0,0.452,0.24,0.308,0.377,0.295,0.328,1.624,0.444,25002
荷兰杯,4.0,0.451,0.172,0.378,0.5,0.25,0.25,0.337,0.845,25002
荷甲,38.0,0.385,0.233,0.382,0.395,0.263,0.342,0.32,0.852,25002
葡萄牙杯,5.0,0.415,0.257,0.327,0.4,0.4,0.2,0.646,0.724,25002
葡超,70.0,0.424,0.234,0.342,0.4,0.257,0.343,0.252,0.882,25002
西甲,226.0,0.443,0.259,0.298,0.447,0.243,0.31,0.312,0.855,25002
解放者杯,21.0,0.52,0.254,0.226,0.429,0.286,0.286,0.748,0.688,25002
足总杯,24.0,0.479,0.207,0.314,0.375,0.292,0.333,1.401,0.496,25002
非洲杯,21.0,0.318,0.272,0.41,0.429,0.286,0.286,1.614,0.446,25002
J2联赛,12.0,0.309,0.275,0.417,0.333,0.25,0.417,0.05,0.975,25003
J联赛,25.0,0.418,0.27,0.311,0.52,0.36,0.12,4.301,0.116,25003
世亚预,80.0,0.482,0.212,0.306,0.412,0.312,0.275,4.841,0.089,25003
世南美预,17.0,0.456,0.252,0.292,0.588,0.412,0.0,7.347,0.025,25003
亚冠,35.0,0.498,0.231,0.272,0.6,0.286,0.114,4.389,0.111,25003
亚洲杯,28.0,0.422,0.248,0.329,0.393,0.393,0.214,3.547,0.17,25003
友谊赛,40.0,0.536,0.224,0.24,0.475,0.3,0.225,1.333,0.513,25003
国王杯,6.0,0.468,0.267,0.266,0.5,0.5,0.0,2.831,0.243,25003
天皇杯,31.0,0.385,0.24,0.376,0.452,0.097,0.452,3.475,0.176,25003
奥运女足,22.0,0.468,0.214,0.318,0.5,0.045,0.455,4.264,0.119,25003
奥运男足,27.0,0.421,0.24,0.339,0.481,0.111,0.407,2.465,0.292,25003
德乙,59.0,0.437,0.251,0.312,0.475,0.186,0.339,1.303,0.521,25003
德国杯,19.0,0.451,0.213,0.337,0.579,0.105,0.316,1.745,0.418,25003
德甲,246.0,0.449,0.227,0.324,0.407,0.26,0.333,2.276,0.32,25003
德超杯,1.0,0.549,0.232,0.219,0.0,1.0,0.0,3.308,0.191,25003
意大利杯,18.0,0.579,0.237,0.184,0.778,0.056,0.167,3.749,0.153,25003
意甲,227.0,0.419,0.261,0.321,0.374,0.313,0.313,3.487,0.175,25003
意超杯,1.0,0.535,0.266,0.199,1.0,0.0,0.0,0.869,0.648,25003
挪超,67.0,0.468,0.237,0.295,0.373,0.299,0.328,2.612,0.271,25003
日联杯,10.0,0.276,0.263,0.461,0.3,0.4,0.3,1.294,0.524,25003
欧冠,151.0,0.469,0.228,0.303,0.49,0.199,0.311,0.731,0.694,25003
欧协联,55.0,0.473,0.244,0.282,0.436,0.309,0.255,1.256,0.534,25003
欧国联,112.0,0.446,0.244,0.31,0.438,0.241,0.321,0.073,0.964,25003
欧洲杯,51.0,0.41,0.256,0.333,0.333,0.373,0.294,3.65,0.161,25003
欧洲超级杯,1.0,0.615,0.211,0.174,1.0,0.0,0.0,0.627,0.731,25003
欧联,146.0,0.469,0.24,0.29,0.486,0.253,0.26,0.652,0.722,25003
欧预赛,8.0,0.505,0.262,0.233,0.625,0.25,0.125,0.631,0.73,25003
法乙,87.0,0.412,0.282,0.306,0.483,0.241,0.276,1.824,0.402,25003
法国杯,7.0,0.466,0.204,0.33,0.571,0.143,0.286,0.336,0.845,25003
法甲,119.0,0.438,0.246,0.316,0.395,0.277,0.328,1.016,0.602,25003
瑞典超,66.0,0.443,0.25,0.306,0.591,0.091,0.318,9.952,0.007,25003
社区盾杯,1.0,0.508,0.243,0.249,0.0,1.0,0.0,3.117,0.21,25003
美洲杯,31.0,0.462,0.248,0.29,0.387,0.323,0.29,1.071,0.585,25003
美职,65.0,0.506,0.238,0.256,0.569,0.2,0.231,1.063,0.588,25003
英冠,130.0,0.425,0.261,0.314,0.431,0.231,0.338,0.708,0.702,25003
英甲,10.0,0.379,0.268,0.354,0.6,0.4,0.0,5.481,0.065,25003
英超,312.0,0.452,0.226,0.321,0.423,0.272,0.304,3.775,0.151,25003
荷乙,61.0,0.452,0.24,0.308,0.377,0.295,0.328,1.624,0.444,25003
荷兰杯,4.0,0.451,0.172,0.378,0.5,0.25,0.25,0.337,0.845,25003
荷甲,37.0,0.387,0.232,0.381,0.378,0.27,0.351,0.328,0.849,25003
葡萄牙杯,5.0,0.415,0.257,0.327,0.4,0.4,0.2,0.646,0.724,25003
葡超,72.0,0.421,0.237,0.342,0.375,0.264,0.361,0.653,0.721,25003
西甲,225.0,0.443,0.259,0.299,0.444,0.244,0.311,0.289,0.865,25003
解放者杯,21.0,0.52,0.254,0.226,0.429,0.286,0.286,0.748,0.688,25003
足总杯,24.0,0.479,0.207,0.314,0.375,0.292,0.333,1.401,0.496,25003
非洲杯,18.0,0.293,0.266,0.442,0.333,0.333,0.333,0.888,0.642,25003
J2联赛,12.0,0.309,0.275,0.417,0.333,0.25,0.417,0.05,0.975,25004
J联赛,25.0,0.418,0.27,0.311,0.52,0.36,0.12,4.301,0.116,25004
世亚预,80.0,0.482,0.212,0.306,0.412,0.312,0.275,4.841,0.089,25004
世南美预,17.0,0.456,0.252,0.292,0.588,0.412,0.0,7.347,0.025,25004
亚冠,35.0,0.498,0.231,0.272,0.6,0.286,0.114,4.389,0.111,25004
亚洲杯,26.0,0.429,0.25,0.32,0.385,0.385,0.231,2.645,0.267,25004
友谊赛,40.0,0.536,0.224,0.24,0.475,0.3,0.225,1.333,0.513,25004
国王杯,6.0,0.468,0.267,0.266,0.5,0.5,0.0,2.831,0.243,25004
天皇杯,31.0,0.385,0.24,0.376,0.452,0.097,0.452,3.475,0.176,25004
奥运女足,22.0,0.468,0.214,0.318,0.5,0.045,0.455,4.264,0.119,25004
奥运男足,27.0,0.421,0.24,0.339,0.481,0.111,0.407,2.465,0.292,25004
德乙,59.0,0.437,0.251,0.312,0.475,0.186,0.339,1.303,0.521,25004
德国杯,19.0,0.451,0.213,0.337,0.579,0.105,0.316,1.745,0.418,25004
德甲,240.0,0.452,0.226,0.322,0.408,0.258,0.333,2.24,0.326,25004
德超杯,1.0,0.549,0.232,0.219,0.0,1.0,0.0,3.308,0.191,25004
意大利杯,18.0,0.579,0.237,0.184,0.778,0.056,0.167,3.749,0.153,25004
意甲,228.0,0.419,0.261,0.32,0.373,0.32,0.307,4.293,0.117,25004
意超杯,1.0,0.535,0.266,0.199,1.0,0.0,0.0,0.869,0.648,25004
挪超,67.0,0.468,0.237,0.295,0.373,0.299,0.328,2.612,0.271,25004
日联杯,10.0,0.276,0.263,0.461,0.3,0.4,0.3,1.294,0.524,25004
欧冠,151.0,0.469,0.228,0.303,0.49,0.199,0.311,0.731,0.694,25004
欧协联,55.0,0.473,0.244,0.282,0.436,0.309,0.255,1.256,0.534,25004
欧国联,112.0,0.446,0.244,0.31,0.438,0.241,0.321,0.073,0.964,25004
欧洲杯,51.0,0.41,0.256,0.333,0.333,0.373,0.294,3.65,0.161,25004
欧洲超级杯,1.0,0.615,0.211,0.174,1.0,0.0,0.0,0.627,0.731,25004
欧联,146.0,0.469,0.24,0.29,0.486,0.253,0.26,0.652,0.722,25004
欧预赛,8.0,0.505,0.262,0.233,0.625,0.25,0.125,0.631,0.73,25004
法乙,87.0,0.412,0.282,0.306,0.483,0.241,0.276,1.824,0.402,25004
法国杯,7.0,0.466,0.204,0.33,0.571,0.143,0.286,0.336,0.845,25004
法甲,123.0,0.44,0.247,0.313,0.407,0.268,0.325,0.605,0.739,25004
瑞典超,66.0,0.443,0.25,0.306,0.591,0.091,0.318,9.952,0.007,25004
社区盾杯,1.0,0.508,0.243,0.249,0.0,1.0,0.0,3.117,0.21,25004
美洲杯,31.0,0.462,0.248,0.29,0.387,0.323,0.29,1.071,0.585,25004
美职,65.0,0.506,0.238,0.256,0.569,0.2,0.231,1.063,0.588,25004
英冠,130.0,0.425,0.261,0.314,0.431,0.231,0.338,0.708,0.702,25004
英甲,10.0,0.379,0.268,0.354,0.6,0.4,0.0,5.481,0.065,25004
英超,313.0,0.452,0.227,0.322,0.415,0.278,0.307,4.782,0.092,25004
荷乙,61.0,0.452,0.24,0.308,0.377,0.295,0.328,1.624,0.444,25004
荷兰杯,4.0,0.451,0.172,0.378,0.5,0.25,0.25,0.337,0.845,25004
荷甲,37.0,0.387,0.232,0.381,0.378,0.27,0.351,0.328,0.849,25004
葡萄牙杯,5.0,0.415,0.257,0.327,0.4,0.4,0.2,0.646,0.724,25004
葡超,76.0,0.423,0.24,0.337,0.355,0.289,0.355,1.67,0.434,25004
西甲,223.0,0.443,0.258,0.299,0.444,0.247,0.309,0.204,0.903,25004
解放者杯,21.0,0.52,0.254,0.226,0.429,0.286,0.286,0.748,0.688,25004
足总杯,24.0,0.479,0.207,0.314,0.375,0.292,0.333,1.401,0.496,25004
非洲杯,18.0,0.293,0.266,0.442,0.333,0.333,0.333,0.888,0.642,25004
J2联赛,12.0,0.309,0.275,0.417,0.333,0.25,0.417,0.05,0.975,25005
J联赛,25.0,0.418,0.27,0.311,0.52,0.36,0.12,4.301,0.116,25005
世亚预,80.0,0.482,0.212,0.306,0.412,0.312,0.275,4.841,0.089,25005
世南美预,17.0,0.456,0.252,0.292,0.588,0.412,0.0,7.347,0.025,25005
亚冠,35.0,0.498,0.231,0.272,0.6,0.286,0.114,4.389,0.111,25005
亚洲杯,24.0,0.443,0.252,0.304,0.417,0.375,0.208,2.205,0.332,25005
友谊赛,40.0,0.536,0.224,0.24,0.475,0.3,0.225,1.333,0.513,25005
国王杯,6.0,0.468,0.267,0.266,0.5,0.5,0.0,2.831,0.243,25005
天皇杯,31.0,0.385,0.24,0.376,0.452,0.097,0.452,3.475,0.176,25005
奥运女足,22.0,0.468,0.214,0.318,0.5,0.045,0.455,4.264,0.119,25005
奥运男足,27.0,0.421,0.24,0.339,0.481,0.111,0.407,2.465,0.292,25005
德乙,59.0,0.437,0.251,0.312,0.475,0.186,0.339,1.303,0.521,25005
德国杯,19.0,0.451,0.213,0.337,0.579,0.105,0.316,1.745,0.418,25005
德甲,239.0,0.45,0.227,0.324,0.41,0.259,0.331,1.994,0.369,25005
德超杯,1.0,0.549,0.232,0.219,0.0,1.0,0.0,3.308,0.191,25005
意大利杯,18.0,0.579,0.237,0.184,0.778,0.056,0.167,3.749,0.153,25005
意甲,225.0,0.421,0.261,0.319,0.369,0.329,0.302,5.628,0.06,25005
意超杯,1.0,0.535,0.266,0.199,1.0,0.0,0.0,0.869,0.648,25005
挪超,67.0,0.468,0.237,0.295,0.373,0.299,0.328,2.612,0.271,25005
日联杯,10.0,0.276,0.263,0.461,0.3,0.4,0.3,1.294,0.524,25005
欧冠,151.0,0.469,0.228,0.303,0.49,0.199,0.311,0.731,0.694,25005
欧协联,55.0,0.473,0.244,0.282,0.436,0.309,0.255,1.256,0.534,25005
欧国联,112.0,0.446,0.244,0.31,0.438,0.241,0.321,0.073,0.964,25005
欧洲杯,51.0,0.41,0.256,0.333,0.333,0.373,0.294,3.65,0.161,25005
欧洲超级杯,1.0,0.615,0.211,0.174,1.0,0.0,0.0,0.627,0.731,25005
欧联,146.0,0.469,0.24,0.29,0.486,0.253,0.26,0.652,0.722,25005
欧预赛,8.0,0.505,0.262,0.233,0.625,0.25,0.125,0.631,0.73,25005
法乙,91.0,0.411,0.282,0.307,0.473,0.253,0.275,1.417,0.492,25005
法国杯,7.0,0.466,0.204,0.33,0.571,0.143,0.286,0.336,0.845,25005
法甲,125.0,0.437,0.247,0.316,0.4,0.28,0.32,0.94,0.625,25005
瑞典超,66.0,0.443,0.25,0.306,0.591,0.091,0.318,9.952,0.007,25005
社区盾杯,1.0,0.508,0.243,0.249,0.0,1.0,0.0,3.117,0.21,25005
美洲杯,31.0,0.462,0.248,0.29,0.387,0.323,0.29,1.071,0.585,25005
美职,65.0,0.506,0.238,0.256,0.569,0.2,0.231,1.063,0.588,25005
英冠,130.0,0.425,0.261,0.314,0.431,0.231,0.338,0.708,0.702,25005
英甲,10.0,0.379,0.268,0.354,0.6,0.4,0.0,5.481,0.065,25005
英超,311.0,0.453,0.226,0.321,0.418,0.277,0.305,4.51,0.105,25005
荷乙,63.0,0.452,0.239,0.308,0.381,0.286,0.333,1.4,0.496,25005
荷兰杯,4.0,0.451,0.172,0.378,0.5,0.25,0.25,0.337,0.845,25005
荷甲,38.0,0.386,0.233,0.381,0.368,0.263,0.368,0.193,0.908,25005
葡萄牙杯,5.0,0.415,0.257,0.327,0.4,0.4,0.2,0.646,0.724,25005
葡超,76.0,0.423,0.24,0.337,0.355,0.289,0.355,1.67,0.434,25005
西甲,220.0,0.441,0.259,0.3,0.441,0.25,0.309,0.136,0.934,25005
解放者杯,21.0,0.52,0.254,0.226,0.429,0.286,0.286,0.748,0.688,25005
足总杯,25.0,0.482,0.208,0.31,0.4,0.28,0.32,0.993,0.609,25005
非洲杯,18.0,0.293,0.266,0.442,0.333,0.333,0.333,0.888,0.642,25005
J2联赛,12.0,0.309,0.275,0.417,0.333,0.25,0.417,0.05,0.975,25006
J联赛,25.0,0.418,0.27,0.311,0.52,0.36,0.12,4.301,0.116,25006
世亚预,80.0,0.482,0.212,0.306,0.412,0.312,0.275,4.841,0.089,25006
世南美预,17.0,0.456,0.252,0.292,0.588,0.412,0.0,7.347,0.025,25006
亚冠,35.0,0.498,0.231,0.272,0.6,0.286,0.114,4.389,0.111,25006
亚洲杯,18.0,0.446,0.244,0.31,0.333,0.444,0.222,3.917,0.141,25006
友谊赛,40.0,0.536,0.224,0.24,0.475,0.3,0.225,1.333,0.513,25006
国王杯,6.0,0.468,0.267,0.266,0.5,0.5,0.0,2.831,0.243,25006
天皇杯,31.0,0.385,0.24,0.376,0.452,0.097,0.452,3.475,0.176,25006
奥运女足,22.0,0.468,0.214,0.318,0.5,0.045,0.455,4.264,0.119,25006
奥运男足,27.0,0.421,0.24,0.339,0.481,0.111,0.407,2.465,0.292,25006
德乙,59.0,0.437,0.251,0.312,0.475,0.186,0.339,1.303,0.521,25006
德国杯,19.0,0.451,0.213,0.337,0.579,0.105,0.316,1.745,0.418,25006
德甲,243.0,0.447,0.227,0.326,0.407,0.255,0.337,1.778,0.411,25006
德超杯,1.0,0.549,0.232,0.219,0.0,1.0,0.0,3.308,0.191,25006
意大利杯,18.0,0.579,0.237,0.184,0.778,0.056,0.167,3.749,0.153,25006
意甲,228.0,0.42,0.261,0.319,0.364,0.338,0.298,7.224,0.027,25006
意超杯,1.0,0.535,0.266,0.199,1.0,0.0,0.0,0.869,0.648,25006
挪超,67.0,0.468,0.237,0.295,0.373,0.299,0.328,2.612,0.271,25006
日联杯,10.0,0.276,0.263,0.461,0.3,0.4,0.3,1.294,0.524,25006
欧冠,151.0,0.469,0.228,0.303,0.49,0.199,0.311,0.731,0.694,25006
欧协联,55.0,0.473,0.244,0.282,0.436,0.309,0.255,1.256,0.534,25006
欧国联,112.0,0.446,0.244,0.31,0.438,0.241,0.321,0.073,0.964,25006
欧洲杯,51.0,0.41,0.256,0.333,0.333,0.373,0.294,3.65,0.161,25006
欧洲超级杯,1.0,0.615,0.211,0.174,1.0,0.0,0.0,0.627,0.731,25006
欧联,146.0,0.469,0.24,0.29,0.486,0.253,0.26,0.652,0.722,25006
欧预赛,8.0,0.505,0.262,0.233,0.625,0.25,0.125,0.631,0.73,25006
法乙,91.0,0.411,0.282,0.307,0.473,0.253,0.275,1.417,0.492,25006
法国杯,7.0,0.466,0.204,0.33,0.571,0.143,0.286,0.336,0.845,25006
法甲,127.0,0.435,0.248,0.318,0.394,0.276,0.331,0.96,0.619,25006
瑞典超,66.0,0.443,0.25,0.306,0.591,0.091,0.318,9.952,0.007,25006
社区盾杯,1.0,0.508,0.243,0.249,0.0,1.0,0.0,3.117,0.21,25006
美洲杯,31.0,0.462,0.248,0.29,0.387,0.323,0.29,1.071,0.585,25006
美职,65.0,0.506,0.238,0.256,0.569,0.2,0.231,1.063,0.588,25006
英冠,130.0,0.425,0.261,0.314,0.431,0.231,0.338,0.708,0.702,25006
英甲,10.0,0.379,0.268,0.354,0.6,0.4,0.0,5.481,0.065,25006
英超,311.0,0.453,0.226,0.321,0.418,0.277,0.305,4.51,0.105,25006
荷乙,63.0,0.452,0.239,0.308,0.381,0.286,0.333,1.4,0.496,25006
荷兰杯,4.0,0.451,0.172,0.378,0.5,0.25,0.25,0.337,0.845,25006
荷甲,38.0,0.386,0.233,0.381,0.368,0.263,0.368,0.193,0.908,25006
葡萄牙杯,5.0,0.415,0.257,0.327,0.4,0.4,0.2,0.646,0.724,25006
葡超,76.0,0.423,0.24,0.337,0.355,0.289,0.355,1.67,0.434,25006
西甲,222.0,0.44,0.259,0.301,0.441,0.252,0.306,0.069,0.966,25006
解放者杯,21.0,0.52,0.254,0.226,0.429,0.286,0.286,0.748,0.688,25006
足总杯,28.0,0.481,0.208,0.312,0.429,0.25,0.321,0.409,0.815,25006
非洲杯,10.0,0.352,0.287,0.361,0.4,0.4,0.2,1.221,0.543,25006
J2联赛,12.0,0.309,0.275,0.417,0.333,0.25,0.417,0.05,0.975,25007
J联赛,25.0,0.418,0.27,0.311,0.52,0.36,0.12,4.301,0.116,25007
世亚预,80.0,0.482,0.212,0.306,0.412,0.312,0.275,4.841,0.089,25007
世南美预,17.0,0.456,0.252,0.292,0.588,0.412,0.0,7.347,0.025,25007
亚冠,35.0,0.498,0.231,0.272,0.6,0.286,0.114,4.389,0.111,25007
亚洲杯,12.0,0.395,0.26,0.345,0.333,0.417,0.25,1.564,0.458,25007
友谊赛,40.0,0.536,0.224,0.24,0.475,0.3,0.225,1.333,0.513,25007
国王杯,3.0,0.51,0.279,0.212,0.333,0.667,0.0,2.437,0.296,25007
天皇杯,31.0,0.385,0.24,0.376,0.452,0.097,0.452,3.475,0.176,25007
奥运女足,22.0,0.468,0.214,0.318,0.5,0.045,0.455,4.264,0.119,25007
奥运男足,27.0,0.421,0.24,0.339,0.481,0.111,0.407,2.465,0.292,25007
德乙,59.0,0.437,0.251,0.312,0.475,0.186,0.339,1.303,0.521,25007
德国杯,19.0,0.451,0.213,0.337,0.579,0.105,0.316,1.745,0.418,25007
德甲,245.0,0.446,0.227,0.327,0.408,0.253,0.339,1.621,0.445,25007
德超杯,1.0,0.549,0.232,0.219,0.0,1.0,0.0,3.308,0.191,25007
意大利杯,18.0,0.579,0.237,0.184,0.778,0.056,0.167,3.749,0.153,25007
意甲,231.0,0.42,0.26,0.32,0.364,0.338,0.299,7.405,0.025,25007
意超杯,1.0,0.535,0.266,0.199,1.0,0.0,0.0,0.869,0.648,25007
挪超,67.0,0.468,0.237,0.295,0.373,0.299,0.328,2.612,0.271,25007
日联杯,10.0,0.276,0.263,0.461,0.3,0.4,0.3,1.294,0.524,25007
欧冠,151.0,0.469,0.228,0.303,0.49,0.199,0.311,0.731,0.694,25007
欧协联,55.0,0.473,0.244,0.282,0.436,0.309,0.255,1.256,0.534,25007
欧国联,112.0,0.446,0.244,0.31,0.438,0.241,0.321,0.073,0.964,25007
欧洲杯,51.0,0.41,0.256,0.333,0.333,0.373,0.294,3.65,0.161,25007
欧洲超级杯,1.0,0.615,0.211,0.174,1.0,0.0,0.0,0.627,0.731,25007
欧联,146.0,0.469,0.24,0.29,0.486,0.253,0.26,0.652,0.722,25007
欧预赛,8.0,0.505,0.262,0.233,0.625,0.25,0.125,0.631,0.73,25007
法乙,91.0,0.411,0.282,0.307,0.473,0.253,0.275,1.417,0.492,25007
法国杯,7.0,0.466,0.204,0.33,0.571,0.143,0.286,0.336,0.845,25007
法甲,131.0,0.436,0.247,0.317,0.389,0.267,0.344,1.182,0.554,25007
瑞典超,66.0,0.443,0.25,0.306,0.591,0.091,0.318,9.952,0.007,25007
社区盾杯,1.0,0.508,0.243,0.249,0.0,1.0,0.0,3.117,0.21,25007
美洲杯,31.0,0.462,0.248,0.29,0.387,0.323,0.29,1.071,0.585,25007
美职,65.0,0.506,0.238,0.256,0.569,0.2,0.231,1.063,0.588,25007
英冠,130.0,0.425,0.261,0.314,0.431,0.231,0.338,0.708,0.702,25007
英甲,10.0,0.379,0.268,0.354,0.6,0.4,0.0,5.481,0.065,25007
英超,311.0,0.453,0.226,0.321,0.418,0.277,0.305,4.51,0.105,25007
荷乙,63.0,0.452,0.239,0.308,0.381,0.286,0.333,1.4,0.496,25007
荷兰杯,4.0,0.451,0.172,0.378,0.5,0.25,0.25,0.337,0.845,25007
荷甲,40.0,0.396,0.233,0.371,0.35,0.275,0.375,0.516,0.772,25007
葡萄牙杯,5.0,0.415,0.257,0.327,0.4,0.4,0.2,0.646,0.724,25007
葡超,76.0,0.423,0.24,0.337,0.355,0.289,0.355,1.67,0.434,25007
西甲,223.0,0.441,0.259,0.3,0.444,0.251,0.305,0.078,0.962,25007
解放者杯,21.0,0.52,0.254,0.226,0.429,0.286,0.286,0.748,0.688,25007
足总杯,29.0,0.477,0.212,0.311,0.414,0.276,0.31,0.808,0.668,25007
非洲杯,6.0,0.469,0.305,0.225,0.667,0.167,0.167,0.967,0.617,25007
J2联赛,12.0,0.309,0.275,0.417,0.333,0.25,0.417,0.05,0.975,25008
J联赛,25.0,0.418,0.27,0.311,0.52,0.36,0.12,4.301,0.116,25008
世亚预,80.0,0.482,0.212,0.306,0.412,0.312,0.275,4.841,0.089,25008
世南美预,17.0,0.456,0.252,0.292,0.588,0.412,0.0,7.347,0.025,25008
亚冠,35.0,0.498,0.231,0.272,0.6,0.286,0.114,4.389,0.111,25008
亚洲杯,12.0,0.395,0.26,0.345,0.333,0.417,0.25,1.564,0.458,25008
友谊赛,40.0,0.536,0.224,0.24,0.475,0.3,0.225,1.333,0.513,25008
国王杯,3.0,0.51,0.279,0.212,0.333,0.667,0.0,2.437,0.296,25008
天皇杯,31.0,0.385,0.24,0.376,0.452,0.097,0.452,3.475,0.176,25008
奥运女足,22.0,0.468,0.214,0.318,0.5,0.045,0.455,4.264,0.119,25008
奥运男足,27.0,0.421,0.24,0.339,0.481,0.111,0.407,2.465,0.292,25008
德乙,57.0,0.437,0.251,0.312,0.456,0.193,0.351,1.073,0.585,25008
德国杯,19.0,0.451,0.213,0.337,0.579,0.105,0.316,1.745,0.418,25008
德甲,248.0,0.447,0.227,0.326,0.415,0.25,0.335,1.185,0.553,25008
德超杯,1.0,0.549,0.232,0.219,0.0,1.0,0.0,3.308,0.191,25008
意大利杯,18.0,0.579,0.237,0.184,0.778,0.056,0.167,3.749,0.153,25008
意甲,232.0,0.42,0.26,0.32,0.362,0.341,0.297,7.981,0.018,25008
意超杯,1.0,0.535,0.266,0.199,1.0,0.0,0.0,0.869,0.648,25008
挪超,67.0,0.468,0.237,0.295,0.373,0.299,0.328,2.612,0.271,25008
日联杯,10.0,0.276,0.263,0.461,0.3,0.4,0.3,1.294,0.524,25008
欧冠,151.0,0.469,0.228,0.303,0.49,0.199,0.311,0.731,0.694,25008
欧协联,55.0,0.473,0.244,0.282,0.436,0.309,0.255,1.256,0.534,25008
欧国联,112.0,0.446,0.244,0.31,0.438,0.241,0.321,0.073,0.964,25008
欧洲杯,51.0,0.41,0.256,0.333,0.333,0.373,0.294,3.65,0.161,25008
欧洲超级杯,1.0,0.615,0.211,0.174,1.0,0.0,0.0,0.627,0.731,25008
欧联,146.0,0.469,0.24,0.29,0.486,0.253,0.26,0.652,0.722,25008
欧预赛,8.0,0.505,0.262,0.233,0.625,0.25,0.125,0.631,0.73,25008
法乙,91.0,0.411,0.282,0.307,0.473,0.253,0.275,1.417,0.492,25008
法国杯,9.0,0.443,0.217,0.341,0.444,0.333,0.222,0.931,0.628,25008
法甲,130.0,0.437,0.247,0.317,0.392,0.269,0.338,1.058,0.589,25008
瑞典超,66.0,0.443,0.25,0.306,0.591,0.091,0.318,9.952,0.007,25008
社区盾杯,1.0,0.508,0.243,0.249,0.0,1.0,0.0,3.117,0.21,25008
美洲杯,31.0,0.462,0.248,0.29,0.387,0.323,0.29,1.071,0.585,25008
美职,65.0,0.506,0.238,0.256,0.569,0.2,0.231,1.063,0.588,25008
英冠,132.0,0.425,0.261,0.314,0.424,0.242,0.333,0.34,0.844,25008
英甲,10.0,0.379,0.268,0.354,0.6,0.4,0.0,5.481,0.065,25008
英超,315.0,0.451,0.226,0.323,0.416,0.283,0.302,5.666,0.059,25008
荷乙,60.0,0.452,0.239,0.309,0.35,0.3,0.35,2.663,0.264,25008
荷兰杯,4.0,0.451,0.172,0.378,0.5,0.25,0.25,0.337,0.845,25008
荷甲,39.0,0.395,0.232,0.373,0.333,0.282,0.385,0.804,0.669,25008
葡萄牙杯,5.0,0.415,0.257,0.327,0.4,0.4,0.2,0.646,0.724,25008
葡超,76.0,0.423,0.24,0.337,0.355,0.289,0.355,1.67,0.434,25008
西甲,222.0,0.442,0.259,0.299,0.446,0.252,0.302,0.049,0.976,25008
解放者杯,21.0,0.52,0.254,0.226,0.429,0.286,0.286,0.748,0.688,25008
足总杯,25.0,0.502,0.204,0.294,0.48,0.2,0.32,0.082,0.96,25008
非洲杯,6.0,0.469,0.305,0.225,0.667,0.167,0.167,0.967,0.617,25008
J2联赛,12.0,0.309,0.275,0.417,0.333,0.25,0.417,0.05,0.975,25009
J联赛,25.0,0.418,0.27,0.311,0.52,0.36,0.12,4.301,0.116,25009
世亚预,80.0,0.482,0.212,0.306,0.412,0.312,0.275,4.841,0.089,25009
世南美预,17.0,0.456,0.252,0.292,0.588,0.412,0.0,7.347,0.025,25009
亚冠,35.0,0.498,0.231,0.272,0.6,0.286,0.114,4.389,0.111,25009
亚洲杯,12.0,0.395,0.26,0.345,0.333,0.417,0.25,1.564,0.458,25009
友谊赛,40.0,0.536,0.224,0.24,0.475,0.3,0.225,1.333,0.513,25009
国王杯,3.0,0.51,0.279,0.212,0.333,0.667,0.0,2.437,0.296,25009
天皇杯,31.0,0.385,0.24,0.376,0.452,0.097,0.452,3.475,0.176,25009
奥运女足,22.0,0.468,0.214,0.318,0.5,0.045,0.455,4.264,0.119,25009
奥运男足,27.0,0.421,0.24,0.339,0.481,0.111,0.407,2.465,0.292,25009
德乙,57.0,0.437,0.251,0.312,0.456,0.193,0.351,1.073,0.585,25009
德国杯,19.0,0.451,0.213,0.337,0.579,0.105,0.316,1.745,0.418,25009
德甲,247.0,0.448,0.227,0.324,0.421,0.243,0.336,0.774,0.679,25009
德超杯,1.0,0.549,0.232,0.219,0.0,1.0,0.0,3.308,0.191,25009
意大利杯,18.0,0.579,0.237,0.184,0.778,0.056,0.167,3.749,0.153,25009
意甲,230.0,0.418,0.261,0.322,0.361,0.339,0.3,7.569,0.023,25009
意超杯,1.0,0.535,0.266,0.199,1.0,0.0,0.0,0.869,0.648,25009
挪超,67.0,0.468,0.237,0.295,0.373,0.299,0.328,2.612,0.271,25009
日联杯,10.0,0.276,0.263,0.461,0.3,0.4,0.3,1.294,0.524,25009
欧冠,151.0,0.469,0.228,0.303,0.49,0.199,0.311,0.731,0.694,25009
欧协联,55.0,0.473,0.244,0.282,0.436,0.309,0.255,1.256,0.534,25009
欧国联,112.0,0.446,0.244,0.31,0.438,0.241,0.321,0.073,0.964,25009
欧洲杯,51.0,0.41,0.256,0.333,0.333,0.373,0.294,3.65,0.161,25009
欧洲超级杯,1.0,0.615,0.211,0.174,1.0,0.0,0.0,0.627,0.731,25009
欧联,146.0,0.469,0.24,0.29,0.486,0.253,0.26,0.652,0.722,25009
欧预赛,8.0,0.505,0.262,0.233,0.625,0.25,0.125,0.631,0.73,25009
法乙,91.0,0.411,0.282,0.307,0.473,0.253,0.275,1.417,0.492,25009
法国杯,11.0,0.456,0.224,0.32,0.545,0.273,0.182,0.962,0.618,25009
法甲,130.0,0.437,0.247,0.317,0.392,0.269,0.338,1.058,0.589,25009
瑞典超,66.0,0.443,0.25,0.306,0.591,0.091,0.318,9.952,0.007,25009
社区盾杯,1.0,0.508,0.243,0.249,0.0,1.0,0.0,3.117,0.21,25009
美洲杯,31.0,0.462,0.248,0.29,0.387,0.323,0.29,1.071,0.585,25009
美职,65.0,0.506,0.238,0.256,0.569,0.2,0.231,1.063,0.588,25009
英冠,132.0,0.425,0.261,0.314,0.424,0.242,0.333,0.34,0.844,25009
英甲,10.0,0.379,0.268,0.354,0.6,0.4,0.0,5.481,0.065,25009
英超,321.0,0.452,0.226,0.322,0.417,0.277,0.305,4.766,0.092,25009
荷乙,60.0,0.452,0.239,0.309,0.35,0.3,0.35,2.663,0.264,25009
荷兰杯,4.0,0.451,0.172,0.378,0.5,0.25,0.25,0.337,0.845,25009
荷甲,39.0,0.395,0.232,0.373,0.333,0.282,0.385,0.804,0.669,25009
葡萄牙杯,5.0,0.415,0.257,0.327,0.4,0.4,0.2,0.646,0.724,25009
葡超,76.0,0.423,0.24,0.337,0.355,0.289,0.355,1.67,0.434,25009
西甲,222.0,0.442,0.259,0.299,0.446,0.252,0.302,0.049,0.976,25009
解放者杯,21.0,0.52,0.254,0.226,0.429,0.286,0.286,0.748,0.688,25009
足总杯,20.0,0.507,0.201,0.292,0.55,0.2,0.25,0.197,0.906,25009
非洲杯,6.0,0.469,0.305,0.225,0.667,0.167,0.167,0.967,0.617,25009
J2联赛,12.0,0.309,0.275,0.417,0.333,0.25,0.417,0.05,0.975,25010
J联赛,25.0,0.418,0.27,0.311,0.52,0.36,0.12,4.301,0.116,25010
世亚预,80.0,0.482,0.212,0.306,0.412,0.312,0.275,4.841,0.089,25010
世南美预,17.0,0.456,0.252,0.292,0.588,0.412,0.0,7.347,0.025,25010
亚冠,35.0,0.498,0.231,0.272,0.6,0.286,0.114,4.389,0.111,25010
亚洲杯,10.0,0.374,0.266,0.36,0.3,0.4,0.3,0.926,0.629,25010
友谊赛,40.0,0.536,0.224,0.24,0.475,0.3,0.225,1.333,0.513,25010
国王杯,3.0,0.51,0.279,0.212,0.333,0.667,0.0,2.437,0.296,25010
天皇杯,31.0,0.385,0.24,0.376,0.452,0.097,0.452,3.475,0.176,25010
奥运女足,22.0,0.468,0.214,0.318,0.5,0.045,0.455,4.264,0.119,25010
奥运男足,27.0,0.421,0.24,0.339,0.481,0.111,0.407,2.465,0.292,25010
德乙,59.0,0.433,0.251,0.316,0.441,0.203,0.356,0.846,0.655,25010
德国杯,19.0,0.451,0.213,0.337,0.579,0.105,0.316,1.745,0.418,25010
德甲,246.0,0.446,0.228,0.326,0.419,0.244,0.337,0.807,0.668,25010
德超杯,1.0,0.549,0.232,0.219,0.0,1.0,0.0,3.308,0.191,25010
意大利杯,18.0,0.579,0.237,0.184,0.778,0.056,0.167,3.749,0.153,25010
意甲,227.0,0.419,0.26,0.321,0.361,0.339,0.3,7.664,0.022,25010
意超杯,1.0,0.535,0.266,0.199,1.0,0.0,0.0,0.869,0.648,25010
挪超,67.0,0.468,0.237,0.295,0.373,0.299,0.328,2.612,0.271,25010
日联杯,10.0,0.276,0.263,0.461,0.3,0.4,0.3,1.294,0.524,25010
欧冠,151.0,0.469,0.228,0.303,0.49,0.199,0.311,0.731,0.694,25010
欧协联,55.0,0.473,0.244,0.282,0.436,0.309,0.255,1.256,0.534,25010
欧国联,112.0,0.446,0.244,0.31,0.438,0.241,0.321,0.073,0.964,25010
欧洲杯,51.0,0.41,0.256,0.333,0.333,0.373,0.294,3.65,0.161,25010
欧洲超级杯,1.0,0.615,0.211,0.174,1.0,0.0,0.0,0.627,0.731,25010
欧联,146.0,0.469,0.24,0.29,0.486,0.253,0.26,0.652,0.722,25010
欧预赛,8.0,0.505,0.262,0.233,0.625,0.25,0.125,0.631,0.73,25010
法乙,93.0,0.411,0.282,0.307,0.473,0.247,0.28,1.514,0.469,25010
法国杯,11.0,0.456,0.224,0.32,0.545,0.273,0.182,0.962,0.618,25010
法甲,132.0,0.435,0.247,0.318,0.402,0.265,0.333,0.628,0.731,25010
瑞典超,66.0,0.443,0.25,0.306,0.591,0.091,0.318,9.952,0.007,25010
社区盾杯,1.0,0.508,0.243,0.249,0.0,1.0,0.0,3.117,0.21,25010
美洲杯,31.0,0.462,0.248,0.29,0.387,0.323,0.29,1.071,0.585,25010
美职,65.0,0.506,0.238,0.256,0.569,0.2,0.231,1.063,0.588,25010
英冠,133.0,0.425,0.262,0.314,0.421,0.248,0.331,0.224,0.894,25010
英甲,10.0,0.379,0.268,0.354,0.6,0.4,0.0,5.481,0.065,25010
英超,321.0,0.452,0.226,0.322,0.417,0.277,0.305,4.766,0.092,25010
荷乙,63.0,0.459,0.237,0.303,0.381,0.286,0.333,1.647,0.439,25010
荷兰杯,4.0,0.451,0.172,0.378,0.5,0.25,0.25,0.337,0.845,25010
荷甲,39.0,0.395,0.232,0.373,0.333,0.282,0.385,0.804,0.669,25010
葡萄牙杯,5.0,0.415,0.257,0.327,0.4,0.4,0.2,0.646,0.724,25010
葡超,77.0,0.428,0.239,0.333,0.364,0.286,0.351,1.505,0.471,25010
西甲,219.0,0.443,0.259,0.298,0.452,0.247,0.301,0.171,0.918,25010
解放者杯,21.0,0.52,0.254,0.226,0.429,0.286,0.286,0.748,0.688,25010
足总杯,18.0,0.502,0.202,0.296,0.556,0.222,0.222,0.472,0.79,25010
非洲杯,6.0,0.469,0.305,0.225,0.667,0.167,0.167,0.967,0.617,25010
J2联赛,12.0,0.309,0.275,0.417,0.333,0.25,0.417,0.05,0.975,25011
J联赛,25.0,0.418,0.27,0.311,0.52,0.36,0.12,4.301,0.116,25011
世亚预,80.0,0.482,0.212,0.306,0.412,0.312,0.275,4.841,0.089,25011
世南美预,17.0,0.456,0.252,0.292,0.588,0.412,0.0,7.347,0.025,25011
亚冠,35.0,0.498,0.231,0.272,0.6,0.286,0.114,4.389,0.111,25011
亚洲杯,6.0,0.313,0.261,0.427,0.167,0.5,0.333,1.849,0.397,25011
友谊赛,40.0,0.536,0.224,0.24,0.475,0.3,0.225,1.333,0.513,25011
国王杯,3.0,0.51,0.279,0.212,0.333,0.667,0.0,2.437,0.296,25011
天皇杯,31.0,0.385,0.24,0.376,0.452,0.097,0.452,3.475,0.176,25011
奥运女足,22.0,0.468,0.214,0.318,0.5,0.045,0.455,4.264,0.119,25011
奥运男足,27.0,0.421,0.24,0.339,0.481,0.111,0.407,2.465,0.292,25011
德乙,59.0,0.433,0.251,0.316,0.441,0.203,0.356,0.846,0.655,25011
德国杯,19.0,0.451,0.213,0.337,0.579,0.105,0.316,1.745,0.418,25011
德甲,251.0,0.449,0.227,0.324,0.422,0.243,0.335,0.752,0.687,25011
德超杯,1.0,0.549,0.232,0.219,0.0,1.0,0.0,3.308,0.191,25011
意大利杯,18.0,0.579,0.237,0.184,0.778,0.056,0.167,3.749,0.153,25011
意甲,228.0,0.42,0.26,0.32,0.364,0.338,0.298,7.31,0.026,25011
意超杯,1.0,0.535,0.266,0.199,1.0,0.0,0.0,0.869,0.648,25011
挪超,67.0,0.468,0.237,0.295,0.373,0.299,0.328,2.612,0.271,25011
日联杯,10.0,0.276,0.263,0.461,0.3,0.4,0.3,1.294,0.524,25011
欧冠,151.0,0.469,0.228,0.303,0.49,0.199,0.311,0.731,0.694,25011
欧协联,55.0,0.473,0.244,0.282,0.436,0.309,0.255,1.256,0.534,25011
欧国联,112.0,0.446,0.244,0.31,0.438,0.241,0.321,0.073,0.964,25011
欧洲杯,51.0,0.41,0.256,0.333,0.333,0.373,0.294,3.65,0.161,25011
欧洲超级杯,1.0,0.615,0.211,0.174,1.0,0.0,0.0,0.627,0.731,25011
欧联,146.0,0.469,0.24,0.29,0.486,0.253,0.26,0.652,0.722,25011
欧预赛,8.0,0.505,0.262,0.233,0.625,0.25,0.125,0.631,0.73,25011
法乙,93.0,0.411,0.282,0.307,0.473,0.247,0.28,1.514,0.469,25011
法国杯,11.0,0.456,0.224,0.32,0.545,0.273,0.182,0.962,0.618,25011
法甲,133.0,0.434,0.247,0.32,0.398,0.263,0.338,0.679,0.712,25011
瑞典超,66.0,0.443,0.25,0.306,0.591,0.091,0.318,9.952,0.007,25011
社区盾杯,1.0,0.508,0.243,0.249,0.0,1.0,0.0,3.117,0.21,25011
美洲杯,31.0,0.462,0.248,0.29,0.387,0.323,0.29,1.071,0.585,25011
美职,65.0,0.506,0.238,0.256,0.569,0.2,0.231,1.063,0.588,25011
英冠,133.0,0.425,0.262,0.314,0.421,0.248,0.331,0.224,0.894,25011
英甲,10.0,0.379,0.268,0.354,0.6,0.4,0.0,5.481,0.065,25011
英超,321.0,0.452,0.226,0.322,0.414,0.277,0.308,4.837,0.089,25011
荷乙,63.0,0.459,0.237,0.303,0.381,0.286,0.333,1.647,0.439,25011
荷兰杯,4.0,0.451,0.172,0.378,0.5,0.25,0.25,0.337,0.845,25011
荷甲,39.0,0.395,0.232,0.373,0.333,0.282,0.385,0.804,0.669,25011
葡萄牙杯,5.0,0.415,0.257,0.327,0.4,0.4,0.2,0.646,0.724,25011
葡超,77.0,0.428,0.239,0.333,0.364,0.286,0.351,1.505,0.471,25011
西甲,220.0,0.442,0.258,0.3,0.445,0.25,0.305,0.083,0.959,25011
解放者杯,21.0,0.52,0.254,0.226,0.429,0.286,0.286,0.748,0.688,25011
足总杯,17.0,0.497,0.201,0.302,0.529,0.235,0.235,0.383,0.826,25011
非洲杯,3.0,0.443,0.304,0.253,0.667,0.333,0.0,1.108,0.575,25011
J2联赛,12.0,0.309,0.275,0.417,0.333,0.25,0.417,0.05,0.975,25012
J联赛,25.0,0.418,0.27,0.311,0.52,0.36,0.12,4.301,0.116,25012
世亚预,80.0,0.482,0.212,0.306,0.412,0.312,0.275,4.841,0.089,25012
世南美预,17.0,0.456,0.252,0.292,0.588,0.412,0.0,7.347,0.025,25012
亚冠,35.0,0.498,0.231,0.272,0.6,0.286,0.114,4.389,0.111,25012
亚洲杯,4.0,0.275,0.304,0.422,0.25,0.5,0.25,0.797,0.671,25012
友谊赛,40.0,0.536,0.224,0.24,0.475,0.3,0.225,1.333,0.513,25012
国王杯,3.0,0.51,0.279,0.212,0.333,0.667,0.0,2.437,0.296,25012
天皇杯,31.0,0.385,0.24,0.376,0.452,0.097,0.452,3.475,0.176,25012
奥运女足,22.0,0.468,0.214,0.318,0.5,0.045,0.455,4.264,0.119,25012
奥运男足,27.0,0.421,0.24,0.339,0.481,0.111,0.407,2.465,0.292,25012
德乙,59.0,0.433,0.251,0.316,0.441,0.203,0.356,0.846,0.655,25012
德国杯,18.0,0.449,0.21,0.341,0.611,0.111,0.278,2.098,0.35,25012
德甲,253.0,0.448,0.228,0.324,0.423,0.241,0.336,0.684,0.71,25012
德超杯,1.0,0.549,0.232,0.219,0.0,1.0,0.0,3.308,0.191,25012
意大利杯,18.0,0.579,0.237,0.184,0.778,0.056,0.167,3.749,0.153,25012
意甲,232.0,0.421,0.26,0.319,0.366,0.336,0.297,7.169,0.028,25012
意超杯,1.0,0.535,0.266,0.199,1.0,0.0,0.0,0.869,0.648,25012
挪超,67.0,0.468,0.237,0.295,0.373,0.299,0.328,2.612,0.271,25012
日联杯,10.0,0.276,0.263,0.461,0.3,0.4,0.3,1.294,0.524,25012
欧冠,151.0,0.469,0.228,0.303,0.49,0.199,0.311,0.731,0.694,25012
欧协联,55.0,0.473,0.244,0.282,0.436,0.309,0.255,1.256,0.534,25012
欧国联,112.0,0.446,0.244,0.31,0.438,0.241,0.321,0.073,0.964,25012
欧洲杯,51.0,0.41,0.256,0.333,0.333,0.373,0.294,3.65,0.161,25012
欧洲超级杯,1.0,0.615,0.211,0.174,1.0,0.0,0.0,0.627,0.731,25012
欧联,146.0,0.469,0.24,0.29,0.486,0.253,0.26,0.652,0.722,25012
欧预赛,8.0,0.505,0.262,0.233,0.625,0.25,0.125,0.631,0.73,25012
法乙,93.0,0.411,0.282,0.307,0.473,0.247,0.28,1.514,0.469,25012
法国杯,11.0,0.456,0.224,0.32,0.545,0.273,0.182,0.962,0.618,25012
法甲,134.0,0.435,0.246,0.319,0.396,0.269,0.336,0.88,0.644,25012
瑞典超,66.0,0.443,0.25,0.306,0.591,0.091,0.318,9.952,0.007,25012
社区盾杯,1.0,0.508,0.243,0.249,0.0,1.0,0.0,3.117,0.21,25012
美洲杯,31.0,0.462,0.248,0.29,0.387,0.323,0.29,1.071,0.585,25012
美职,65.0,0.506,0.238,0.256,0.569,0.2,0.231,1.063,0.588,25012
英冠,132.0,0.425,0.262,0.313,0.424,0.242,0.333,0.351,0.839,25012
英甲,10.0,0.379,0.268,0.354,0.6,0.4,0.0,5.481,0.065,25012
英超,320.0,0.45,0.227,0.324,0.412,0.275,0.312,4.39,0.111,25012
荷乙,63.0,0.459,0.237,0.303,0.381,0.286,0.333,1.647,0.439,25012
荷兰杯,4.0,0.451,0.172,0.378,0.5,0.25,0.25,0.337,0.845,25012
荷甲,39.0,0.395,0.232,0.373,0.333,0.282,0.385,0.804,0.669,25012
葡萄牙杯,5.0,0.415,0.257,0.327,0.4,0.4,0.2,0.646,0.724,25012
葡超,75.0,0.424,0.239,0.337,0.373,0.267,0.36,0.799,0.671,25012
西甲,220.0,0.442,0.259,0.299,0.445,0.255,0.3,0.023,0.989,25012
解放者杯,21.0,0.52,0.254,0.226,0.429,0.286,0.286,0.748,0.688,25012
足总杯,17.0,0.497,0.201,0.302,0.529,0.235,0.235,0.383,0.826,25012
非洲杯,3.0,0.443,0.304,0.253,0.667,0.333,0.0,1.108,0.575,25012
J2联赛,12.0,0.309,0.275,0.417,0.333,0.25,0.417,0.05,0.975,25013
J联赛,25.0,0.418,0.27,0.311,0.52,0.36,0.12,4.301,0.116,25013
世亚预,80.0,0.482,0.212,0.306,0.412,0.312,0.275,4.841,0.089,25013
世南美预,17.0,0.456,0.252,0.292,0.588,0.412,0.0,7.347,0.025,25013
亚冠,35.0,0.498,0.231,0.272,0.6,0.286,0.114,4.389,0.111,25013
亚洲杯,2.0,0.283,0.302,0.415,0.5,0.5,0.0,1.421,0.491,25013
友谊赛,40.0,0.536,0.224,0.24,0.475,0.3,0.225,1.333,0.513,25013
国王杯,3.0,0.51,0.279,0.212,0.333,0.667,0.0,2.437,0.296,25013
天皇杯,31.0,0.385,0.24,0.376,0.452,0.097,0.452,3.475,0.176,25013
奥运女足,22.0,0.468,0.214,0.318,0.5,0.045,0.455,4.264,0.119,25013
奥运男足,27.0,0.421,0.24,0.339,0.481,0.111,0.407,2.465,0.292,25013
德乙,57.0,0.431,0.251,0.317,0.456,0.175,0.368,1.859,0.395,25013
德国杯,18.0,0.449,0.21,0.341,0.611,0.111,0.278,2.098,0.35,25013
德甲,252.0,0.449,0.228,0.323,0.425,0.238,0.337,0.612,0.736,25013
德超杯,1.0,0.549,0.232,0.219,0.0,1.0,0.0,3.308,0.191,25013
意大利杯,18.0,0.579,0.237,0.184,0.778,0.056,0.167,3.749,0.153,25013
意甲,231.0,0.422,0.26,0.319,0.364,0.338,0.299,7.517,0.023,25013
意超杯,1.0,0.535,0.266,0.199,1.0,0.0,0.0,0.869,0.648,25013
挪超,67.0,0.468,0.237,0.295,0.373,0.299,0.328,2.612,0.271,25013
日联杯,10.0,0.276,0.263,0.461,0.3,0.4,0.3,1.294,0.524,25013
欧冠,165.0,0.465,0.227,0.308,0.509,0.188,0.303,1.834,0.4,25013
欧协联,55.0,0.473,0.244,0.282,0.436,0.309,0.255,1.256,0.534,25013
欧国联,112.0,0.446,0.244,0.31,0.438,0.241,0.321,0.073,0.964,25013
欧洲杯,51.0,0.41,0.256,0.333,0.333,0.373,0.294,3.65,0.161,25013
欧洲超级杯,1.0,0.615,0.211,0.174,1.0,0.0,0.0,0.627,0.731,25013
欧联,146.0,0.469,0.24,0.29,0.486,0.253,0.26,0.652,0.722,25013
欧预赛,8.0,0.505,0.262,0.233,0.625,0.25,0.125,0.631,0.73,25013
法乙,93.0,0.411,0.282,0.307,0.473,0.247,0.28,1.514,0.469,25013
法国杯,11.0,0.456,0.224,0.32,0.545,0.273,0.182,0.962,0.618,25013
法甲,133.0,0.437,0.247,0.316,0.398,0.271,0.331,0.857,0.651,25013
瑞典超,66.0,0.443,0.25,0.306,0.591,0.091,0.318,9.952,0.007,25013
社区盾杯,1.0,0.508,0.243,0.249,0.0,1.0,0.0,3.117,0.21,25013
美洲杯,31.0,0.462,0.248,0.29,0.387,0.323,0.29,1.071,0.585,25013
美职,65.0,0.506,0.238,0.256,0.569,0.2,0.231,1.063,0.588,25013
英冠,131.0,0.427,0.262,0.312,0.427,0.244,0.328,0.264,0.877,25013
英甲,10.0,0.379,0.268,0.354,0.6,0.4,0.0,5.481,0.065,25013
英超,320.0,0.45,0.227,0.324,0.412,0.275,0.312,4.39,0.111,25013
荷乙,61.0,0.458,0.237,0.305,0.393,0.262,0.344,1.015,0.602,25013
荷兰杯,4.0,0.451,0.172,0.378,0.5,0.25,0.25,0.337,0.845,25013
荷甲,38.0,0.394,0.231,0.376,0.316,0.289,0.395,1.19,0.552,25013
葡萄牙杯,5.0,0.415,0.257,0.327,0.4,0.4,0.2,0.646,0.724,25013
葡超,75.0,0.424,0.239,0.337,0.373,0.267,0.36,0.799,0.671,25013
西甲,219.0,0.441,0.259,0.3,0.443,0.256,0.301,0.012,0.994,25013
解放者杯,21.0,0.52,0.254,0.226,0.429,0.286,0.286,0.748,0.688,25013
足总杯,17.0,0.497,0.201,0.302,0.529,0.235,0.235,0.383,0.826,25013
非洲杯,1.0,0.317,0.325,0.358,0.0,1.0,0.0,2.076,0.354,25013
J2联赛,12.0,0.309,0.275,0.417,0.333,0.25,0.417,0.05,0.975,25014
J联赛,25.0,0.418,0.27,0.311,0.52,0.36,0.12,4.301,0.116,25014
世亚预,80.0,0.482,0.212,0.306,0.412,0.312,0.275,4.841,0.089,25014
世南美预,17.0,0.456,0.252,0.292,0.588,0.412,0.0,7.347,0.025,25014
亚冠,35.0,0.498,0.231,0.272,0.6,0.286,0.114,4.389,0.111,25014
友谊赛,40.0,0.536,0.224,0.24,0.475,0.3,0.225,1.333,0.513,25014
国王杯,3.0,0.51,0.279,0.212,0.333,0.667,0.0,2.437,0.296,25014
天皇杯,31.0,0.385,0.24,0.376,0.452,0.097,0.452,3.475,0.176,25014
奥运女足,22.0,0.468,0.214,0.318,0.5,0.045,0.455,4.264,0.119,25014
奥运男足,27.0,0.421,0.24,0.339,0.481,0.111,0.407,2.465,0.292,25014
德乙,57.0,0.431,0.251,0.317,0.456,0.175,0.368,1.859,0.395,25014
德国杯,18.0,0.449,0.21,0.341,0.611,0.111,0.278,2.098,0.35,25014
德甲,246.0,0.45,0.227,0.322,0.427,0.24,0.333,0.555,0.758,25014
德超杯,1.0,0.549,0.232,0.219,0.0,1.0,0.0,3.308,0.191,25014
意大利杯,18.0,0.579,0.237,0.184,0.778,0.056,0.167,3.749,0.153,25014
意甲,231.0,0.422,0.26,0.319,0.364,0.338,0.299,7.517,0.023,25014
意超杯,1.0,0.535,0.266,0.199,1.0,0.0,0.0,0.869,0.648,25014
挪超,67.0,0.468,0.237,0.295,0.373,0.299,0.328,2.612,0.271,25014
日联杯,10.0,0.276,0.263,0.461,0.3,0.4,0.3,1.294,0.524,25014
欧冠,165.0,0.465,0.227,0.308,0.509,0.188,0.303,1.834,0.4,25014
欧协联,55.0,0.473,0.244,0.282,0.436,0.309,0.255,1.256,0.534,25014
欧国联,112.0,0.446,0.244,0.31,0.438,0.241,0.321,0.073,0.964,25014
欧洲杯,51.0,0.41,0.256,0.333,0.333,0.373,0.294,3.65,0.161,25014
欧洲超级杯,1.0,0.615,0.211,0.174,1.0,0.0,0.0,0.627,0.731,25014
欧联,160.0,0.464,0.242,0.293,0.5,0.231,0.269,0.849,0.654,25014
欧预赛,8.0,0.505,0.262,0.233,0.625,0.25,0.125,0.631,0.73,25014
法乙,93.0,0.411,0.282,0.307,0.473,0.247,0.28,1.514,0.469,25014
法国杯,11.0,0.456,0.224,0.32,0.545,0.273,0.182,0.962,0.618,25014
法甲,133.0,0.437,0.247,0.316,0.398,0.271,0.331,0.857,0.651,25014
瑞典超,66.0,0.443,0.25,0.306,0.591,0.091,0.318,9.952,0.007,25014
社区盾杯,1.0,0.508,0.243,0.249,0.0,1.0,0.0,3.117,0.21,25014
美洲杯,31.0,0.462,0.248,0.29,0.387,0.323,0.29,1.071,0.585,25014
美职,65.0,0.506,0.238,0.256,0.569,0.2,0.231,1.063,0.588,25014
英冠,131.0,0.427,0.262,0.312,0.427,0.244,0.328,0.264,0.877,25014
英甲,10.0,0.379,0.268,0.354,0.6,0.4,0.0,5.481,0.065,25014
英超,315.0,0.45,0.226,0.323,0.416,0.27,0.314,3.534,0.171,25014
荷乙,61.0,0.458,0.237,0.305,0.393,0.262,0.344,1.015,0.602,25014
荷兰杯,4.0,0.451,0.172,0.378,0.5,0.25,0.25,0.337,0.845,25014
荷甲,38.0,0.394,0.231,0.376,0.316,0.289,0.395,1.19,0.552,25014
葡萄牙杯,5.0,0.415,0.257,0.327,0.4,0.4,0.2,0.646,0.724,25014
葡超,75.0,0.424,0.239,0.337,0.373,0.267,0.36,0.799,0.671,25014
西甲,219.0,0.441,0.259,0.3,0.443,0.256,0.301,0.012,0.994,25014
解放者杯,21.0,0.52,0.254,0.226,0.429,0.286,0.286,0.748,0.688,25014
足总杯,17.0,0.497,0.201,0.302,0.529,0.235,0.235,0.383,0.826,25014
J2联赛,12.0,0.309,0.275,0.417,0.333,0.25,0.417,0.05,0.975,25015
J联赛,25.0,0.418,0.27,0.311,0.52,0.36,0.12,4.301,0.116,25015
世亚预,80.0,0.482,0.212,0.306,0.412,0.312,0.275,4.841,0.089,25015
世南美预,17.0,0.456,0.252,0.292,0.588,0.412,0.0,7.347,0.025,25015
亚冠,35.0,0.498,0.231,0.272,0.6,0.286,0.114,4.389,0.111,25015
友谊赛,40.0,0.536,0.224,0.24,0.475,0.3,0.225,1.333,0.513,25015
国王杯,3.0,0.51,0.279,0.212,0.333,0.667,0.0,2.437,0.296,25015
天皇杯,31.0,0.385,0.24,0.376,0.452,0.097,0.452,3.475,0.176,25015
奥运女足,22.0,0.468,0.214,0.318,0.5,0.045,0.455,4.264,0.119,25015
奥运男足,27.0,0.421,0.24,0.339,0.481,0.111,0.407,2.465,0.292,25015
德乙,59.0,0.434,0.251,0.315,0.441,0.186,0.373,1.615,0.446,25015
德国杯,18.0,0.449,0.21,0.341,0.611,0.111,0.278,2.098,0.35,25015
德甲,245.0,0.45,0.227,0.323,0.424,0.241,0.335,0.657,0.72,25015
德超杯,1.0,0.549,0.232,0.219,0.0,1.0,0.0,3.308,0.191,25015
意大利杯,18.0,0.579,0.237,0.184,0.778,0.056,0.167,3.749,0.153,25015
意甲,228.0,0.419,0.26,0.321,0.36,0.338,0.303,7.442,0.024,25015
意超杯,1.0,0.535,0.266,0.199,1.0,0.0,0.0,0.869,0.648,25015
挪超,67.0,0.468,0.237,0.295,0.373,0.299,0.328,2.612,0.271,25015
日联杯,10.0,0.276,0.263,0.461,0.3,0.4,0.3,1.294,0.524,25015
欧冠,165.0,0.465,0.227,0.308,0.509,0.188,0.303,1.834,0.4,25015
欧协联,55.0,0.473,0.244,0.282,0.436,0.309,0.255,1.256,0.534,25015
欧国联,112.0,0.446,0.244,0.31,0.438,0.241,0.321,0.073,0.964,25015
欧洲杯,51.0,0.41,0.256,0.333,0.333,0.373,0.294,3.65,0.161,25015
欧洲超级杯,1.0,0.615,0.211,0.174,1.0,0.0,0.0,0.627,0.731,25015
欧联,160.0,0.464,0.242,0.293,0.5,0.231,0.269,0.849,0.654,25015
欧预赛,8.0,0.505,0.262,0.233,0.625,0.25,0.125,0.631,0.73,25015
法乙,96.0,0.411,0.282,0.307,0.479,0.24,0.281,1.913,0.384,25015
法国杯,11.0,0.456,0.224,0.32,0.545,0.273,0.182,0.962,0.618,25015
法甲,134.0,0.438,0.247,0.316,0.396,0.276,0.328,1.077,0.583,25015
瑞典超,66.0,0.443,0.25,0.306,0.591,0.091,0.318,9.952,0.007,25015
社区盾杯,1.0,0.508,0.243,0.249,0.0,1.0,0.0,3.117,0.21,25015
美洲杯,31.0,0.462,0.248,0.29,0.387,0.323,0.29,1.071,0.585,25015
美职,65.0,0.506,0.238,0.256,0.569,0.2,0.231,1.063,0.588,25015
英冠,132.0,0.428,0.262,0.311,0.424,0.242,0.333,0.402,0.818,25015
英甲,10.0,0.379,0.268,0.354,0.6,0.4,0.0,5.481,0.065,25015
英超,311.0,0.449,0.226,0.325,0.415,0.27,0.315,3.522,0.172,25015
荷乙,63.0,0.462,0.236,0.301,0.413,0.254,0.333,0.627,0.731,25015
荷兰杯,4.0,0.451,0.172,0.378,0.5,0.25,0.25,0.337,0.845,25015
荷甲,39.0,0.389,0.231,0.379,0.308,0.308,0.385,1.654,0.437,25015
葡萄牙杯,5.0,0.415,0.257,0.327,0.4,0.4,0.2,0.646,0.724,25015
葡超,76.0,0.423,0.24,0.336,0.382,0.263,0.355,0.559,0.756,25015
西甲,216.0,0.439,0.259,0.302,0.449,0.25,0.301,0.114,0.945,25015
解放者杯,21.0,0.52,0.254,0.226,0.429,0.286,0.286,0.748,0.688,25015
足总杯,17.0,0.497,0.201,0.302,0.529,0.235,0.235,0.383,0.826,25015
J2联赛,12.0,0.309,0.275,0.417,0.333,0.25,0.417,0.05,0.975,25016
J联赛,25.0,0.418,0.27,0.311,0.52,0.36,0.12,4.301,0.116,25016
世亚预,80.0,0.482,0.212,0.306,0.412,0.312,0.275,4.841,0.089,25016
世南美预,17.0,0.456,0.252,0.292,0.588,0.412,0.0,7.347,0.025,25016
亚冠,35.0,0.498,0.231,0.272,0.6,0.286,0.114,4.389,0.111,25016
友谊赛,40.0,0.536,0.224,0.24,0.475,0.3,0.225,1.333,0.513,25016
国王杯,3.0,0.51,0.279,0.212,0.333,0.667,0.0,2.437,0.296,25016
天皇杯,31.0,0.385,0.24,0.376,0.452,0.097,0.452,3.475,0.176,25016
奥运女足,22.0,0.468,0.214,0.318,0.5,0.045,0.455,4.264,0.119,25016
奥运男足,27.0,0.421,0.24,0.339,0.481,0.111,0.407,2.465,0.292,25016
德乙,59.0,0.434,0.251,0.315,0.441,0.186,0.373,1.615,0.446,25016
德国杯,18.0,0.449,0.21,0.341,0.611,0.111,0.278,2.098,0.35,25016
德甲,248.0,0.45,0.227,0.323,0.423,0.242,0.335,0.71,0.701,25016
德超杯,1.0,0.549,0.232,0.219,0.0,1.0,0.0,3.308,0.191,25016
意大利杯,18.0,0.579,0.237,0.184,0.778,0.056,0.167,3.749,0.153,25016
意甲,225.0,0.421,0.26,0.319,0.364,0.333,0.302,6.522,0.038,25016
意超杯,1.0,0.535,0.266,0.199,1.0,0.0,0.0,0.869,0.648,25016
挪超,67.0,0.468,0.237,0.295,0.373,0.299,0.328,2.612,0.271,25016
日联杯,10.0,0.276,0.263,0.461,0.3,0.4,0.3,1.294,0.524,25016
欧冠,165.0,0.465,0.227,0.308,0.509,0.188,0.303,1.834,0.4,25016
欧协联,55.0,0.473,0.244,0.282,0.436,0.309,0.255,1.256,0.534,25016
欧国联,112.0,0.446,0.244,0.31,0.438,0.241,0.321,0.073,0.964,25016
欧洲杯,51.0,0.41,0.256,0.333,0.333,0.373,0.294,3.65,0.161,25016
欧洲超级杯,1.0,0.615,0.211,0.174,1.0,0.0,0.0,0.627,0.731,25016
欧联,160.0,0.464,0.242,0.293,0.5,0.231,0.269,0.849,0.654,25016
欧预赛,8.0,0.505,0.262,0.233,0.625,0.25,0.125,0.631,0.73,25016
法乙,96.0,0.411,0.282,0.307,0.479,0.24,0.281,1.913,0.384,25016
法国杯,11.0,0.456,0.224,0.32,0.545,0.273,0.182,0.962,0.618,25016
法甲,131.0,0.437,0.246,0.317,0.397,0.275,0.328,0.961,0.618,25016
瑞典超,66.0,0.443,0.25,0.306,0.591,0.091,0.318,9.952,0.007,25016
社区盾杯,1.0,0.508,0.243,0.249,0.0,1.0,0.0,3.117,0.21,25016
美洲杯,31.0,0.462,0.248,0.29,0.387,0.323,0.29,1.071,0.585,25016
美职,65.0,0.506,0.238,0.256,0.569,0.2,0.231,1.063,0.588,25016
英冠,132.0,0.428,0.262,0.311,0.424,0.242,0.333,0.402,0.818,25016
英甲,10.0,0.379,0.268,0.354,0.6,0.4,0.0,5.481,0.065,25016
英超,315.0,0.45,0.226,0.324,0.419,0.267,0.314,3.055,0.217,25016
荷乙,63.0,0.462,0.236,0.301,0.413,0.254,0.333,0.627,0.731,25016
荷兰杯,4.0,0.451,0.172,0.378,0.5,0.25,0.25,0.337,0.845,25016
荷甲,39.0,0.389,0.231,0.379,0.308,0.308,0.385,1.654,0.437,25016
葡萄牙杯,5.0,0.415,0.257,0.327,0.4,0.4,0.2,0.646,0.724,25016
葡超,76.0,0.423,0.24,0.336,0.382,0.263,0.355,0.559,0.756,25016
西甲,215.0,0.439,0.258,0.303,0.451,0.247,0.302,0.179,0.914,25016
解放者杯,21.0,0.52,0.254,0.226,0.429,0.286,0.286,0.748,0.688,25016
足总杯,17.0,0.497,0.201,0.302,0.529,0.235,0.235,0.383,0.826,25016
J2联赛,12.0,0.309,0.275,0.417,0.333,0.25,0.417,0.05,0.975,25017
J联赛,25.0,0.418,0.27,0.311,0.52,0.36,0.12,4.301,0.116,25017
世亚预,80.0,0.482,0.212,0.306,0.412,0.312,0.275,4.841,0.089,25017
世南美预,17.0,0.456,0.252,0.292,0.588,0.412,0.0,7.347,0.025,25017
亚冠,30.0,0.489,0.232,0.279,0.633,0.267,0.1,4.889,0.087,25017
友谊赛,40.0,0.536,0.224,0.24,0.475,0.3,0.225,1.333,0.513,25017
国王杯,3.0,0.51,0.279,0.212,0.333,0.667,0.0,2.437,0.296,25017
天皇杯,31.0,0.385,0.24,0.376,0.452,0.097,0.452,3.475,0.176,25017
奥运女足,22.0,0.468,0.214,0.318,0.5,0.045,0.455,4.264,0.119,25017
奥运男足,27.0,0.421,0.24,0.339,0.481,0.111,0.407,2.465,0.292,25017
德乙,61.0,0.433,0.251,0.316,0.443,0.18,0.377,1.962,0.375,25017
德国杯,18.0,0.449,0.21,0.341,0.611,0.111,0.278,2.098,0.35,25017
德甲,249.0,0.451,0.227,0.322,0.426,0.241,0.333,0.676,0.713,25017
德超杯,1.0,0.549,0.232,0.219,0.0,1.0,0.0,3.308,0.191,25017
意大利杯,18.0,0.579,0.237,0.184,0.778,0.056,0.167,3.749,0.153,25017
意甲,226.0,0.42,0.26,0.319,0.363,0.332,0.305,6.353,0.042,25017
意超杯,1.0,0.535,0.266,0.199,1.0,0.0,0.0,0.869,0.648,25017
挪超,67.0,0.468,0.237,0.295,0.373,0.299,0.328,2.612,0.271,25017
日联杯,10.0,0.276,0.263,0.461,0.3,0.4,0.3,1.294,0.524,25017
欧冠,161.0,0.467,0.227,0.307,0.509,0.18,0.311,2.168,0.338,25017
欧协联,55.0,0.473,0.244,0.282,0.436,0.309,0.255,1.256,0.534,25017
欧国联,112.0,0.446,0.244,0.31,0.438,0.241,0.321,0.073,0.964,25017
欧洲杯,51.0,0.41,0.256,0.333,0.333,0.373,0.294,3.65,0.161,25017
欧洲超级杯,1.0,0.615,0.211,0.174,1.0,0.0,0.0,0.627,0.731,25017
欧联,160.0,0.464,0.242,0.293,0.5,0.231,0.269,0.849,0.654,25017
欧预赛,8.0,0.505,0.262,0.233,0.625,0.25,0.125,0.631,0.73,25017
法乙,99.0,0.413,0.282,0.305,0.475,0.242,0.283,1.621,0.445,25017
法国杯,11.0,0.456,0.224,0.32,0.545,0.273,0.182,0.962,0.618,25017
法甲,133.0,0.438,0.246,0.316,0.398,0.271,0.331,0.895,0.639,25017
瑞典超,66.0,0.443,0.25,0.306,0.591,0.091,0.318,9.952,0.007,25017
社区盾杯,1.0,0.508,0.243,0.249,0.0,1.0,0.0,3.117,0.21,25017
美洲杯,31.0,0.462,0.248,0.29,0.387,0.323,0.29,1.071,0.585,25017
美职,65.0,0.506,0.238,0.256,0.569,0.2,0.231,1.063,0.588,25017
英冠,128.0,0.425,0.262,0.312,0.43,0.242,0.328,0.311,0.856,25017
英甲,10.0,0.379,0.268,0.354,0.6,0.4,0.0,5.481,0.065,25017
英超,314.0,0.449,0.226,0.324,0.417,0.268,0.315,3.131,0.209,25017
荷乙,65.0,0.463,0.237,0.3,0.415,0.246,0.338,0.675,0.714,25017
荷兰杯,4.0,0.451,0.172,0.378,0.5,0.25,0.25,0.337,0.845,25017
荷甲,39.0,0.389,0.231,0.379,0.308,0.308,0.385,1.654,0.437,25017
葡萄牙杯,5.0,0.415,0.257,0.327,0.4,0.4,0.2,0.646,0.724,25017
葡超,77.0,0.422,0.241,0.337,0.377,0.273,0.351,0.743,0.69,25017
西甲,216.0,0.44,0.258,0.302,0.454,0.245,0.301,0.218,0.897,25017
解放者杯,21.0,0.52,0.254,0.226,0.429,0.286,0.286,0.748,0.688,25017
足总杯,18.0,0.51,0.199,0.291,0.556,0.222,0.222,0.413,0.813,25017
J2联赛,12.0,0.309,0.275,0.417,0.333,0.25,0.417,0.05,0.975,25018
J联赛,25.0,0.418,0.27,0.311,0.52,0.36,0.12,4.301,0.116,25018
世亚预,80.0,0.482,0.212,0.306,0.412,0.312,0.275,4.841,0.089,25018
世南美预,17.0,0.456,0.252,0.292,0.588,0.412,0.0,7.347,0.025,25018
亚冠,30.0,0.489,0.232,0.279,0.633,0.267,0.1,4.889,0.087,25018
友谊赛,40.0,0.536,0.224,0.24,0.475,0.3,0.225,1.333,0.513,25018
国王杯,3.0,0.51,0.279,0.212,0.333,0.667,0.0,2.437,0.296,25018
天皇杯,31.0,0.385,0.24,0.376,0.452,0.097,0.452,3.475,0.176,25018
奥运女足,22.0,0.468,0.214,0.318,0.5,0.045,0.455,4.264,0.119,25018
奥运男足,27.0,0.421,0.24,0.339,0.481,0.111,0.407,2.465,0.292,25018
德乙,61.0,0.433,0.251,0.316,0.443,0.18,0.377,1.962,0.375,25018
德国杯,18.0,0.449,0.21,0.341,0.611,0.111,0.278,2.098,0.35,25018
德甲,253.0,0.451,0.228,0.322,0.419,0.249,0.332,1.155,0.561,25018
德超杯,1.0,0.549,0.232,0.219,0.0,1.0,0.0,3.308,0.191,25018
意大利杯,18.0,0.579,0.237,0.184,0.778,0.056,0.167,3.749,0.153,25018
意甲,228.0,0.419,0.261,0.32,0.36,0.333,0.307,6.68,0.035,25018
意超杯,1.0,0.535,0.266,0.199,1.0,0.0,0.0,0.869,0.648,25018
挪超,67.0,0.468,0.237,0.295,0.373,0.299,0.328,2.612,0.271,25018
日联杯,10.0,0.276,0.263,0.461,0.3,0.4,0.3,1.294,0.524,25018
欧冠,161.0,0.467,0.227,0.307,0.509,0.18,0.311,2.168,0.338,25018
欧协联,49.0,0.477,0.241,0.281,0.49,0.327,0.184,3.14,0.208,25018
欧国联,112.0,0.446,0.244,0.31,0.438,0.241,0.321,0.073,0.964,25018
欧洲杯,51.0,0.41,0.256,0.333,0.333,0.373,0.294,3.65,0.161,25018
欧洲超级杯,1.0,0.615,0.211,0.174,1.0,0.0,0.0,0.627,0.731,25018
欧联,152.0,0.466,0.242,0.292,0.507,0.217,0.276,1.062,0.588,25018
欧预赛,8.0,0.505,0.262,0.233,0.625,0.25,0.125,0.631,0.73,25018
法乙,99.0,0.413,0.282,0.305,0.475,0.242,0.283,1.621,0.445,25018
法国杯,11.0,0.456,0.224,0.32,0.545,0.273,0.182,0.962,0.618,25018
法甲,135.0,0.44,0.246,0.314,0.4,0.267,0.333,0.897,0.639,25018
瑞典超,66.0,0.443,0.25,0.306,0.591,0.091,0.318,9.952,0.007,25018
社区盾杯,1.0,0.508,0.243,0.249,0.0,1.0,0.0,3.117,0.21,25018
美洲杯,31.0,0.462,0.248,0.29,0.387,0.323,0.29,1.071,0.585,25018
美职,65.0,0.506,0.238,0.256,0.569,0.2,0.231,1.063,0.588,25018
英冠,128.0,0.425,0.262,0.312,0.43,0.242,0.328,0.311,0.856,25018
英甲,10.0,0.379,0.268,0.354,0.6,0.4,0.0,5.481,0.065,25018
英超,314.0,0.449,0.226,0.324,0.417,0.268,0.315,3.131,0.209,25018
荷乙,65.0,0.463,0.237,0.3,0.415,0.246,0.338,0.675,0.714,25018
荷兰杯,4.0,0.451,0.172,0.378,0.5,0.25,0.25,0.337,0.845,25018
荷甲,39.0,0.389,0.231,0.379,0.308,0.308,0.385,1.654,0.437,25018
葡萄牙杯,5.0,0.415,0.257,0.327,0.4,0.4,0.2,0.646,0.724,25018
葡超,77.0,0.422,0.241,0.337,0.377,0.273,0.351,0.743,0.69,25018
西甲,219.0,0.44,0.258,0.303,0.452,0.247,0.301,0.181,0.914,25018
解放者杯,21.0,0.52,0.254,0.226,0.429,0.286,0.286,0.748,0.688,25018
足总杯,21.0,0.493,0.209,0.298,0.524,0.19,0.286,0.084,0.959,25018
J2联赛,12.0,0.309,0.275,0.417,0.333,0.25,0.417,0.05,0.975,25019
J联赛,25.0,0.418,0.27,0.311,0.52,0.36,0.12,4.301,0.116,25019
世亚预,80.0,0.482,0.212,0.306,0.412,0.312,0.275,4.841,0.089,25019
世南美预,17.0,0.456,0.252,0.292,0.588,0.412,0.0,7.347,0.025,25019
亚冠,30.0,0.489,0.232,0.279,0.633,0.267,0.1,4.889,0.087,25019
友谊赛,40.0,0.536,0.224,0.24,0.475,0.3,0.225,1.333,0.513,25019
国王杯,3.0,0.51,0.279,0.212,0.333,0.667,0.0,2.437,0.296,25019
天皇杯,31.0,0.385,0.24,0.376,0.452,0.097,0.452,3.475,0.176,25019
奥运女足,22.0,0.468,0.214,0.318,0.5,0.045,0.455,4.264,0.119,25019
奥运男足,27.0,0.421,0.24,0.339,0.481,0.111,0.407,2.465,0.292,25019
德乙,59.0,0.436,0.251,0.313,0.458,0.186,0.356,1.381,0.501,25019
德国杯,18.0,0.449,0.21,0.341,0.611,0.111,0.278,2.098,0.35,25019
德甲,254.0,0.45,0.228,0.322,0.417,0.252,0.331,1.293,0.524,25019
德超杯,1.0,0.549,0.232,0.219,0.0,1.0,0.0,3.308,0.191,25019
意大利杯,18.0,0.579,0.237,0.184,0.778,0.056,0.167,3.749,0.153,25019
意甲,231.0,0.42,0.26,0.32,0.359,0.338,0.303,7.56,0.023,25019
意超杯,1.0,0.535,0.266,0.199,1.0,0.0,0.0,0.869,0.648,25019
挪超,67.0,0.468,0.237,0.295,0.373,0.299,0.328,2.612,0.271,25019
日联杯,10.0,0.276,0.263,0.461,0.3,0.4,0.3,1.294,0.524,25019
欧冠,161.0,0.467,0.227,0.307,0.509,0.18,0.311,2.168,0.338,25019
欧协联,49.0,0.477,0.241,0.281,0.49,0.327,0.184,3.14,0.208,25019
欧国联,112.0,0.446,0.244,0.31,0.438,0.241,0.321,0.073,0.964,25019
欧洲杯,51.0,0.41,0.256,0.333,0.333,0.373,0.294,3.65,0.161,25019
欧洲超级杯,1.0,0.615,0.211,0.174,1.0,0.0,0.0,0.627,0.731,25019
欧联,152.0,0.466,0.242,0.292,0.507,0.217,0.276,1.062,0.588,25019
欧预赛,8.0,0.505,0.262,0.233,0.625,0.25,0.125,0.631,0.73,25019
法乙,99.0,0.413,0.282,0.305,0.475,0.242,0.283,1.621,0.445,25019
法国杯,11.0,0.456,0.224,0.32,0.545,0.273,0.182,0.962,0.618,25019
法甲,137.0,0.44,0.246,0.315,0.401,0.27,0.328,0.875,0.646,25019
瑞典超,66.0,0.443,0.25,0.306,0.591,0.091,0.318,9.952,0.007,25019
社区盾杯,1.0,0.508,0.243,0.249,0.0,1.0,0.0,3.117,0.21,25019
美洲杯,31.0,0.462,0.248,0.29,0.387,0.323,0.29,1.071,0.585,25019
美职,65.0,0.506,0.238,0.256,0.569,0.2,0.231,1.063,0.588,25019
英冠,126.0,0.424,0.263,0.313,0.429,0.246,0.325,0.196,0.906,25019
英甲,9.0,0.382,0.265,0.354,0.667,0.333,0.0,5.255,0.072,25019
英超,314.0,0.449,0.226,0.324,0.417,0.268,0.315,3.131,0.209,25019
荷乙,62.0,0.454,0.239,0.307,0.435,0.226,0.339,0.295,0.863,25019
荷兰杯,4.0,0.451,0.172,0.378,0.5,0.25,0.25,0.337,0.845,25019
荷甲,38.0,0.382,0.233,0.386,0.289,0.316,0.395,1.985,0.371,25019
葡萄牙杯,5.0,0.415,0.257,0.327,0.4,0.4,0.2,0.646,0.724,25019
葡超,77.0,0.424,0.24,0.335,0.377,0.273,0.351,0.8,0.67,25019
西甲,220.0,0.44,0.258,0.302,0.459,0.245,0.295,0.342,0.843,25019
解放者杯,21.0,0.52,0.254,0.226,0.429,0.286,0.286,0.748,0.688,25019
足总杯,23.0,0.478,0.206,0.316,0.565,0.174,0.261,0.706,0.703,25019
J2联赛,12.0,0.309,0.275,0.417,0.333,0.25,0.417,0.05,0.975,25020
J联赛,25.0,0.418,0.27,0.311,0.52,0.36,0.12,4.301,0.116,25020
世亚预,80.0,0.482,0.212,0.306,0.412,0.312,0.275,4.841,0.089,25020
世南美预,17.0,0.456,0.252,0.292,0.588,0.412,0.0,7.347,0.025,25020
亚冠,31.0,0.491,0.232,0.277,0.645,0.258,0.097,5.23,0.073,25020
友谊赛,40.0,0.536,0.224,0.24,0.475,0.3,0.225,1.333,0.513,25020
国王杯,3.0,0.51,0.279,0.212,0.333,0.667,0.0,2.437,0.296,25020
天皇杯,31.0,0.385,0.24,0.376,0.452,0.097,0.452,3.475,0.176,25020
奥运女足,22.0,0.468,0.214,0.318,0.5,0.045,0.455,4.264,0.119,25020
奥运男足,27.0,0.421,0.24,0.339,0.481,0.111,0.407,2.465,0.292,25020
德乙,59.0,0.436,0.251,0.313,0.458,0.186,0.356,1.381,0.501,25020
德国杯,18.0,0.449,0.21,0.341,0.611,0.111,0.278,2.098,0.35,25020
德甲,249.0,0.448,0.228,0.324,0.418,0.245,0.337,0.945,0.623,25020
德超杯,1.0,0.549,0.232,0.219,0.0,1.0,0.0,3.308,0.191,25020
意大利杯,18.0,0.579,0.237,0.184,0.778,0.056,0.167,3.749,0.153,25020
意甲,231.0,0.42,0.26,0.32,0.359,0.338,0.303,7.56,0.023,25020
意超杯,1.0,0.535,0.266,0.199,1.0,0.0,0.0,0.869,0.648,25020
挪超,67.0,0.468,0.237,0.295,0.373,0.299,0.328,2.612,0.271,25020
日联杯,10.0,0.276,0.263,0.461,0.3,0.4,0.3,1.294,0.524,25020
欧冠,169.0,0.459,0.227,0.313,0.503,0.172,0.325,3.09,0.213,25020
欧协联,49.0,0.477,0.241,0.281,0.49,0.327,0.184,3.14,0.208,25020
欧国联,112.0,0.446,0.244,0.31,0.438,0.241,0.321,0.073,0.964,25020
欧洲杯,51.0,0.41,0.256,0.333,0.333,0.373,0.294,3.65,0.161,25020
欧洲超级杯,1.0,0.615,0.211,0.174,1.0,0.0,0.0,0.627,0.731,25020
欧联,152.0,0.466,0.242,0.292,0.507,0.217,0.276,1.062,0.588,25020
欧预赛,8.0,0.505,0.262,0.233,0.625,0.25,0.125,0.631,0.73,25020
法乙,99.0,0.413,0.282,0.305,0.475,0.242,0.283,1.621,0.445,25020
法国杯,11.0,0.456,0.224,0.32,0.545,0.273,0.182,0.962,0.618,25020
法甲,137.0,0.44,0.246,0.315,0.401,0.27,0.328,0.875,0.646,25020
瑞典超,66.0,0.443,0.25,0.306,0.591,0.091,0.318,9.952,0.007,25020
社区盾杯,1.0,0.508,0.243,0.249,0.0,1.0,0.0,3.117,0.21,25020
美洲杯,31.0,0.462,0.248,0.29,0.387,0.323,0.29,1.071,0.585,25020
美职,65.0,0.506,0.238,0.256,0.569,0.2,0.231,1.063,0.588,25020
英冠,130.0,0.424,0.262,0.314,0.431,0.238,0.331,0.414,0.813,25020
英甲,9.0,0.382,0.265,0.354,0.667,0.333,0.0,5.255,0.072,25020
英超,309.0,0.447,0.226,0.327,0.414,0.272,0.314,3.7,0.157,25020
荷乙,62.0,0.454,0.239,0.307,0.435,0.226,0.339,0.295,0.863,25020
荷兰杯,4.0,0.451,0.172,0.378,0.5,0.25,0.25,0.337,0.845,25020
荷甲,38.0,0.382,0.233,0.386,0.289,0.316,0.395,1.985,0.371,25020
葡萄牙杯,5.0,0.415,0.257,0.327,0.4,0.4,0.2,0.646,0.724,25020
葡超,77.0,0.424,0.24,0.335,0.377,0.273,0.351,0.8,0.67,25020
西甲,217.0,0.44,0.258,0.302,0.461,0.24,0.3,0.5,0.779,25020
解放者杯,21.0,0.52,0.254,0.226,0.429,0.286,0.286,0.748,0.688,25020
足总杯,23.0,0.478,0.206,0.316,0.565,0.174,0.261,0.706,0.703,25020
J2联赛,12.0,0.309,0.275,0.417,0.333,0.25,0.417,0.05,0.975,25021
J联赛,25.0,0.418,0.27,0.311,0.52,0.36,0.12,4.301,0.116,25021
世亚预,80.0,0.482,0.212,0.306,0.412,0.312,0.275,4.841,0.089,25021
世南美预,17.0,0.456,0.252,0.292,0.588,0.412,0.0,7.347,0.025,25021
亚冠,31.0,0.491,0.232,0.277,0.645,0.258,0.097,5.23,0.073,25021
友谊赛,40.0,0.536,0.224,0.24,0.475,0.3,0.225,1.333,0.513,25021
国王杯,3.0,0.51,0.279,0.212,0.333,0.667,0.0,2.437,0.296,25021
天皇杯,31.0,0.385,0.24,0.376,0.452,0.097,0.452,3.475,0.176,25021
奥运女足,22.0,0.468,0.214,0.318,0.5,0.045,0.455,4.264,0.119,25021
奥运男足,27.0,0.421,0.24,0.339,0.481,0.111,0.407,2.465,0.292,25021
德乙,59.0,0.436,0.251,0.313,0.458,0.186,0.356,1.381,0.501,25021
德国杯,18.0,0.449,0.21,0.341,0.611,0.111,0.278,2.098,0.35,25021
德甲,246.0,0.447,0.228,0.325,0.419,0.244,0.337,0.842,0.656,25021
德超杯,1.0,0.549,0.232,0.219,0.0,1.0,0.0,3.308,0.191,25021
意大利杯,18.0,0.579,0.237,0.184,0.778,0.056,0.167,3.749,0.153,25021
意甲,228.0,0.422,0.26,0.317,0.364,0.333,0.303,6.653,0.036,25021
意超杯,1.0,0.535,0.266,0.199,1.0,0.0,0.0,0.869,0.648,25021
挪超,67.0,0.468,0.237,0.295,0.373,0.299,0.328,2.612,0.271,25021
日联杯,10.0,0.276,0.263,0.461,0.3,0.4,0.3,1.294,0.524,25021
欧冠,169.0,0.459,0.227,0.313,0.503,0.172,0.325,3.09,0.213,25021
欧协联,55.0,0.47,0.244,0.286,0.455,0.309,0.236,1.461,0.482,25021
欧国联,112.0,0.446,0.244,0.31,0.438,0.241,0.321,0.073,0.964,25021
欧洲杯,51.0,0.41,0.256,0.333,0.333,0.373,0.294,3.65,0.161,25021
欧洲超级杯,1.0,0.615,0.211,0.174,1.0,0.0,0.0,0.627,0.731,25021
欧联,160.0,0.465,0.244,0.292,0.506,0.212,0.281,1.296,0.523,25021
欧预赛,8.0,0.505,0.262,0.233,0.625,0.25,0.125,0.631,0.73,25021
法乙,99.0,0.413,0.282,0.305,0.475,0.242,0.283,1.621,0.445,25021
法国杯,11.0,0.456,0.224,0.32,0.545,0.273,0.182,0.962,0.618,25021
法甲,132.0,0.438,0.246,0.316,0.402,0.265,0.333,0.712,0.7,25021
瑞典超,66.0,0.443,0.25,0.306,0.591,0.091,0.318,9.952,0.007,25021
社区盾杯,1.0,0.508,0.243,0.249,0.0,1.0,0.0,3.117,0.21,25021
美洲杯,31.0,0.462,0.248,0.29,0.387,0.323,0.29,1.071,0.585,25021
美职,65.0,0.506,0.238,0.256,0.569,0.2,0.231,1.063,0.588,25021
英冠,130.0,0.424,0.262,0.314,0.431,0.238,0.331,0.414,0.813,25021
英甲,9.0,0.382,0.265,0.354,0.667,0.333,0.0,5.255,0.072,25021
英超,309.0,0.447,0.226,0.327,0.414,0.272,0.314,3.7,0.157,25021
荷乙,62.0,0.454,0.239,0.307,0.435,0.226,0.339,0.295,0.863,25021
荷兰杯,4.0,0.451,0.172,0.378,0.5,0.25,0.25,0.337,0.845,25021
荷甲,38.0,0.382,0.233,0.386,0.289,0.316,0.395,1.985,0.371,25021
葡萄牙杯,5.0,0.415,0.257,0.327,0.4,0.4,0.2,0.646,0.724,25021
葡超,77.0,0.424,0.24,0.335,0.377,0.273,0.351,0.8,0.67,25021
西甲,214.0,0.44,0.258,0.303,0.458,0.238,0.304,0.482,0.786,25021
解放者杯,21.0,0.52,0.254,0.226,0.429,0.286,0.286,0.748,0.688,25021
足总杯,23.0,0.478,0.206,0.316,0.565,0.174,0.261,0.706,0.703,25021
J2联赛,12.0,0.309,0.275,0.417,0.333,0.25,0.417,0.05,0.975,25022
J联赛,25.0,0.418,0.27,0.311,0.52,0.36,0.12,4.301,0.116,25022
世亚预,80.0,0.482,0.212,0.306,0.412,0.312,0.275,4.841,0.089,25022
世南美预,17.0,0.456,0.252,0.292,0.588,0.412,0.0,7.347,0.025,25022
亚冠,31.0,0.491,0.232,0.277,0.645,0.258,0.097,5.23,0.073,25022
友谊赛,40.0,0.536,0.224,0.24,0.475,0.3,0.225,1.333,0.513,25022
国王杯,2.0,0.458,0.289,0.253,0.5,0.5,0.0,0.823,0.663,25022
天皇杯,31.0,0.385,0.24,0.376,0.452,0.097,0.452,3.475,0.176,25022
奥运女足,22.0,0.468,0.214,0.318,0.5,0.045,0.455,4.264,0.119,25022
奥运男足,27.0,0.421,0.24,0.339,0.481,0.111,0.407,2.465,0.292,25022
德乙,61.0,0.439,0.251,0.311,0.475,0.18,0.344,1.614,0.446,25022
德国杯,18.0,0.449,0.21,0.341,0.611,0.111,0.278,2.098,0.35,25022
德甲,247.0,0.447,0.228,0.325,0.417,0.247,0.336,0.961,0.618,25022
德超杯,1.0,0.549,0.232,0.219,0.0,1.0,0.0,3.308,0.191,25022
意大利杯,18.0,0.579,0.237,0.184,0.778,0.056,0.167,3.749,0.153,25022
意甲,227.0,0.423,0.26,0.317,0.361,0.335,0.304,7.006,0.03,25022
意超杯,1.0,0.535,0.266,0.199,1.0,0.0,0.0,0.869,0.648,25022
挪超,67.0,0.468,0.237,0.295,0.373,0.299,0.328,2.612,0.271,25022
日联杯,10.0,0.276,0.263,0.461,0.3,0.4,0.3,1.294,0.524,25022
欧冠,169.0,0.459,0.227,0.313,0.503,0.172,0.325,3.09,0.213,25022
欧协联,55.0,0.47,0.244,0.286,0.455,0.309,0.236,1.461,0.482,25022
欧国联,112.0,0.446,0.244,0.31,0.438,0.241,0.321,0.073,0.964,25022
欧洲杯,51.0,0.41,0.256,0.333,0.333,0.373,0.294,3.65,0.161,25022
欧洲超级杯,1.0,0.615,0.211,0.174,1.0,0.0,0.0,0.627,0.731,25022
欧联,160.0,0.465,0.244,0.292,0.506,0.212,0.281,1.296,0.523,25022
欧预赛,8.0,0.505,0.262,0.233,0.625,0.25,0.125,0.631,0.73,25022
法乙,102.0,0.411,0.282,0.307,0.461,0.235,0.304,1.425,0.491,25022
法国杯,10.0,0.451,0.22,0.328,0.6,0.2,0.2,1.01,0.603,25022
法甲,133.0,0.438,0.246,0.316,0.398,0.271,0.331,0.882,0.643,25022
瑞典超,66.0,0.443,0.25,0.306,0.591,0.091,0.318,9.952,0.007,25022
社区盾杯,1.0,0.508,0.243,0.249,0.0,1.0,0.0,3.117,0.21,25022
美洲杯,31.0,0.462,0.248,0.29,0.387,0.323,0.29,1.071,0.585,25022
美职,65.0,0.506,0.238,0.256,0.569,0.2,0.231,1.063,0.588,25022
英冠,131.0,0.425,0.262,0.313,0.435,0.237,0.328,0.464,0.793,25022
英甲,7.0,0.399,0.259,0.341,0.571,0.429,0.0,3.682,0.159,25022
英超,309.0,0.447,0.226,0.327,0.414,0.272,0.314,3.699,0.157,25022
荷乙,63.0,0.453,0.24,0.307,0.444,0.222,0.333,0.228,0.892,25022
荷兰杯,3.0,0.522,0.15,0.328,0.667,0.0,0.333,0.572,0.751,25022
荷甲,39.0,0.383,0.233,0.383,0.308,0.308,0.385,1.504,0.471,25022
葡萄牙杯,5.0,0.415,0.257,0.327,0.4,0.4,0.2,0.646,0.724,25022
葡超,77.0,0.426,0.241,0.332,0.377,0.273,0.351,0.839,0.657,25022
西甲,214.0,0.439,0.258,0.303,0.453,0.238,0.308,0.447,0.8,25022
解放者杯,21.0,0.52,0.254,0.226,0.429,0.286,0.286,0.748,0.688,25022
足总杯,19.0,0.49,0.216,0.294,0.632,0.105,0.263,1.907,0.385,25022
J2联赛,12.0,0.309,0.275,0.417,0.333,0.25,0.417,0.05,0.975,25023
J联赛,25.0,0.418,0.27,0.311,0.52,0.36,0.12,4.301,0.116,25023
世亚预,80.0,0.482,0.212,0.306,0.412,0.312,0.275,4.841,0.089,25023
世南美预,17.0,0.456,0.252,0.292,0.588,0.412,0.0,7.347,0.025,25023
亚冠,31.0,0.491,0.232,0.277,0.645,0.258,0.097,5.23,0.073,25023
友谊赛,40.0,0.536,0.224,0.24,0.475,0.3,0.225,1.333,0.513,25023
国王杯,1.0,0.548,0.288,0.164,0.0,1.0,0.0,2.476,0.29,25023
天皇杯,31.0,0.385,0.24,0.376,0.452,0.097,0.452,3.475,0.176,25023
奥运女足,22.0,0.468,0.214,0.318,0.5,0.045,0.455,4.264,0.119,25023
奥运男足,27.0,0.421,0.24,0.339,0.481,0.111,0.407,2.465,0.292,25023
德乙,61.0,0.439,0.251,0.311,0.475,0.18,0.344,1.614,0.446,25023
德国杯,18.0,0.449,0.21,0.341,0.611,0.111,0.278,2.098,0.35,25023
德甲,252.0,0.445,0.229,0.326,0.413,0.246,0.341,1.119,0.571,25023
德超杯,1.0,0.549,0.232,0.219,0.0,1.0,0.0,3.308,0.191,25023
意大利杯,18.0,0.579,0.237,0.184,0.778,0.056,0.167,3.749,0.153,25023
意甲,227.0,0.424,0.26,0.316,0.361,0.339,0.3,7.729,0.021,25023
意超杯,1.0,0.535,0.266,0.199,1.0,0.0,0.0,0.869,0.648,25023
挪超,67.0,0.468,0.237,0.295,0.373,0.299,0.328,2.612,0.271,25023
日联杯,10.0,0.276,0.263,0.461,0.3,0.4,0.3,1.294,0.524,25023
欧冠,169.0,0.459,0.227,0.313,0.503,0.172,0.325,3.09,0.213,25023
欧协联,55.0,0.47,0.244,0.286,0.455,0.309,0.236,1.461,0.482,25023
欧国联,112.0,0.446,0.244,0.31,0.438,0.241,0.321,0.073,0.964,25023
欧洲杯,51.0,0.41,0.256,0.333,0.333,0.373,0.294,3.65,0.161,25023
欧洲超级杯,1.0,0.615,0.211,0.174,1.0,0.0,0.0,0.627,0.731,25023
欧联,160.0,0.465,0.244,0.292,0.506,0.212,0.281,1.296,0.523,25023
欧预赛,8.0,0.505,0.262,0.233,0.625,0.25,0.125,0.631,0.73,25023
法乙,102.0,0.411,0.282,0.307,0.461,0.235,0.304,1.425,0.491,25023
法国杯,9.0,0.493,0.229,0.278,0.667,0.222,0.111,1.451,0.484,25023
法甲,133.0,0.438,0.246,0.316,0.398,0.271,0.331,0.882,0.643,25023
瑞典超,66.0,0.443,0.25,0.306,0.591,0.091,0.318,9.952,0.007,25023
社区盾杯,1.0,0.508,0.243,0.249,0.0,1.0,0.0,3.117,0.21,25023
美洲杯,31.0,0.462,0.248,0.29,0.387,0.323,0.29,1.071,0.585,25023
美职,65.0,0.506,0.238,0.256,0.569,0.2,0.231,1.063,0.588,25023
英冠,131.0,0.425,0.262,0.313,0.435,0.237,0.328,0.464,0.793,25023
英甲,7.0,0.399,0.259,0.341,0.571,0.429,0.0,3.682,0.159,25023
英超,314.0,0.446,0.227,0.327,0.414,0.268,0.318,3.064,0.216,25023
荷乙,63.0,0.453,0.24,0.307,0.444,0.222,0.333,0.228,0.892,25023
荷兰杯,2.0,0.386,0.158,0.456,0.5,0.0,0.5,0.391,0.823,25023
荷甲,39.0,0.383,0.233,0.383,0.308,0.308,0.385,1.504,0.471,25023
葡萄牙杯,4.0,0.408,0.253,0.339,0.25,0.5,0.25,1.307,0.52,25023
葡超,77.0,0.426,0.241,0.332,0.377,0.273,0.351,0.839,0.657,25023
西甲,216.0,0.439,0.258,0.303,0.449,0.245,0.306,0.18,0.914,25023
解放者杯,18.0,0.5,0.26,0.24,0.444,0.333,0.222,0.512,0.774,25023
足总杯,15.0,0.492,0.211,0.297,0.6,0.133,0.267,0.831,0.66,25023
J2联赛,12.0,0.309,0.275,0.417,0.333,0.25,0.417,0.05,0.975,25024
J联赛,25.0,0.418,0.27,0.311,0.52,0.36,0.12,4.301,0.116,25024
世亚预,80.0,0.482,0.212,0.306,0.412,0.312,0.275,4.841,0.089,25024
世南美预,17.0,0.456,0.252,0.292,0.588,0.412,0.0,7.347,0.025,25024
亚冠,31.0,0.491,0.232,0.277,0.645,0.258,0.097,5.23,0.073,25024
友谊赛,40.0,0.536,0.224,0.24,0.475,0.3,0.225,1.333,0.513,25024
国王杯,1.0,0.548,0.288,0.164,0.0,1.0,0.0,2.476,0.29,25024
天皇杯,31.0,0.385,0.24,0.376,0.452,0.097,0.452,3.475,0.176,25024
奥运女足,22.0,0.468,0.214,0.318,0.5,0.045,0.455,4.264,0.119,25024
奥运男足,27.0,0.421,0.24,0.339,0.481,0.111,0.407,2.465,0.292,25024
德乙,59.0,0.442,0.25,0.307,0.475,0.169,0.356,2.126,0.345,25024
德国杯,18.0,0.449,0.21,0.341,0.611,0.111,0.278,2.098,0.35,25024
德甲,254.0,0.447,0.229,0.324,0.413,0.24,0.346,1.178,0.555,25024
德超杯,1.0,0.549,0.232,0.219,0.0,1.0,0.0,3.308,0.191,25024
意大利杯,18.0,0.579,0.237,0.184,0.778,0.056,0.167,3.749,0.153,25024
意甲,230.0,0.423,0.261,0.316,0.365,0.339,0.296,7.559,0.023,25024
意超杯,1.0,0.535,0.266,0.199,1.0,0.0,0.0,0.869,0.648,25024
挪超,67.0,0.468,0.237,0.295,0.373,0.299,0.328,2.612,0.271,25024
日联杯,10.0,0.276,0.263,0.461,0.3,0.4,0.3,1.294,0.524,25024
欧冠,169.0,0.459,0.227,0.313,0.503,0.172,0.325,3.09,0.213,25024
欧协联,55.0,0.47,0.244,0.286,0.455,0.309,0.236,1.461,0.482,25024
欧国联,112.0,0.446,0.244,0.31,0.438,0.241,0.321,0.073,0.964,25024
欧洲杯,51.0,0.41,0.256,0.333,0.333,0.373,0.294,3.65,0.161,25024
欧洲超级杯,1.0,0.615,0.211,0.174,1.0,0.0,0.0,0.627,0.731,25024
欧联,160.0,0.465,0.244,0.292,0.506,0.212,0.281,1.296,0.523,25024
欧预赛,8.0,0.505,0.262,0.233,0.625,0.25,0.125,0.631,0.73,25024
法乙,102.0,0.411,0.282,0.307,0.461,0.235,0.304,1.425,0.491,25024
法国杯,9.0,0.493,0.229,0.278,0.667,0.222,0.111,1.451,0.484,25024
法甲,135.0,0.437,0.247,0.317,0.393,0.259,0.348,1.109,0.574,25024
瑞典超,66.0,0.443,0.25,0.306,0.591,0.091,0.318,9.952,0.007,25024
社区盾杯,1.0,0.508,0.243,0.249,0.0,1.0,0.0,3.117,0.21,25024
美洲杯,31.0,0.462,0.248,0.29,0.387,0.323,0.29,1.071,0.585,25024
美职,65.0,0.506,0.238,0.256,0.569,0.2,0.231,1.063,0.588,25024
英冠,130.0,0.424,0.262,0.313,0.431,0.238,0.331,0.42,0.81,25024
英甲,7.0,0.399,0.259,0.341,0.571,0.429,0.0,3.682,0.159,25024
英超,316.0,0.447,0.227,0.326,0.418,0.266,0.316,2.823,0.244,25024
荷乙,59.0,0.454,0.239,0.307,0.441,0.203,0.356,0.804,0.669,25024
荷兰杯,2.0,0.386,0.158,0.456,0.5,0.0,0.5,0.391,0.823,25024
荷甲,38.0,0.388,0.234,0.378,0.316,0.316,0.368,1.621,0.445,25024
葡萄牙杯,4.0,0.408,0.253,0.339,0.25,0.5,0.25,1.307,0.52,25024
葡超,76.0,0.428,0.241,0.331,0.382,0.276,0.342,0.809,0.667,25024
西甲,217.0,0.439,0.258,0.303,0.452,0.244,0.304,0.242,0.886,25024
解放者杯,18.0,0.5,0.26,0.24,0.444,0.333,0.222,0.512,0.774,25024
足总杯,15.0,0.492,0.211,0.297,0.6,0.133,0.267,0.831,0.66,25024
J2联赛,12.0,0.309,0.275,0.417,0.333,0.25,0.417,0.05,0.975,25025
J联赛,25.0,0.418,0.27,0.311,0.52,0.36,0.12,4.301,0.116,25025
世亚预,80.0,0.482,0.212,0.306,0.412,0.312,0.275,4.841,0.089,25025
世南美预,17.0,0.456,0.252,0.292,0.588,0.412,0.0,7.347,0.025,25025
亚冠,34.0,0.496,0.23,0.274,0.647,0.235,0.118,4.582,0.101,25025
友谊赛,40.0,0.536,0.224,0.24,0.475,0.3,0.225,1.333,0.513,25025
国王杯,1.0,0.548,0.288,0.164,0.0,1.0,0.0,2.476,0.29,25025
天皇杯,31.0,0.385,0.24,0.376,0.452,0.097,0.452,3.475,0.176,25025
奥运女足,22.0,0.468,0.214,0.318,0.5,0.045,0.455,4.264,0.119,25025
奥运男足,27.0,0.421,0.24,0.339,0.481,0.111,0.407,2.465,0.292,25025
德乙,59.0,0.442,0.25,0.307,0.475,0.169,0.356,2.126,0.345,25025
德国杯,18.0,0.449,0.21,0.341,0.611,0.111,0.278,2.098,0.35,25025
德甲,249.0,0.45,0.228,0.322,0.422,0.241,0.337,0.787,0.675,25025
德超杯,1.0,0.549,0.232,0.219,0.0,1.0,0.0,3.308,0.191,25025
意大利杯,18.0,0.579,0.237,0.184,0.778,0.056,0.167,3.749,0.153,25025
意甲,228.0,0.424,0.26,0.316,0.368,0.338,0.294,7.249,0.027,25025
意超杯,1.0,0.535,0.266,0.199,1.0,0.0,0.0,0.869,0.648,25025
挪超,67.0,0.468,0.237,0.295,0.373,0.299,0.328,2.612,0.271,25025
日联杯,10.0,0.276,0.263,0.461,0.3,0.4,0.3,1.294,0.524,25025
欧冠,177.0,0.467,0.226,0.307,0.497,0.186,0.316,1.612,0.447,25025
欧协联,55.0,0.47,0.244,0.286,0.455,0.309,0.236,1.461,0.482,25025
欧国联,112.0,0.446,0.244,0.31,0.438,0.241,0.321,0.073,0.964,25025
欧洲杯,51.0,0.41,0.256,0.333,0.333,0.373,0.294,3.65,0.161,25025
欧洲超级杯,1.0,0.615,0.211,0.174,1.0,0.0,0.0,0.627,0.731,25025
欧联,160.0,0.465,0.244,0.292,0.506,0.212,0.281,1.296,0.523,25025
欧预赛,8.0,0.505,0.262,0.233,0.625,0.25,0.125,0.631,0.73,25025
法乙,102.0,0.411,0.282,0.307,0.461,0.235,0.304,1.425,0.491,25025
法国杯,9.0,0.493,0.229,0.278,0.667,0.222,0.111,1.451,0.484,25025
法甲,135.0,0.437,0.247,0.317,0.393,0.259,0.348,1.109,0.574,25025
瑞典超,66.0,0.443,0.25,0.306,0.591,0.091,0.318,9.952,0.007,25025
社区盾杯,1.0,0.508,0.243,0.249,0.0,1.0,0.0,3.117,0.21,25025
美洲杯,31.0,0.462,0.248,0.29,0.387,0.323,0.29,1.071,0.585,25025
美职,65.0,0.506,0.238,0.256,0.569,0.2,0.231,1.063,0.588,25025
英冠,131.0,0.424,0.263,0.313,0.427,0.244,0.328,0.272,0.873,25025
英甲,7.0,0.399,0.259,0.341,0.571,0.429,0.0,3.682,0.159,25025
英超,310.0,0.448,0.227,0.326,0.416,0.271,0.313,3.552,0.169,25025
荷乙,59.0,0.454,0.239,0.307,0.441,0.203,0.356,0.804,0.669,25025
荷兰杯,2.0,0.386,0.158,0.456,0.5,0.0,0.5,0.391,0.823,25025
荷甲,38.0,0.388,0.234,0.378,0.316,0.316,0.368,1.621,0.445,25025
葡萄牙杯,4.0,0.408,0.253,0.339,0.25,0.5,0.25,1.307,0.52,25025
葡超,76.0,0.428,0.241,0.331,0.382,0.276,0.342,0.809,0.667,25025
西甲,217.0,0.439,0.258,0.303,0.452,0.244,0.304,0.242,0.886,25025
解放者杯,18.0,0.5,0.26,0.24,0.444,0.333,0.222,0.512,0.774,25025
足总杯,15.0,0.492,0.211,0.297,0.6,0.133,0.267,0.831,0.66,25025
J2联赛,12.0,0.309,0.275,0.417,0.333,0.25,0.417,0.05,0.975,25026
J联赛,25.0,0.418,0.27,0.311,0.52,0.36,0.12,4.301,0.116,25026
世亚预,80.0,0.482,0.212,0.306,0.412,0.312,0.275,4.841,0.089,25026
世南美预,17.0,0.456,0.252,0.292,0.588,0.412,0.0,7.347,0.025,25026
亚冠,34.0,0.496,0.23,0.274,0.647,0.235,0.118,4.582,0.101,25026
友谊赛,40.0,0.536,0.224,0.24,0.475,0.3,0.225,1.333,0.513,25026
国王杯,1.0,0.548,0.288,0.164,0.0,1.0,0.0,2.476,0.29,25026
天皇杯,31.0,0.385,0.24,0.376,0.452,0.097,0.452,3.475,0.176,25026
奥运女足,22.0,0.468,0.214,0.318,0.5,0.045,0.455,4.264,0.119,25026
奥运男足,27.0,0.421,0.24,0.339,0.481,0.111,0.407,2.465,0.292,25026
德乙,59.0,0.442,0.25,0.307,0.475,0.169,0.356,2.126,0.345,25026
德国杯,18.0,0.449,0.21,0.341,0.611,0.111,0.278,2.098,0.35,25026
德甲,247.0,0.451,0.228,0.321,0.421,0.243,0.336,0.892,0.64,25026
德超杯,1.0,0.549,0.232,0.219,0.0,1.0,0.0,3.308,0.191,25026
意大利杯,18.0,0.579,0.237,0.184,0.778,0.056,0.167,3.749,0.153,25026
意甲,224.0,0.424,0.26,0.316,0.371,0.339,0.29,7.434,0.024,25026
意超杯,1.0,0.535,0.266,0.199,1.0,0.0,0.0,0.869,0.648,25026
挪超,67.0,0.468,0.237,0.295,0.373,0.299,0.328,2.612,0.271,25026
日联杯,10.0,0.276,0.263,0.461,0.3,0.4,0.3,1.294,0.524,25026
欧冠,177.0,0.467,0.226,0.307,0.497,0.186,0.316,1.612,0.447,25026
欧协联,61.0,0.474,0.243,0.283,0.426,0.295,0.279,0.978,0.613,25026
欧国联,112.0,0.446,0.244,0.31,0.438,0.241,0.321,0.073,0.964,25026
欧洲杯,51.0,0.41,0.256,0.333,0.333,0.373,0.294,3.65,0.161,25026
欧洲超级杯,1.0,0.615,0.211,0.174,1.0,0.0,0.0,0.627,0.731,25026
欧联,168.0,0.465,0.244,0.29,0.512,0.214,0.274,1.564,0.457,25026
欧预赛,8.0,0.505,0.262,0.233,0.625,0.25,0.125,0.631,0.73,25026
法乙,102.0,0.411,0.282,0.307,0.461,0.235,0.304,1.425,0.491,25026
法国杯,9.0,0.493,0.229,0.278,0.667,0.222,0.111,1.451,0.484,25026
法甲,133.0,0.437,0.246,0.317,0.398,0.256,0.346,0.848,0.655,25026
瑞典超,66.0,0.443,0.25,0.306,0.591,0.091,0.318,9.952,0.007,25026
社区盾杯,1.0,0.508,0.243,0.249,0.0,1.0,0.0,3.117,0.21,25026
美洲杯,31.0,0.462,0.248,0.29,0.387,0.323,0.29,1.071,0.585,25026
美职,65.0,0.506,0.238,0.256,0.569,0.2,0.231,1.063,0.588,25026
英冠,131.0,0.424,0.263,0.313,0.427,0.244,0.328,0.272,0.873,25026
英甲,7.0,0.399,0.259,0.341,0.571,0.429,0.0,3.682,0.159,25026
英超,309.0,0.447,0.227,0.327,0.414,0.272,0.314,3.646,0.162,25026
荷乙,59.0,0.454,0.239,0.307,0.441,0.203,0.356,0.804,0.669,25026
荷兰杯,2.0,0.386,0.158,0.456,0.5,0.0,0.5,0.391,0.823,25026
荷甲,38.0,0.388,0.234,0.378,0.316,0.316,0.368,1.621,0.445,25026
葡萄牙杯,4.0,0.408,0.253,0.339,0.25,0.5,0.25,1.307,0.52,25026
葡超,74.0,0.429,0.239,0.331,0.378,0.27,0.351,0.833,0.659,25026
西甲,214.0,0.439,0.258,0.303,0.449,0.243,0.308,0.25,0.883,25026
解放者杯,18.0,0.5,0.26,0.24,0.444,0.333,0.222,0.512,0.774,25026
足总杯,15.0,0.492,0.211,0.297,0.6,0.133,0.267,0.831,0.66,25026
J2联赛,12.0,0.309,0.275,0.417,0.333,0.25,0.417,0.05,0.975,25027
J联赛,25.0,0.418,0.27,0.311,0.52,0.36,0.12,4.301,0.116,25027
世亚预,80.0,0.482,0.212,0.306,0.412,0.312,0.275,4.841,0.089,25027
世南美预,17.0,0.456,0.252,0.292,0.588,0.412,0.0,7.347,0.025,25027
亚冠,31.0,0.501,0.228,0.271,0.645,0.226,0.129,3.596,0.166,25027
友谊赛,40.0,0.536,0.224,0.24,0.475,0.3,0.225,1.333,0.513,25027
国王杯,1.0,0.548,0.288,0.164,0.0,1.0,0.0,2.476,0.29,25027
天皇杯,31.0,0.385,0.24,0.376,0.452,0.097,0.452,3.475,0.176,25027
奥运女足,22.0,0.468,0.214,0.318,0.5,0.045,0.455,4.264,0.119,25027
奥运男足,27.0,0.421,0.24,0.339,0.481,0.111,0.407,2.465,0.292,25027
德乙,61.0,0.445,0.25,0.305,0.475,0.18,0.344,1.625,0.444,25027
德国杯,18.0,0.449,0.21,0.341,0.611,0.111,0.278,2.098,0.35,25027
德甲,248.0,0.451,0.228,0.321,0.423,0.242,0.335,0.765,0.682,25027
德超杯,1.0,0.549,0.232,0.219,0.0,1.0,0.0,3.308,0.191,25027
意大利杯,18.0,0.579,0.237,0.184,0.778,0.056,0.167,3.749,0.153,25027
意甲,224.0,0.422,0.26,0.318,0.366,0.339,0.295,7.366,0.025,25027
意超杯,1.0,0.535,0.266,0.199,1.0,0.0,0.0,0.869,0.648,25027
挪超,67.0,0.468,0.237,0.295,0.373,0.299,0.328,2.612,0.271,25027
日联杯,10.0,0.276,0.263,0.461,0.3,0.4,0.3,1.294,0.524,25027
欧冠,175.0,0.466,0.226,0.308,0.497,0.189,0.314,1.474,0.479,25027
欧协联,61.0,0.474,0.243,0.283,0.426,0.295,0.279,0.978,0.613,25027
欧国联,112.0,0.446,0.244,0.31,0.438,0.241,0.321,0.073,0.964,25027
欧洲杯,51.0,0.41,0.256,0.333,0.333,0.373,0.294,3.65,0.161,25027
欧洲超级杯,1.0,0.615,0.211,0.174,1.0,0.0,0.0,0.627,0.731,25027
欧联,168.0,0.465,0.244,0.29,0.512,0.214,0.274,1.564,0.457,25027
欧预赛,8.0,0.505,0.262,0.233,0.625,0.25,0.125,0.631,0.73,25027
法乙,105.0,0.413,0.281,0.305,0.457,0.248,0.295,0.946,0.623,25027
法国杯,9.0,0.493,0.229,0.278,0.667,0.222,0.111,1.451,0.484,25027
法甲,134.0,0.437,0.247,0.317,0.403,0.254,0.343,0.679,0.712,25027
瑞典超,66.0,0.443,0.25,0.306,0.591,0.091,0.318,9.952,0.007,25027
社区盾杯,1.0,0.508,0.243,0.249,0.0,1.0,0.0,3.117,0.21,25027
美洲杯,31.0,0.462,0.248,0.29,0.387,0.323,0.29,1.071,0.585,25027
美职,65.0,0.506,0.238,0.256,0.569,0.2,0.231,1.063,0.588,25027
英冠,129.0,0.422,0.264,0.314,0.434,0.24,0.326,0.38,0.827,25027
英甲,7.0,0.399,0.259,0.341,0.571,0.429,0.0,3.682,0.159,25027
英超,309.0,0.447,0.227,0.326,0.414,0.272,0.314,3.594,0.166,25027
荷乙,59.0,0.454,0.239,0.307,0.441,0.203,0.356,0.804,0.669,25027
荷兰杯,2.0,0.386,0.158,0.456,0.5,0.0,0.5,0.391,0.823,25027
荷甲,38.0,0.388,0.234,0.378,0.316,0.316,0.368,1.621,0.445,25027
葡萄牙杯,4.0,0.408,0.253,0.339,0.25,0.5,0.25,1.307,0.52,25027
葡超,74.0,0.431,0.239,0.33,0.392,0.257,0.351,0.474,0.789,25027
西甲,214.0,0.44,0.258,0.302,0.449,0.243,0.308,0.241,0.887,25027
解放者杯,18.0,0.5,0.26,0.24,0.444,0.333,0.222,0.512,0.774,25027
足总杯,15.0,0.492,0.211,0.297,0.6,0.133,0.267,0.831,0.66,25027
J2联赛,12.0,0.309,0.275,0.417,0.333,0.25,0.417,0.05,0.975,25028
J联赛,25.0,0.418,0.27,0.311,0.52,0.36,0.12,4.301,0.116,25028
世亚预,80.0,0.482,0.212,0.306,0.412,0.312,0.275,4.841,0.089,25028
世南美预,17.0,0.456,0.252,0.292,0.588,0.412,0.0,7.347,0.025,25028
亚冠,30.0,0.506,0.226,0.268,0.667,0.233,0.1,4.697,0.096,25028
友谊赛,40.0,0.536,0.224,0.24,0.475,0.3,0.225,1.333,0.513,25028
国王杯,1.0,0.548,0.288,0.164,0.0,1.0,0.0,2.476,0.29,25028
天皇杯,31.0,0.385,0.24,0.376,0.452,0.097,0.452,3.475,0.176,25028
奥运女足,22.0,0.468,0.214,0.318,0.5,0.045,0.455,4.264,0.119,25028
奥运男足,27.0,0.421,0.24,0.339,0.481,0.111,0.407,2.465,0.292,25028
德乙,61.0,0.445,0.25,0.305,0.475,0.18,0.344,1.625,0.444,25028
德国杯,18.0,0.449,0.21,0.341,0.611,0.111,0.278,2.098,0.35,25028
德甲,252.0,0.451,0.228,0.321,0.425,0.238,0.337,0.693,0.707,25028
德超杯,1.0,0.549,0.232,0.219,0.0,1.0,0.0,3.308,0.191,25028
意大利杯,18.0,0.579,0.237,0.184,0.778,0.056,0.167,3.749,0.153,25028
意甲,226.0,0.422,0.26,0.318,0.372,0.336,0.292,6.875,0.032,25028
意超杯,1.0,0.535,0.266,0.199,1.0,0.0,0.0,0.869,0.648,25028
挪超,67.0,0.468,0.237,0.295,0.373,0.299,0.328,2.612,0.271,25028
日联杯,10.0,0.276,0.263,0.461,0.3,0.4,0.3,1.294,0.524,25028
欧冠,173.0,0.463,0.227,0.31,0.497,0.185,0.318,1.8,0.406,25028
欧协联,60.0,0.477,0.243,0.28,0.433,0.283,0.283,0.651,0.722,25028
欧国联,112.0,0.446,0.244,0.31,0.438,0.241,0.321,0.073,0.964,25028
欧洲杯,51.0,0.41,0.256,0.333,0.333,0.373,0.294,3.65,0.161,25028
欧洲超级杯,1.0,0.615,0.211,0.174,1.0,0.0,0.0,0.627,0.731,25028
欧联,160.0,0.467,0.244,0.288,0.512,0.206,0.281,1.672,0.433,25028
欧预赛,8.0,0.505,0.262,0.233,0.625,0.25,0.125,0.631,0.73,25028
法乙,105.0,0.413,0.281,0.305,0.457,0.248,0.295,0.946,0.623,25028
法国杯,9.0,0.493,0.229,0.278,0.667,0.222,0.111,1.451,0.484,25028
法甲,134.0,0.437,0.247,0.317,0.403,0.254,0.343,0.679,0.712,25028
瑞典超,66.0,0.443,0.25,0.306,0.591,0.091,0.318,9.952,0.007,25028
社区盾杯,1.0,0.508,0.243,0.249,0.0,1.0,0.0,3.117,0.21,25028
美洲杯,31.0,0.462,0.248,0.29,0.387,0.323,0.29,1.071,0.585,25028
美职,65.0,0.506,0.238,0.256,0.569,0.2,0.231,1.063,0.588,25028
英冠,127.0,0.422,0.264,0.314,0.433,0.236,0.331,0.513,0.774,25028
英甲,7.0,0.399,0.259,0.341,0.571,0.429,0.0,3.682,0.159,25028
英超,315.0,0.447,0.227,0.326,0.41,0.267,0.324,3.135,0.209,25028
荷乙,59.0,0.454,0.239,0.307,0.441,0.203,0.356,0.804,0.669,25028
荷兰杯,2.0,0.386,0.158,0.456,0.5,0.0,0.5,0.391,0.823,25028
荷甲,38.0,0.388,0.234,0.378,0.316,0.316,0.368,1.621,0.445,25028
葡萄牙杯,4.0,0.408,0.253,0.339,0.25,0.5,0.25,1.307,0.52,25028
葡超,74.0,0.431,0.239,0.33,0.392,0.257,0.351,0.474,0.789,25028
西甲,216.0,0.438,0.257,0.305,0.444,0.241,0.315,0.321,0.852,25028
解放者杯,18.0,0.5,0.26,0.24,0.444,0.333,0.222,0.512,0.774,25028
足总杯,15.0,0.492,0.211,0.297,0.6,0.133,0.267,0.831,0.66,25028
J2联赛,12.0,0.309,0.275,0.417,0.333,0.25,0.417,0.05,0.975,25029
J联赛,25.0,0.418,0.27,0.311,0.52,0.36,0.12,4.301,0.116,25029
世亚预,80.0,0.482,0.212,0.306,0.412,0.312,0.275,4.841,0.089,25029
世南美预,17.0,0.456,0.252,0.292,0.588,0.412,0.0,7.347,0.025,25029
亚冠,30.0,0.506,0.226,0.268,0.667,0.233,0.1,4.697,0.096,25029
友谊赛,40.0,0.536,0.224,0.24,0.475,0.3,0.225,1.333,0.513,25029
国王杯,1.0,0.548,0.288,0.164,0.0,1.0,0.0,2.476,0.29,25029
天皇杯,31.0,0.385,0.24,0.376,0.452,0.097,0.452,3.475,0.176,25029
奥运女足,22.0,0.468,0.214,0.318,0.5,0.045,0.455,4.264,0.119,25029
奥运男足,27.0,0.421,0.24,0.339,0.481,0.111,0.407,2.465,0.292,25029
德乙,59.0,0.444,0.25,0.306,0.475,0.186,0.339,1.287,0.525,25029
德国杯,18.0,0.449,0.21,0.341,0.611,0.111,0.278,2.098,0.35,25029
德甲,254.0,0.452,0.228,0.321,0.421,0.244,0.335,0.966,0.617,25029
德超杯,1.0,0.549,0.232,0.219,0.0,1.0,0.0,3.308,0.191,25029
意大利杯,18.0,0.579,0.237,0.184,0.778,0.056,0.167,3.749,0.153,25029
意甲,228.0,0.419,0.26,0.321,0.373,0.329,0.298,5.676,0.059,25029
意超杯,1.0,0.535,0.266,0.199,1.0,0.0,0.0,0.869,0.648,25029
挪超,67.0,0.468,0.237,0.295,0.373,0.299,0.328,2.612,0.271,25029
日联杯,10.0,0.276,0.263,0.461,0.3,0.4,0.3,1.294,0.524,25029
欧冠,173.0,0.463,0.227,0.31,0.497,0.185,0.318,1.8,0.406,25029
欧协联,60.0,0.477,0.243,0.28,0.433,0.283,0.283,0.651,0.722,25029
欧国联,112.0,0.446,0.244,0.31,0.438,0.241,0.321,0.073,0.964,25029
欧洲杯,51.0,0.41,0.256,0.333,0.333,0.373,0.294,3.65,0.161,25029
欧洲超级杯,1.0,0.615,0.211,0.174,1.0,0.0,0.0,0.627,0.731,25029
欧联,160.0,0.467,0.244,0.288,0.512,0.206,0.281,1.672,0.433,25029
欧预赛,8.0,0.505,0.262,0.233,0.625,0.25,0.125,0.631,0.73,25029
法乙,105.0,0.413,0.281,0.305,0.457,0.248,0.295,0.946,0.623,25029
法国杯,9.0,0.493,0.229,0.278,0.667,0.222,0.111,1.451,0.484,25029
法甲,136.0,0.437,0.247,0.317,0.412,0.257,0.331,0.349,0.84,25029
瑞典超,66.0,0.443,0.25,0.306,0.591,0.091,0.318,9.952,0.007,25029
社区盾杯,1.0,0.508,0.243,0.249,0.0,1.0,0.0,3.117,0.21,25029
美洲杯,31.0,0.462,0.248,0.29,0.387,0.323,0.29,1.071,0.585,25029
美职,65.0,0.506,0.238,0.256,0.569,0.2,0.231,1.063,0.588,25029
英冠,126.0,0.424,0.264,0.312,0.437,0.238,0.325,0.444,0.801,25029
英甲,7.0,0.399,0.259,0.341,0.571,0.429,0.0,3.682,0.159,25029
英超,317.0,0.447,0.228,0.326,0.41,0.265,0.325,2.912,0.233,25029
荷乙,55.0,0.454,0.239,0.307,0.436,0.2,0.364,0.959,0.619,25029
荷兰杯,2.0,0.386,0.158,0.456,0.5,0.0,0.5,0.391,0.823,25029
荷甲,37.0,0.395,0.235,0.37,0.324,0.324,0.351,1.759,0.415,25029
葡萄牙杯,4.0,0.408,0.253,0.339,0.25,0.5,0.25,1.307,0.52,25029
葡超,72.0,0.437,0.239,0.324,0.389,0.264,0.347,0.687,0.709,25029
西甲,218.0,0.439,0.257,0.304,0.445,0.239,0.317,0.429,0.807,25029
解放者杯,18.0,0.5,0.26,0.24,0.444,0.333,0.222,0.512,0.774,25029
足总杯,15.0,0.492,0.211,0.297,0.6,0.133,0.267,0.831,0.66,25029
J2联赛,12.0,0.309,0.275,0.417,0.333,0.25,0.417,0.05,0.975,25030
J联赛,25.0,0.418,0.27,0.311,0.52,0.36,0.12,4.301,0.116,25030
世亚预,80.0,0.482,0.212,0.306,0.412,0.312,0.275,4.841,0.089,25030
世南美预,17.0,0.456,0.252,0.292,0.588,0.412,0.0,7.347,0.025,25030
亚冠,30.0,0.506,0.226,0.268,0.667,0.233,0.1,4.697,0.096,25030
友谊赛,40.0,0.536,0.224,0.24,0.475,0.3,0.225,1.333,0.513,25030
国王杯,3.0,0.479,0.264,0.257,0.0,0.667,0.333,3.341,0.188,25030
天皇杯,31.0,0.385,0.24,0.376,0.452,0.097,0.452,3.475,0.176,25030
奥运女足,22.0,0.468,0.214,0.318,0.5,0.045,0.455,4.264,0.119,25030
奥运男足,27.0,0.421,0.24,0.339,0.481,0.111,0.407,2.465,0.292,25030
德乙,59.0,0.444,0.25,0.306,0.475,0.186,0.339,1.287,0.525,25030
德国杯,19.0,0.451,0.212,0.336,0.632,0.105,0.263,2.69,0.261,25030
德甲,249.0,0.449,0.229,0.323,0.418,0.245,0.337,0.995,0.608,25030
德超杯,1.0,0.549,0.232,0.219,0.0,1.0,0.0,3.308,0.191,25030
意大利杯,20.0,0.586,0.233,0.18,0.75,0.1,0.15,2.541,0.281,25030
意甲,224.0,0.419,0.26,0.321,0.371,0.335,0.295,6.616,0.037,25030
意超杯,1.0,0.535,0.266,0.199,1.0,0.0,0.0,0.869,0.648,25030
挪超,67.0,0.468,0.237,0.295,0.373,0.299,0.328,2.612,0.271,25030
日联杯,10.0,0.276,0.263,0.461,0.3,0.4,0.3,1.294,0.524,25030
欧冠,173.0,0.463,0.227,0.31,0.497,0.185,0.318,1.8,0.406,25030
欧协联,60.0,0.477,0.243,0.28,0.433,0.283,0.283,0.651,0.722,25030
欧国联,112.0,0.446,0.244,0.31,0.438,0.241,0.321,0.073,0.964,25030
欧洲杯,51.0,0.41,0.256,0.333,0.333,0.373,0.294,3.65,0.161,25030
欧洲超级杯,1.0,0.615,0.211,0.174,1.0,0.0,0.0,0.627,0.731,25030
欧联,160.0,0.467,0.244,0.288,0.512,0.206,0.281,1.672,0.433,25030
欧预赛,8.0,0.505,0.262,0.233,0.625,0.25,0.125,0.631,0.73,25030
法乙,105.0,0.413,0.281,0.305,0.457,0.248,0.295,0.946,0.623,25030
法国杯,9.0,0.493,0.229,0.278,0.667,0.222,0.111,1.451,0.484,25030
法甲,136.0,0.437,0.247,0.317,0.412,0.257,0.331,0.349,0.84,25030
瑞典超,66.0,0.443,0.25,0.306,0.591,0.091,0.318,9.952,0.007,25030
社区盾杯,1.0,0.508,0.243,0.249,0.0,1.0,0.0,3.117,0.21,25030
美洲杯,31.0,0.462,0.248,0.29,0.387,0.323,0.29,1.071,0.585,25030
美职,65.0,0.506,0.238,0.256,0.569,0.2,0.231,1.063,0.588,25030
英冠,126.0,0.424,0.264,0.312,0.437,0.238,0.325,0.444,0.801,25030
英甲,7.0,0.399,0.259,0.341,0.571,0.429,0.0,3.682,0.159,25030
英超,321.0,0.446,0.228,0.326,0.411,0.262,0.327,2.481,0.289,25030
荷乙,55.0,0.454,0.239,0.307,0.436,0.2,0.364,0.959,0.619,25030
荷兰杯,2.0,0.386,0.158,0.456,0.5,0.0,0.5,0.391,0.823,25030
荷甲,37.0,0.395,0.235,0.37,0.324,0.324,0.351,1.759,0.415,25030
葡萄牙杯,4.0,0.408,0.253,0.339,0.25,0.5,0.25,1.307,0.52,25030
葡超,72.0,0.437,0.239,0.324,0.389,0.264,0.347,0.687,0.709,25030
西甲,218.0,0.439,0.257,0.304,0.445,0.239,0.317,0.429,0.807,25030
解放者杯,18.0,0.5,0.26,0.24,0.444,0.333,0.222,0.512,0.774,25030
足总杯,15.0,0.492,0.211,0.297,0.6,0.133,0.267,0.831,0.66,25030
J2联赛,12.0,0.309,0.275,0.417,0.333,0.25,0.417,0.05,0.975,25031
J联赛,25.0,0.418,0.27,0.311,0.52,0.36,0.12,4.301,0.116,25031
世亚预,80.0,0.482,0.212,0.306,0.412,0.312,0.275,4.841,0.089,25031
世南美预,17.0,0.456,0.252,0.292,0.588,0.412,0.0,7.347,0.025,25031
亚冠,30.0,0.506,0.226,0.268,0.667,0.233,0.1,4.697,0.096,25031
友谊赛,40.0,0.536,0.224,0.24,0.475,0.3,0.225,1.333,0.513,25031
国王杯,3.0,0.479,0.264,0.257,0.0,0.667,0.333,3.341,0.188,25031
天皇杯,31.0,0.385,0.24,0.376,0.452,0.097,0.452,3.475,0.176,25031
奥运女足,22.0,0.468,0.214,0.318,0.5,0.045,0.455,4.264,0.119,25031
奥运男足,27.0,0.421,0.24,0.339,0.481,0.111,0.407,2.465,0.292,25031
德乙,61.0,0.446,0.25,0.304,0.475,0.18,0.344,1.641,0.44,25031
德国杯,19.0,0.451,0.212,0.336,0.632,0.105,0.263,2.69,0.261,25031
德甲,247.0,0.447,0.228,0.325,0.413,0.247,0.34,1.184,0.553,25031
德超杯,1.0,0.549,0.232,0.219,0.0,1.0,0.0,3.308,0.191,25031
意大利杯,20.0,0.586,0.233,0.18,0.75,0.1,0.15,2.541,0.281,25031
意甲,222.0,0.419,0.26,0.322,0.374,0.329,0.297,5.544,0.063,25031
意超杯,1.0,0.535,0.266,0.199,1.0,0.0,0.0,0.869,0.648,25031
挪超,67.0,0.468,0.237,0.295,0.373,0.299,0.328,2.612,0.271,25031
日联杯,10.0,0.276,0.263,0.461,0.3,0.4,0.3,1.294,0.524,25031
欧冠,173.0,0.463,0.227,0.31,0.497,0.185,0.318,1.8,0.406,25031
欧协联,60.0,0.477,0.243,0.28,0.433,0.283,0.283,0.651,0.722,25031
欧国联,112.0,0.446,0.244,0.31,0.438,0.241,0.321,0.073,0.964,25031
欧洲杯,51.0,0.41,0.256,0.333,0.333,0.373,0.294,3.65,0.161,25031
欧洲超级杯,1.0,0.615,0.211,0.174,1.0,0.0,0.0,0.627,0.731,25031
欧联,160.0,0.467,0.244,0.288,0.512,0.206,0.281,1.672,0.433,25031
欧预赛,8.0,0.505,0.262,0.233,0.625,0.25,0.125,0.631,0.73,25031
法乙,108.0,0.412,0.282,0.306,0.454,0.241,0.306,1.098,0.578,25031
法国杯,9.0,0.493,0.229,0.278,0.667,0.222,0.111,1.451,0.484,25031
法甲,137.0,0.439,0.246,0.315,0.416,0.255,0.328,0.288,0.866,25031
瑞典超,66.0,0.443,0.25,0.306,0.591,0.091,0.318,9.952,0.007,25031
社区盾杯,1.0,0.508,0.243,0.249,0.0,1.0,0.0,3.117,0.21,25031
美洲杯,31.0,0.462,0.248,0.29,0.387,0.323,0.29,1.071,0.585,25031
美职,65.0,0.506,0.238,0.256,0.569,0.2,0.231,1.063,0.588,25031
英冠,127.0,0.423,0.264,0.312,0.433,0.236,0.331,0.549,0.76,25031
英甲,7.0,0.399,0.259,0.341,0.571,0.429,0.0,3.682,0.159,25031
英超,317.0,0.446,0.228,0.327,0.413,0.259,0.328,2.087,0.352,25031
荷乙,57.0,0.455,0.239,0.306,0.456,0.193,0.351,0.877,0.645,25031
荷兰杯,2.0,0.386,0.158,0.456,0.5,0.0,0.5,0.391,0.823,25031
荷甲,38.0,0.396,0.236,0.368,0.316,0.316,0.368,1.65,0.438,25031
葡萄牙杯,4.0,0.408,0.253,0.339,0.25,0.5,0.25,1.307,0.52,25031
葡超,72.0,0.437,0.239,0.324,0.389,0.264,0.347,0.687,0.709,25031
西甲,215.0,0.438,0.258,0.305,0.442,0.247,0.312,0.144,0.931,25031
解放者杯,18.0,0.5,0.26,0.24,0.444,0.333,0.222,0.512,0.774,25031
足总杯,16.0,0.513,0.205,0.282,0.625,0.125,0.25,0.944,0.624,25031
J2联赛,12.0,0.309,0.275,0.417,0.333,0.25,0.417,0.05,0.975,25032
J联赛,25.0,0.418,0.27,0.311,0.52,0.36,0.12,4.301,0.116,25032
世亚预,80.0,0.482,0.212,0.306,0.412,0.312,0.275,4.841,0.089,25032
世南美预,17.0,0.456,0.252,0.292,0.588,0.412,0.0,7.347,0.025,25032
亚冠,27.0,0.513,0.225,0.262,0.667,0.259,0.074,5.012,0.082,25032
友谊赛,40.0,0.536,0.224,0.24,0.475,0.3,0.225,1.333,0.513,25032
国王杯,3.0,0.479,0.264,0.257,0.0,0.667,0.333,3.341,0.188,25032
天皇杯,31.0,0.385,0.24,0.376,0.452,0.097,0.452,3.475,0.176,25032
奥运女足,22.0,0.468,0.214,0.318,0.5,0.045,0.455,4.264,0.119,25032
奥运男足,27.0,0.421,0.24,0.339,0.481,0.111,0.407,2.465,0.292,25032
德乙,61.0,0.446,0.25,0.304,0.475,0.18,0.344,1.641,0.44,25032
德国杯,18.0,0.465,0.21,0.325,0.611,0.111,0.278,1.79,0.409,25032
德甲,253.0,0.444,0.229,0.326,0.403,0.241,0.356,1.774,0.412,25032
德超杯,1.0,0.549,0.232,0.219,0.0,1.0,0.0,3.308,0.191,25032
意大利杯,20.0,0.586,0.233,0.18,0.75,0.1,0.15,2.541,0.281,25032
意甲,223.0,0.418,0.26,0.322,0.377,0.332,0.291,5.992,0.05,25032
意超杯,1.0,0.535,0.266,0.199,1.0,0.0,0.0,0.869,0.648,25032
挪超,67.0,0.468,0.237,0.295,0.373,0.299,0.328,2.612,0.271,25032
日联杯,10.0,0.276,0.263,0.461,0.3,0.4,0.3,1.294,0.524,25032
欧冠,171.0,0.461,0.227,0.312,0.491,0.187,0.322,1.592,0.451,25032
欧协联,60.0,0.477,0.243,0.28,0.433,0.283,0.283,0.651,0.722,25032
欧国联,112.0,0.446,0.244,0.31,0.438,0.241,0.321,0.073,0.964,25032
欧洲杯,51.0,0.41,0.256,0.333,0.333,0.373,0.294,3.65,0.161,25032
欧洲超级杯,1.0,0.615,0.211,0.174,1.0,0.0,0.0,0.627,0.731,25032
欧联,160.0,0.467,0.244,0.288,0.512,0.206,0.281,1.672,0.433,25032
欧预赛,8.0,0.505,0.262,0.233,0.625,0.25,0.125,0.631,0.73,25032
法乙,107.0,0.412,0.281,0.307,0.458,0.243,0.299,1.122,0.571,25032
法国杯,9.0,0.493,0.229,0.278,0.667,0.222,0.111,1.451,0.484,25032
法甲,138.0,0.441,0.246,0.314,0.42,0.254,0.326,0.235,0.889,25032
瑞典超,66.0,0.443,0.25,0.306,0.591,0.091,0.318,9.952,0.007,25032
社区盾杯,1.0,0.508,0.243,0.249,0.0,1.0,0.0,3.117,0.21,25032
美洲杯,31.0,0.462,0.248,0.29,0.387,0.323,0.29,1.071,0.585,25032
美职,65.0,0.506,0.238,0.256,0.569,0.2,0.231,1.063,0.588,25032
英冠,126.0,0.424,0.264,0.311,0.437,0.238,0.325,0.451,0.798,25032
英甲,5.0,0.343,0.259,0.397,0.4,0.6,0.0,4.273,0.118,25032
英超,316.0,0.445,0.228,0.327,0.411,0.259,0.329,2.233,0.327,25032
荷乙,57.0,0.455,0.239,0.306,0.456,0.193,0.351,0.877,0.645,25032
荷兰杯,2.0,0.386,0.158,0.456,0.5,0.0,0.5,0.391,0.823,25032
荷甲,38.0,0.396,0.236,0.368,0.316,0.316,0.368,1.65,0.438,25032
葡萄牙杯,4.0,0.408,0.253,0.339,0.25,0.5,0.25,1.307,0.52,25032
葡超,71.0,0.436,0.238,0.326,0.394,0.254,0.352,0.508,0.776,25032
西甲,217.0,0.437,0.258,0.305,0.447,0.244,0.309,0.214,0.899,25032
解放者杯,18.0,0.5,0.26,0.24,0.444,0.333,0.222,0.512,0.774,25032
足总杯,18.0,0.536,0.199,0.265,0.611,0.167,0.222,0.403,0.817,25032
J2联赛,12.0,0.309,0.275,0.417,0.333,0.25,0.417,0.05,0.975,25033
J联赛,25.0,0.418,0.27,0.311,0.52,0.36,0.12,4.301,0.116,25033
世亚预,80.0,0.482,0.212,0.306,0.412,0.312,0.275,4.841,0.089,25033
世南美预,17.0,0.456,0.252,0.292,0.588,0.412,0.0,7.347,0.025,25033
亚冠,26.0,0.51,0.226,0.264,0.654,0.269,0.077,4.722,0.094,25033
友谊赛,40.0,0.536,0.224,0.24,0.475,0.3,0.225,1.333,0.513,25033
国王杯,3.0,0.479,0.264,0.257,0.0,0.667,0.333,3.341,0.188,25033
天皇杯,31.0,0.385,0.24,0.376,0.452,0.097,0.452,3.475,0.176,25033
奥运女足,22.0,0.468,0.214,0.318,0.5,0.045,0.455,4.264,0.119,25033
奥运男足,27.0,0.421,0.24,0.339,0.481,0.111,0.407,2.465,0.292,25033
德乙,61.0,0.446,0.25,0.304,0.475,0.18,0.344,1.641,0.44,25033
德国杯,18.0,0.465,0.21,0.325,0.611,0.111,0.278,1.79,0.409,25033
德甲,255.0,0.445,0.23,0.326,0.4,0.243,0.357,2.096,0.351,25033
德超杯,1.0,0.549,0.232,0.219,0.0,1.0,0.0,3.308,0.191,25033
意大利杯,20.0,0.586,0.233,0.18,0.75,0.1,0.15,2.541,0.281,25033
意甲,227.0,0.419,0.26,0.32,0.379,0.33,0.291,5.792,0.055,25033
意超杯,1.0,0.535,0.266,0.199,1.0,0.0,0.0,0.869,0.648,25033
挪超,67.0,0.468,0.237,0.295,0.373,0.299,0.328,2.612,0.271,25033
日联杯,10.0,0.276,0.263,0.461,0.3,0.4,0.3,1.294,0.524,25033
欧冠,169.0,0.462,0.227,0.312,0.485,0.189,0.325,1.339,0.512,25033
欧协联,60.0,0.477,0.243,0.28,0.433,0.283,0.283,0.651,0.722,25033
欧国联,112.0,0.446,0.244,0.31,0.438,0.241,0.321,0.073,0.964,25033
欧洲杯,51.0,0.41,0.256,0.333,0.333,0.373,0.294,3.65,0.161,25033
欧洲超级杯,1.0,0.615,0.211,0.174,1.0,0.0,0.0,0.627,0.731,25033
欧联,152.0,0.464,0.246,0.291,0.5,0.217,0.283,0.97,0.616,25033
欧预赛,8.0,0.505,0.262,0.233,0.625,0.25,0.125,0.631,0.73,25033
法乙,107.0,0.412,0.281,0.307,0.458,0.243,0.299,1.122,0.571,25033
法国杯,8.0,0.474,0.232,0.293,0.625,0.25,0.125,1.167,0.558,25033
法甲,141.0,0.44,0.246,0.314,0.418,0.248,0.333,0.329,0.848,25033
瑞典超,66.0,0.443,0.25,0.306,0.591,0.091,0.318,9.952,0.007,25033
社区盾杯,1.0,0.508,0.243,0.249,0.0,1.0,0.0,3.117,0.21,25033
美洲杯,31.0,0.462,0.248,0.29,0.387,0.323,0.29,1.071,0.585,25033
美职,65.0,0.506,0.238,0.256,0.569,0.2,0.231,1.063,0.588,25033
英冠,126.0,0.424,0.264,0.311,0.437,0.238,0.325,0.451,0.798,25033
英甲,5.0,0.343,0.259,0.397,0.4,0.6,0.0,4.273,0.118,25033
英超,316.0,0.445,0.228,0.327,0.411,0.259,0.329,2.233,0.327,25033
荷乙,57.0,0.455,0.239,0.306,0.456,0.193,0.351,0.877,0.645,25033
荷兰杯,2.0,0.386,0.158,0.456,0.5,0.0,0.5,0.391,0.823,25033
荷甲,38.0,0.396,0.236,0.368,0.316,0.316,0.368,1.65,0.438,25033
葡萄牙杯,4.0,0.408,0.253,0.339,0.25,0.5,0.25,1.307,0.52,25033
葡超,71.0,0.436,0.238,0.326,0.394,0.254,0.352,0.508,0.776,25033
西甲,220.0,0.438,0.258,0.304,0.445,0.25,0.305,0.079,0.961,25033
解放者杯,16.0,0.49,0.263,0.247,0.438,0.312,0.25,0.238,0.888,25033
足总杯,20.0,0.526,0.206,0.268,0.55,0.25,0.2,0.557,0.757,25033
J2联赛,12.0,0.309,0.275,0.417,0.333,0.25,0.417,0.05,0.975,25034
J联赛,25.0,0.418,0.27,0.311,0.52,0.36,0.12,4.301,0.116,25034
世亚预,80.0,0.482,0.212,0.306,0.412,0.312,0.275,4.841,0.089,25034
世南美预,17.0,0.456,0.252,0.292,0.588,0.412,0.0,7.347,0.025,25034
亚冠,32.0,0.467,0.229,0.304,0.625,0.25,0.125,5.159,0.076,25034
友谊赛,40.0,0.536,0.224,0.24,0.475,0.3,0.225,1.333,0.513,25034
国王杯,3.0,0.479,0.264,0.257,0.0,0.667,0.333,3.341,0.188,25034
天皇杯,31.0,0.385,0.24,0.376,0.452,0.097,0.452,3.475,0.176,25034
奥运女足,22.0,0.468,0.214,0.318,0.5,0.045,0.455,4.264,0.119,25034
奥运男足,27.0,0.421,0.24,0.339,0.481,0.111,0.407,2.465,0.292,25034
德乙,59.0,0.448,0.25,0.302,0.492,0.186,0.322,1.288,0.525,25034
德国杯,18.0,0.465,0.21,0.325,0.611,0.111,0.278,1.79,0.409,25034
德甲,254.0,0.446,0.23,0.325,0.402,0.244,0.354,2.032,0.362,25034
德超杯,1.0,0.549,0.232,0.219,0.0,1.0,0.0,3.308,0.191,25034
意大利杯,20.0,0.586,0.233,0.18,0.75,0.1,0.15,2.541,0.281,25034
意甲,226.0,0.42,0.26,0.32,0.381,0.332,0.288,6.039,0.049,25034
意超杯,1.0,0.535,0.266,0.199,1.0,0.0,0.0,0.869,0.648,25034
挪超,67.0,0.468,0.237,0.295,0.373,0.299,0.328,2.612,0.271,25034
日联杯,10.0,0.276,0.263,0.461,0.3,0.4,0.3,1.294,0.524,25034
欧冠,177.0,0.458,0.228,0.314,0.475,0.186,0.339,1.786,0.409,25034
欧协联,60.0,0.477,0.243,0.28,0.433,0.283,0.283,0.651,0.722,25034
欧国联,112.0,0.446,0.244,0.31,0.438,0.241,0.321,0.073,0.964,25034
欧洲杯,51.0,0.41,0.256,0.333,0.333,0.373,0.294,3.65,0.161,25034
欧洲超级杯,1.0,0.615,0.211,0.174,1.0,0.0,0.0,0.627,0.731,25034
欧联,152.0,0.464,0.246,0.291,0.5,0.217,0.283,0.97,0.616,25034
欧预赛,8.0,0.505,0.262,0.233,0.625,0.25,0.125,0.631,0.73,25034
法乙,107.0,0.412,0.281,0.307,0.458,0.243,0.299,1.122,0.571,25034
法国杯,8.0,0.474,0.232,0.293,0.625,0.25,0.125,1.167,0.558,25034
法甲,140.0,0.441,0.245,0.313,0.421,0.25,0.329,0.237,0.888,25034
瑞典超,66.0,0.443,0.25,0.306,0.591,0.091,0.318,9.952,0.007,25034
社区盾杯,1.0,0.508,0.243,0.249,0.0,1.0,0.0,3.117,0.21,25034
美洲杯,31.0,0.462,0.248,0.29,0.387,0.323,0.29,1.071,0.585,25034
美职,65.0,0.506,0.238,0.256,0.569,0.2,0.231,1.063,0.588,25034
英冠,126.0,0.424,0.264,0.311,0.437,0.238,0.325,0.451,0.798,25034
英甲,5.0,0.343,0.259,0.397,0.4,0.6,0.0,4.273,0.118,25034
英超,316.0,0.445,0.228,0.327,0.411,0.259,0.329,2.233,0.327,25034
荷乙,51.0,0.46,0.239,0.302,0.431,0.196,0.373,1.331,0.514,25034
荷兰杯,2.0,0.386,0.158,0.456,0.5,0.0,0.5,0.391,0.823,25034
荷甲,37.0,0.399,0.235,0.366,0.297,0.324,0.378,2.215,0.33,25034
葡萄牙杯,4.0,0.408,0.253,0.339,0.25,0.5,0.25,1.307,0.52,25034
葡超,70.0,0.434,0.238,0.328,0.386,0.257,0.357,0.674,0.714,25034
西甲,219.0,0.437,0.258,0.305,0.443,0.251,0.306,0.057,0.972,25034
解放者杯,16.0,0.49,0.263,0.247,0.438,0.312,0.25,0.238,0.888,25034
足总杯,20.0,0.526,0.206,0.268,0.55,0.25,0.2,0.557,0.757,25034
J2联赛,12.0,0.309,0.275,0.417,0.333,0.25,0.417,0.05,0.975,25035
J联赛,25.0,0.418,0.27,0.311,0.52,0.36,0.12,4.301,0.116,25035
世亚预,80.0,0.482,0.212,0.306,0.412,0.312,0.275,4.841,0.089,25035
世南美预,17.0,0.456,0.252,0.292,0.588,0.412,0.0,7.347,0.025,25035
亚冠,32.0,0.467,0.229,0.304,0.625,0.25,0.125,5.159,0.076,25035
友谊赛,40.0,0.536,0.224,0.24,0.475,0.3,0.225,1.333,0.513,25035
国王杯,3.0,0.479,0.264,0.257,0.0,0.667,0.333,3.341,0.188,25035
天皇杯,31.0,0.385,0.24,0.376,0.452,0.097,0.452,3.475,0.176,25035
奥运女足,22.0,0.468,0.214,0.318,0.5,0.045,0.455,4.264,0.119,25035
奥运男足,27.0,0.421,0.24,0.339,0.481,0.111,0.407,2.465,0.292,25035
德乙,59.0,0.448,0.25,0.302,0.492,0.186,0.322,1.288,0.525,25035
德国杯,18.0,0.465,0.21,0.325,0.611,0.111,0.278,1.79,0.409,25035
德甲,248.0,0.448,0.23,0.322,0.403,0.246,0.351,2.034,0.362,25035
德超杯,1.0,0.549,0.232,0.219,0.0,1.0,0.0,3.308,0.191,25035
意大利杯,20.0,0.586,0.233,0.18,0.75,0.1,0.15,2.541,0.281,25035
意甲,226.0,0.42,0.26,0.32,0.381,0.332,0.288,6.039,0.049,25035
意超杯,1.0,0.535,0.266,0.199,1.0,0.0,0.0,0.869,0.648,25035
挪超,67.0,0.468,0.237,0.295,0.373,0.299,0.328,2.612,0.271,25035
日联杯,10.0,0.276,0.263,0.461,0.3,0.4,0.3,1.294,0.524,25035
欧冠,177.0,0.458,0.228,0.314,0.475,0.186,0.339,1.786,0.409,25035
欧协联,67.0,0.467,0.247,0.286,0.448,0.284,0.269,0.487,0.784,25035
欧国联,112.0,0.446,0.244,0.31,0.438,0.241,0.321,0.073,0.964,25035
欧洲杯,51.0,0.41,0.256,0.333,0.333,0.373,0.294,3.65,0.161,25035
欧洲超级杯,1.0,0.615,0.211,0.174,1.0,0.0,0.0,0.627,0.731,25035
欧联,159.0,0.46,0.247,0.293,0.497,0.214,0.289,1.184,0.553,25035
欧预赛,8.0,0.505,0.262,0.233,0.625,0.25,0.125,0.631,0.73,25035
法乙,107.0,0.412,0.281,0.307,0.458,0.243,0.299,1.122,0.571,25035
法国杯,8.0,0.474,0.232,0.293,0.625,0.25,0.125,1.167,0.558,25035
法甲,139.0,0.441,0.245,0.314,0.424,0.252,0.324,0.151,0.927,25035
瑞典超,66.0,0.443,0.25,0.306,0.591,0.091,0.318,9.952,0.007,25035
社区盾杯,1.0,0.508,0.243,0.249,0.0,1.0,0.0,3.117,0.21,25035
美洲杯,31.0,0.462,0.248,0.29,0.387,0.323,0.29,1.071,0.585,25035
美职,65.0,0.506,0.238,0.256,0.569,0.2,0.231,1.063,0.588,25035
英冠,126.0,0.424,0.264,0.311,0.437,0.238,0.325,0.451,0.798,25035
英甲,5.0,0.343,0.259,0.397,0.4,0.6,0.0,4.273,0.118,25035
英超,313.0,0.447,0.227,0.326,0.409,0.259,0.332,2.392,0.302,25035
荷乙,51.0,0.46,0.239,0.302,0.431,0.196,0.373,1.331,0.514,25035
荷兰杯,2.0,0.386,0.158,0.456,0.5,0.0,0.5,0.391,0.823,25035
荷甲,37.0,0.399,0.235,0.366,0.297,0.324,0.378,2.215,0.33,25035
葡萄牙杯,4.0,0.408,0.253,0.339,0.25,0.5,0.25,1.307,0.52,25035
葡超,69.0,0.431,0.239,0.33,0.377,0.261,0.362,0.824,0.662,25035
西甲,217.0,0.44,0.258,0.302,0.442,0.253,0.304,0.025,0.988,25035
解放者杯,16.0,0.49,0.263,0.247,0.438,0.312,0.25,0.238,0.888,25035
足总杯,19.0,0.513,0.209,0.278,0.526,0.263,0.211,0.579,0.749,25035
J2联赛,12.0,0.309,0.275,0.417,0.333,0.25,0.417,0.05,0.975,25036
J联赛,25.0,0.418,0.27,0.311,0.52,0.36,0.12,4.301,0.116,25036
世亚预,80.0,0.482,0.212,0.306,0.412,0.312,0.275,4.841,0.089,25036
世南美预,17.0,0.456,0.252,0.292,0.588,0.412,0.0,7.347,0.025,25036
亚冠,32.0,0.467,0.229,0.304,0.625,0.25,0.125,5.159,0.076,25036
友谊赛,40.0,0.536,0.224,0.24,0.475,0.3,0.225,1.333,0.513,25036
国王杯,3.0,0.479,0.264,0.257,0.0,0.667,0.333,3.341,0.188,25036
天皇杯,31.0,0.385,0.24,0.376,0.452,0.097,0.452,3.475,0.176,25036
奥运女足,22.0,0.468,0.214,0.318,0.5,0.045,0.455,4.264,0.119,25036
奥运男足,27.0,0.421,0.24,0.339,0.481,0.111,0.407,2.465,0.292,25036
德乙,61.0,0.446,0.251,0.303,0.492,0.197,0.311,1.004,0.605,25036
德国杯,18.0,0.465,0.21,0.325,0.611,0.111,0.278,1.79,0.409,25036
德甲,247.0,0.448,0.23,0.322,0.401,0.247,0.352,2.278,0.32,25036
德超杯,1.0,0.549,0.232,0.219,0.0,1.0,0.0,3.308,0.191,25036
意大利杯,20.0,0.586,0.233,0.18,0.75,0.1,0.15,2.541,0.281,25036
意甲,224.0,0.419,0.261,0.32,0.379,0.335,0.286,6.346,0.042,25036
意超杯,1.0,0.535,0.266,0.199,1.0,0.0,0.0,0.869,0.648,25036
挪超,67.0,0.468,0.237,0.295,0.373,0.299,0.328,2.612,0.271,25036
日联杯,10.0,0.276,0.263,0.461,0.3,0.4,0.3,1.294,0.524,25036
欧冠,177.0,0.458,0.228,0.314,0.475,0.186,0.339,1.786,0.409,25036
欧协联,67.0,0.467,0.247,0.286,0.448,0.284,0.269,0.487,0.784,25036
欧国联,112.0,0.446,0.244,0.31,0.438,0.241,0.321,0.073,0.964,25036
欧洲杯,51.0,0.41,0.256,0.333,0.333,0.373,0.294,3.65,0.161,25036
欧洲超级杯,1.0,0.615,0.211,0.174,1.0,0.0,0.0,0.627,0.731,25036
欧联,159.0,0.46,0.247,0.293,0.497,0.214,0.289,1.184,0.553,25036
欧预赛,8.0,0.505,0.262,0.233,0.625,0.25,0.125,0.631,0.73,25036
法乙,111.0,0.414,0.281,0.305,0.459,0.234,0.306,1.408,0.495,25036
法国杯,8.0,0.474,0.232,0.293,0.625,0.25,0.125,1.167,0.558,25036
法甲,139.0,0.44,0.245,0.314,0.417,0.259,0.324,0.316,0.854,25036
瑞典超,66.0,0.443,0.25,0.306,0.591,0.091,0.318,9.952,0.007,25036
社区盾杯,1.0,0.508,0.243,0.249,0.0,1.0,0.0,3.117,0.21,25036
美洲杯,31.0,0.462,0.248,0.29,0.387,0.323,0.29,1.071,0.585,25036
美职,65.0,0.506,0.238,0.256,0.569,0.2,0.231,1.063,0.588,25036
英冠,127.0,0.426,0.264,0.31,0.433,0.244,0.323,0.273,0.872,25036
英甲,5.0,0.343,0.259,0.397,0.4,0.6,0.0,4.273,0.118,25036
英超,312.0,0.447,0.227,0.326,0.41,0.256,0.333,2.154,0.341,25036
荷乙,53.0,0.455,0.239,0.305,0.434,0.189,0.377,1.518,0.468,25036
荷兰杯,2.0,0.386,0.158,0.456,0.5,0.0,0.5,0.391,0.823,25036
荷甲,38.0,0.396,0.237,0.367,0.289,0.342,0.368,2.875,0.238,25036
葡萄牙杯,4.0,0.408,0.253,0.339,0.25,0.5,0.25,1.307,0.52,25036
葡超,69.0,0.43,0.239,0.331,0.362,0.275,0.362,1.304,0.521,25036
西甲,213.0,0.439,0.258,0.303,0.441,0.258,0.3,0.006,0.997,25036
解放者杯,16.0,0.49,0.263,0.247,0.438,0.312,0.25,0.238,0.888,25036
足总杯,18.0,0.529,0.209,0.262,0.556,0.222,0.222,0.149,0.928,25036
J2联赛,12.0,0.309,0.275,0.417,0.333,0.25,0.417,0.05,0.975,25037
J联赛,25.0,0.418,0.27,0.311,0.52,0.36,0.12,4.301,0.116,25037
世亚预,71.0,0.469,0.218,0.313,0.38,0.324,0.296,4.932,0.085,25037
世南美预,17.0,0.456,0.252,0.292,0.588,0.412,0.0,7.347,0.025,25037
亚冠,32.0,0.467,0.229,0.304,0.625,0.25,0.125,5.159,0.076,25037
友谊赛,40.0,0.536,0.224,0.24,0.475,0.3,0.225,1.333,0.513,25037
国王杯,3.0,0.479,0.264,0.257,0.0,0.667,0.333,3.341,0.188,25037
天皇杯,31.0,0.385,0.24,0.376,0.452,0.097,0.452,3.475,0.176,25037
奥运女足,22.0,0.468,0.214,0.318,0.5,0.045,0.455,4.264,0.119,25037
奥运男足,27.0,0.421,0.24,0.339,0.481,0.111,0.407,2.465,0.292,25037
德乙,61.0,0.446,0.251,0.303,0.492,0.197,0.311,1.004,0.605,25037
德国杯,18.0,0.465,0.21,0.325,0.611,0.111,0.278,1.79,0.409,25037
德甲,253.0,0.451,0.229,0.32,0.391,0.253,0.356,3.61,0.164,25037
德超杯,1.0,0.549,0.232,0.219,0.0,1.0,0.0,3.308,0.191,25037
意大利杯,20.0,0.586,0.233,0.18,0.75,0.1,0.15,2.541,0.281,25037
意甲,225.0,0.418,0.261,0.321,0.378,0.333,0.289,6.111,0.047,25037
意超杯,1.0,0.535,0.266,0.199,1.0,0.0,0.0,0.869,0.648,25037
挪超,67.0,0.468,0.237,0.295,0.373,0.299,0.328,2.612,0.271,25037
日联杯,10.0,0.276,0.263,0.461,0.3,0.4,0.3,1.294,0.524,25037
欧冠,177.0,0.458,0.228,0.314,0.475,0.186,0.339,1.786,0.409,25037
欧协联,67.0,0.467,0.247,0.286,0.448,0.284,0.269,0.487,0.784,25037
欧国联,112.0,0.446,0.244,0.31,0.438,0.241,0.321,0.073,0.964,25037
欧洲杯,51.0,0.41,0.256,0.333,0.333,0.373,0.294,3.65,0.161,25037
欧洲超级杯,1.0,0.615,0.211,0.174,1.0,0.0,0.0,0.627,0.731,25037
欧联,159.0,0.46,0.247,0.293,0.497,0.214,0.289,1.184,0.553,25037
欧预赛,3.0,0.412,0.296,0.291,0.333,0.667,0.0,2.311,0.315,25037
法乙,111.0,0.414,0.281,0.305,0.459,0.234,0.306,1.408,0.495,25037
法国杯,8.0,0.474,0.232,0.293,0.625,0.25,0.125,1.167,0.558,25037
法甲,139.0,0.44,0.245,0.314,0.417,0.259,0.324,0.316,0.854,25037
瑞典超,66.0,0.443,0.25,0.306,0.591,0.091,0.318,9.952,0.007,25037
社区盾杯,1.0,0.508,0.243,0.249,0.0,1.0,0.0,3.117,0.21,25037
美洲杯,31.0,0.462,0.248,0.29,0.387,0.323,0.29,1.071,0.585,25037
美职,65.0,0.506,0.238,0.256,0.569,0.2,0.231,1.063,0.588,25037
英冠,127.0,0.426,0.264,0.31,0.433,0.244,0.323,0.273,0.872,25037
英甲,5.0,0.343,0.259,0.397,0.4,0.6,0.0,4.273,0.118,25037
英超,317.0,0.448,0.227,0.324,0.413,0.256,0.331,2.032,0.362,25037
荷乙,53.0,0.455,0.239,0.305,0.434,0.189,0.377,1.518,0.468,25037
荷兰杯,2.0,0.386,0.158,0.456,0.5,0.0,0.5,0.391,0.823,25037
荷甲,38.0,0.396,0.237,0.367,0.289,0.342,0.368,2.875,0.238,25037
葡萄牙杯,4.0,0.408,0.253,0.339,0.25,0.5,0.25,1.307,0.52,25037
葡超,69.0,0.43,0.239,0.331,0.362,0.275,0.362,1.304,0.521,25037
西甲,214.0,0.439,0.258,0.303,0.444,0.257,0.299,0.025,0.988,25037
解放者杯,16.0,0.49,0.263,0.247,0.438,0.312,0.25,0.238,0.888,25037
足总杯,18.0,0.529,0.209,0.262,0.556,0.222,0.222,0.149,0.928,25037
J2联赛,12.0,0.309,0.275,0.417,0.333,0.25,0.417,0.05,0.975,25038
J联赛,25.0,0.418,0.27,0.311,0.52,0.36,0.12,4.301,0.116,25038
世亚预,71.0,0.469,0.218,0.313,0.38,0.324,0.296,4.932,0.085,25038
世南美预,17.0,0.456,0.252,0.292,0.588,0.412,0.0,7.347,0.025,25038
亚冠,32.0,0.467,0.229,0.304,0.625,0.25,0.125,5.159,0.076,25038
友谊赛,28.0,0.583,0.207,0.21,0.607,0.286,0.107,2.271,0.321,25038
国王杯,3.0,0.479,0.264,0.257,0.0,0.667,0.333,3.341,0.188,25038
天皇杯,31.0,0.385,0.24,0.376,0.452,0.097,0.452,3.475,0.176,25038
奥运女足,22.0,0.468,0.214,0.318,0.5,0.045,0.455,4.264,0.119,25038
奥运男足,27.0,0.421,0.24,0.339,0.481,0.111,0.407,2.465,0.292,25038
德乙,61.0,0.446,0.251,0.303,0.492,0.197,0.311,1.004,0.605,25038
德国杯,18.0,0.465,0.21,0.325,0.611,0.111,0.278,1.79,0.409,25038
德甲,255.0,0.451,0.23,0.319,0.388,0.255,0.357,4.069,0.131,25038
德超杯,1.0,0.549,0.232,0.219,0.0,1.0,0.0,3.308,0.191,25038
意大利杯,20.0,0.586,0.233,0.18,0.75,0.1,0.15,2.541,0.281,25038
意甲,228.0,0.418,0.261,0.321,0.377,0.329,0.294,5.42,0.067,25038
意超杯,1.0,0.535,0.266,0.199,1.0,0.0,0.0,0.869,0.648,25038
挪超,67.0,0.468,0.237,0.295,0.373,0.299,0.328,2.612,0.271,25038
日联杯,10.0,0.276,0.263,0.461,0.3,0.4,0.3,1.294,0.524,25038
欧冠,177.0,0.458,0.228,0.314,0.475,0.186,0.339,1.786,0.409,25038
欧协联,67.0,0.467,0.247,0.286,0.448,0.284,0.269,0.487,0.784,25038
欧国联,112.0,0.446,0.244,0.31,0.438,0.241,0.321,0.073,0.964,25038
欧洲杯,51.0,0.41,0.256,0.333,0.333,0.373,0.294,3.65,0.161,25038
欧洲超级杯,1.0,0.615,0.211,0.174,1.0,0.0,0.0,0.627,0.731,25038
欧联,159.0,0.46,0.247,0.293,0.497,0.214,0.289,1.184,0.553,25038
欧预赛,3.0,0.412,0.296,0.291,0.333,0.667,0.0,2.311,0.315,25038
法乙,111.0,0.414,0.281,0.305,0.459,0.234,0.306,1.408,0.495,25038
法国杯,8.0,0.474,0.232,0.293,0.625,0.25,0.125,1.167,0.558,25038
法甲,141.0,0.441,0.245,0.314,0.418,0.255,0.326,0.279,0.87,25038
瑞典超,66.0,0.443,0.25,0.306,0.591,0.091,0.318,9.952,0.007,25038
社区盾杯,1.0,0.508,0.243,0.249,0.0,1.0,0.0,3.117,0.21,25038
美洲杯,31.0,0.462,0.248,0.29,0.387,0.323,0.29,1.071,0.585,25038
美职,65.0,0.506,0.238,0.256,0.569,0.2,0.231,1.063,0.588,25038
英冠,127.0,0.426,0.264,0.31,0.433,0.244,0.323,0.273,0.872,25038
英甲,3.0,0.464,0.273,0.262,0.333,0.667,0.0,2.598,0.273,25038
英超,320.0,0.448,0.227,0.324,0.412,0.259,0.328,2.382,0.304,25038
荷乙,53.0,0.455,0.239,0.305,0.434,0.189,0.377,1.518,0.468,25038
荷兰杯,2.0,0.386,0.158,0.456,0.5,0.0,0.5,0.391,0.823,25038
荷甲,38.0,0.396,0.237,0.367,0.289,0.342,0.368,2.875,0.238,25038
葡萄牙杯,4.0,0.408,0.253,0.339,0.25,0.5,0.25,1.307,0.52,25038
葡超,69.0,0.43,0.239,0.331,0.362,0.275,0.362,1.304,0.521,25038
西甲,218.0,0.442,0.258,0.301,0.445,0.257,0.298,0.009,0.995,25038
解放者杯,16.0,0.49,0.263,0.247,0.438,0.312,0.25,0.238,0.888,25038
足总杯,18.0,0.529,0.209,0.262,0.556,0.222,0.222,0.149,0.928,25038
J2联赛,12.0,0.309,0.275,0.417,0.333,0.25,0.417,0.05,0.975,25039
J联赛,25.0,0.418,0.27,0.311,0.52,0.36,0.12,4.301,0.116,25039
世亚预,66.0,0.481,0.217,0.303,0.394,0.333,0.273,5.389,0.068,25039
世南美预,17.0,0.456,0.252,0.292,0.588,0.412,0.0,7.347,0.025,25039
亚冠,38.0,0.488,0.226,0.286,0.658,0.211,0.132,5.457,0.065,25039
友谊赛,22.0,0.624,0.198,0.178,0.636,0.273,0.091,1.577,0.454,25039
国王杯,3.0,0.479,0.264,0.257,0.0,0.667,0.333,3.341,0.188,25039
天皇杯,31.0,0.385,0.24,0.376,0.452,0.097,0.452,3.475,0.176,25039
奥运女足,22.0,0.468,0.214,0.318,0.5,0.045,0.455,4.264,0.119,25039
奥运男足,27.0,0.421,0.24,0.339,0.481,0.111,0.407,2.465,0.292,25039
德乙,61.0,0.446,0.251,0.303,0.492,0.197,0.311,1.004,0.605,25039
德国杯,18.0,0.465,0.21,0.325,0.611,0.111,0.278,1.79,0.409,25039
德甲,255.0,0.451,0.23,0.319,0.388,0.255,0.357,4.069,0.131,25039
德超杯,1.0,0.549,0.232,0.219,0.0,1.0,0.0,3.308,0.191,25039
意大利杯,20.0,0.586,0.233,0.18,0.75,0.1,0.15,2.541,0.281,25039
意甲,228.0,0.418,0.261,0.321,0.377,0.329,0.294,5.42,0.067,25039
意超杯,1.0,0.535,0.266,0.199,1.0,0.0,0.0,0.869,0.648,25039
挪超,67.0,0.468,0.237,0.295,0.373,0.299,0.328,2.612,0.271,25039
日联杯,10.0,0.276,0.263,0.461,0.3,0.4,0.3,1.294,0.524,25039
欧冠,185.0,0.46,0.228,0.312,0.476,0.184,0.341,2.184,0.335,25039
欧协联,67.0,0.467,0.247,0.286,0.448,0.284,0.269,0.487,0.784,25039
欧国联,112.0,0.446,0.244,0.31,0.438,0.241,0.321,0.073,0.964,25039
欧洲杯,51.0,0.41,0.256,0.333,0.333,0.373,0.294,3.65,0.161,25039
欧洲超级杯,1.0,0.615,0.211,0.174,1.0,0.0,0.0,0.627,0.731,25039
欧联,159.0,0.46,0.247,0.293,0.497,0.214,0.289,1.184,0.553,25039
法乙,111.0,0.414,0.281,0.305,0.459,0.234,0.306,1.408,0.495,25039
法国杯,8.0,0.474,0.232,0.293,0.625,0.25,0.125,1.167,0.558,25039
法甲,141.0,0.441,0.245,0.314,0.418,0.255,0.326,0.279,0.87,25039
瑞典超,66.0,0.443,0.25,0.306,0.591,0.091,0.318,9.952,0.007,25039
社区盾杯,1.0,0.508,0.243,0.249,0.0,1.0,0.0,3.117,0.21,25039
美洲杯,31.0,0.462,0.248,0.29,0.387,0.323,0.29,1.071,0.585,25039
美职,65.0,0.506,0.238,0.256,0.569,0.2,0.231,1.063,0.588,25039
英冠,127.0,0.426,0.264,0.31,0.433,0.244,0.323,0.273,0.872,25039
英甲,3.0,0.464,0.273,0.262,0.333,0.667,0.0,2.598,0.273,25039
英超,320.0,0.448,0.227,0.324,0.412,0.259,0.328,2.382,0.304,25039
荷乙,53.0,0.455,0.239,0.305,0.434,0.189,0.377,1.518,0.468,25039
荷兰杯,2.0,0.386,0.158,0.456,0.5,0.0,0.5,0.391,0.823,25039
荷甲,38.0,0.396,0.237,0.367,0.289,0.342,0.368,2.875,0.238,25039
葡萄牙杯,4.0,0.408,0.253,0.339,0.25,0.5,0.25,1.307,0.52,25039
葡超,69.0,0.43,0.239,0.331,0.362,0.275,0.362,1.304,0.521,25039
西甲,218.0,0.442,0.258,0.301,0.445,0.257,0.298,0.009,0.995,25039
解放者杯,16.0,0.49,0.263,0.247,0.438,0.312,0.25,0.238,0.888,25039
足总杯,18.0,0.529,0.209,0.262,0.556,0.222,0.222,0.149,0.928,25039
J2联赛,12.0,0.309,0.275,0.417,0.333,0.25,0.417,0.05,0.975,25040
J联赛,25.0,0.418,0.27,0.311,0.52,0.36,0.12,4.301,0.116,25040
世亚预,66.0,0.481,0.217,0.303,0.394,0.333,0.273,5.389,0.068,25040
世南美预,17.0,0.456,0.252,0.292,0.588,0.412,0.0,7.347,0.025,25040
亚冠,38.0,0.488,0.226,0.286,0.658,0.211,0.132,5.457,0.065,25040
友谊赛,22.0,0.624,0.198,0.178,0.636,0.273,0.091,1.577,0.454,25040
国王杯,3.0,0.479,0.264,0.257,0.0,0.667,0.333,3.341,0.188,25040
天皇杯,31.0,0.385,0.24,0.376,0.452,0.097,0.452,3.475,0.176,25040
奥运女足,22.0,0.468,0.214,0.318,0.5,0.045,0.455,4.264,0.119,25040
奥运男足,27.0,0.421,0.24,0.339,0.481,0.111,0.407,2.465,0.292,25040
德乙,61.0,0.446,0.251,0.303,0.492,0.197,0.311,1.004,0.605,25040
德国杯,18.0,0.465,0.21,0.325,0.611,0.111,0.278,1.79,0.409,25040
德甲,255.0,0.451,0.23,0.319,0.388,0.255,0.357,4.069,0.131,25040
德超杯,1.0,0.549,0.232,0.219,0.0,1.0,0.0,3.308,0.191,25040
意大利杯,20.0,0.586,0.233,0.18,0.75,0.1,0.15,2.541,0.281,25040
意甲,228.0,0.418,0.261,0.321,0.377,0.329,0.294,5.42,0.067,25040
意超杯,1.0,0.535,0.266,0.199,1.0,0.0,0.0,0.869,0.648,25040
挪超,67.0,0.468,0.237,0.295,0.373,0.299,0.328,2.612,0.271,25040
日联杯,10.0,0.276,0.263,0.461,0.3,0.4,0.3,1.294,0.524,25040
欧冠,185.0,0.46,0.228,0.312,0.476,0.184,0.341,2.184,0.335,25040
欧协联,74.0,0.471,0.247,0.282,0.473,0.27,0.257,0.331,0.847,25040
欧国联,112.0,0.446,0.244,0.31,0.438,0.241,0.321,0.073,0.964,25040
欧洲杯,51.0,0.41,0.256,0.333,0.333,0.373,0.294,3.65,0.161,25040
欧洲超级杯,1.0,0.615,0.211,0.174,1.0,0.0,0.0,0.627,0.731,25040
欧联,166.0,0.463,0.247,0.29,0.506,0.211,0.283,1.549,0.461,25040
法乙,111.0,0.414,0.281,0.305,0.459,0.234,0.306,1.408,0.495,25040
法国杯,8.0,0.474,0.232,0.293,0.625,0.25,0.125,1.167,0.558,25040
法甲,140.0,0.44,0.245,0.314,0.414,0.257,0.329,0.39,0.823,25040
瑞典超,66.0,0.443,0.25,0.306,0.591,0.091,0.318,9.952,0.007,25040
社区盾杯,1.0,0.508,0.243,0.249,0.0,1.0,0.0,3.117,0.21,25040
美洲杯,31.0,0.462,0.248,0.29,0.387,0.323,0.29,1.071,0.585,25040
美职,65.0,0.506,0.238,0.256,0.569,0.2,0.231,1.063,0.588,25040
英冠,117.0,0.425,0.265,0.31,0.444,0.239,0.316,0.415,0.813,25040
英甲,3.0,0.464,0.273,0.262,0.333,0.667,0.0,2.598,0.273,25040
英超,320.0,0.448,0.227,0.324,0.412,0.259,0.328,2.382,0.304,25040
荷乙,53.0,0.455,0.239,0.305,0.434,0.189,0.377,1.518,0.468,25040
荷兰杯,2.0,0.386,0.158,0.456,0.5,0.0,0.5,0.391,0.823,25040
荷甲,38.0,0.396,0.237,0.367,0.289,0.342,0.368,2.875,0.238,25040
葡萄牙杯,4.0,0.408,0.253,0.339,0.25,0.5,0.25,1.307,0.52,25040
葡超,66.0,0.429,0.242,0.329,0.364,0.288,0.348,1.319,0.517,25040
西甲,218.0,0.442,0.258,0.301,0.445,0.257,0.298,0.009,0.995,25040
解放者杯,16.0,0.49,0.263,0.247,0.438,0.312,0.25,0.238,0.888,25040
足总杯,18.0,0.529,0.209,0.262,0.556,0.222,0.222,0.149,0.928,25040
J2联赛,12.0,0.309,0.275,0.417,0.333,0.25,0.417,0.05,0.975,25041
J联赛,25.0,0.418,0.27,0.311,0.52,0.36,0.12,4.301,0.116,25041
世亚预,66.0,0.481,0.217,0.303,0.394,0.333,0.273,5.389,0.068,25041
世南美预,17.0,0.456,0.252,0.292,0.588,0.412,0.0,7.347,0.025,25041
亚冠,38.0,0.488,0.226,0.286,0.658,0.211,0.132,5.457,0.065,25041
友谊赛,22.0,0.624,0.198,0.178,0.636,0.273,0.091,1.577,0.454,25041
国王杯,3.0,0.479,0.264,0.257,0.0,0.667,0.333,3.341,0.188,25041
天皇杯,31.0,0.385,0.24,0.376,0.452,0.097,0.452,3.475,0.176,25041
奥运女足,22.0,0.468,0.214,0.318,0.5,0.045,0.455,4.264,0.119,25041
奥运男足,27.0,0.421,0.24,0.339,0.481,0.111,0.407,2.465,0.292,25041
德乙,63.0,0.445,0.251,0.304,0.476,0.19,0.333,1.24,0.538,25041
德国杯,18.0,0.465,0.21,0.325,0.611,0.111,0.278,1.79,0.409,25041
德甲,252.0,0.449,0.23,0.321,0.393,0.254,0.353,3.187,0.203,25041
德超杯,1.0,0.549,0.232,0.219,0.0,1.0,0.0,3.308,0.191,25041
意大利杯,20.0,0.586,0.233,0.18,0.75,0.1,0.15,2.541,0.281,25041
意甲,227.0,0.419,0.261,0.32,0.379,0.33,0.291,5.634,0.06,25041
意超杯,1.0,0.535,0.266,0.199,1.0,0.0,0.0,0.869,0.648,25041
挪超,67.0,0.468,0.237,0.295,0.373,0.299,0.328,2.612,0.271,25041
日联杯,10.0,0.276,0.263,0.461,0.3,0.4,0.3,1.294,0.524,25041
欧冠,185.0,0.46,0.228,0.312,0.476,0.184,0.341,2.184,0.335,25041
欧协联,74.0,0.471,0.247,0.282,0.473,0.27,0.257,0.331,0.847,25041
欧国联,112.0,0.446,0.244,0.31,0.438,0.241,0.321,0.073,0.964,25041
欧洲杯,51.0,0.41,0.256,0.333,0.333,0.373,0.294,3.65,0.161,25041
欧洲超级杯,1.0,0.615,0.211,0.174,1.0,0.0,0.0,0.627,0.731,25041
欧联,166.0,0.463,0.247,0.29,0.506,0.211,0.283,1.549,0.461,25041
法乙,115.0,0.412,0.281,0.307,0.452,0.243,0.304,1.041,0.594,25041
法国杯,8.0,0.474,0.232,0.293,0.625,0.25,0.125,1.167,0.558,25041
法甲,140.0,0.441,0.245,0.314,0.414,0.257,0.329,0.42,0.811,25041
瑞典超,66.0,0.443,0.25,0.306,0.591,0.091,0.318,9.952,0.007,25041
社区盾杯,1.0,0.508,0.243,0.249,0.0,1.0,0.0,3.117,0.21,25041
美洲杯,31.0,0.462,0.248,0.29,0.387,0.323,0.29,1.071,0.585,25041
美职,65.0,0.506,0.238,0.256,0.569,0.2,0.231,1.063,0.588,25041
英冠,118.0,0.425,0.265,0.309,0.449,0.237,0.314,0.515,0.773,25041
英甲,3.0,0.464,0.273,0.262,0.333,0.667,0.0,2.598,0.273,25041
英超,314.0,0.446,0.227,0.326,0.411,0.255,0.334,1.979,0.372,25041
荷乙,55.0,0.453,0.24,0.308,0.436,0.182,0.382,1.793,0.408,25041
荷兰杯,2.0,0.386,0.158,0.456,0.5,0.0,0.5,0.391,0.823,25041
荷甲,39.0,0.397,0.238,0.365,0.282,0.359,0.359,3.702,0.157,25041
葡萄牙杯,4.0,0.408,0.253,0.339,0.25,0.5,0.25,1.307,0.52,25041
葡超,65.0,0.428,0.241,0.331,0.354,0.292,0.354,1.655,0.437,25041
西甲,219.0,0.441,0.258,0.301,0.443,0.26,0.297,0.018,0.991,25041
解放者杯,16.0,0.49,0.263,0.247,0.438,0.312,0.25,0.238,0.888,25041
足总杯,18.0,0.529,0.209,0.262,0.556,0.222,0.222,0.149,0.928,25041
J2联赛,12.0,0.309,0.275,0.417,0.333,0.25,0.417,0.05,0.975,25042
J联赛,25.0,0.418,0.27,0.311,0.52,0.36,0.12,4.301,0.116,25042
世亚预,66.0,0.481,0.217,0.303,0.394,0.333,0.273,5.389,0.068,25042
世南美预,17.0,0.456,0.252,0.292,0.588,0.412,0.0,7.347,0.025,25042
亚冠,38.0,0.488,0.226,0.286,0.658,0.211,0.132,5.457,0.065,25042
友谊赛,22.0,0.624,0.198,0.178,0.636,0.273,0.091,1.577,0.454,25042
国王杯,3.0,0.479,0.264,0.257,0.0,0.667,0.333,3.341,0.188,25042
天皇杯,31.0,0.385,0.24,0.376,0.452,0.097,0.452,3.475,0.176,25042
奥运女足,22.0,0.468,0.214,0.318,0.5,0.045,0.455,4.264,0.119,25042
奥运男足,27.0,0.421,0.24,0.339,0.481,0.111,0.407,2.465,0.292,25042
德乙,63.0,0.445,0.251,0.304,0.476,0.19,0.333,1.24,0.538,25042
德国杯,18.0,0.465,0.21,0.325,0.611,0.111,0.278,1.79,0.409,25042
德甲,254.0,0.445,0.231,0.324,0.398,0.248,0.354,2.284,0.319,25042
德超杯,1.0,0.549,0.232,0.219,0.0,1.0,0.0,3.308,0.191,25042
意大利杯,20.0,0.586,0.233,0.18,0.75,0.1,0.15,2.541,0.281,25042
意甲,229.0,0.42,0.261,0.319,0.384,0.328,0.288,5.213,0.074,25042
意超杯,1.0,0.535,0.266,0.199,1.0,0.0,0.0,0.869,0.648,25042
挪超,67.0,0.468,0.237,0.295,0.373,0.299,0.328,2.612,0.271,25042
日联杯,10.0,0.276,0.263,0.461,0.3,0.4,0.3,1.294,0.524,25042
欧冠,185.0,0.46,0.228,0.312,0.476,0.184,0.341,2.184,0.335,25042
欧协联,74.0,0.471,0.247,0.282,0.473,0.27,0.257,0.331,0.847,25042
欧国联,112.0,0.446,0.244,0.31,0.438,0.241,0.321,0.073,0.964,25042
欧洲杯,51.0,0.41,0.256,0.333,0.333,0.373,0.294,3.65,0.161,25042
欧洲超级杯,1.0,0.615,0.211,0.174,1.0,0.0,0.0,0.627,0.731,25042
欧联,166.0,0.463,0.247,0.29,0.506,0.211,0.283,1.549,0.461,25042
法乙,115.0,0.412,0.281,0.307,0.452,0.243,0.304,1.041,0.594,25042
法国杯,8.0,0.474,0.232,0.293,0.625,0.25,0.125,1.167,0.558,25042
法甲,135.0,0.445,0.244,0.311,0.422,0.267,0.311,0.451,0.798,25042
瑞典超,66.0,0.443,0.25,0.306,0.591,0.091,0.318,9.952,0.007,25042
社区盾杯,1.0,0.508,0.243,0.249,0.0,1.0,0.0,3.117,0.21,25042
美洲杯,31.0,0.462,0.248,0.29,0.387,0.323,0.29,1.071,0.585,25042
美职,65.0,0.506,0.238,0.256,0.569,0.2,0.231,1.063,0.588,25042
英冠,118.0,0.425,0.265,0.309,0.449,0.237,0.314,0.515,0.773,25042
英甲,3.0,0.464,0.273,0.262,0.333,0.667,0.0,2.598,0.273,25042
英超,317.0,0.445,0.228,0.327,0.404,0.256,0.341,2.411,0.3,25042
荷乙,55.0,0.453,0.24,0.308,0.436,0.182,0.382,1.793,0.408,25042
荷兰杯,2.0,0.386,0.158,0.456,0.5,0.0,0.5,0.391,0.823,25042
荷甲,39.0,0.397,0.238,0.365,0.282,0.359,0.359,3.702,0.157,25042
葡萄牙杯,4.0,0.408,0.253,0.339,0.25,0.5,0.25,1.307,0.52,25042
葡超,64.0,0.428,0.24,0.332,0.359,0.297,0.344,1.59,0.452,25042
西甲,218.0,0.441,0.258,0.302,0.436,0.266,0.298,0.077,0.962,25042
解放者杯,16.0,0.49,0.263,0.247,0.438,0.312,0.25,0.238,0.888,25042
足总杯,18.0,0.529,0.209,0.262,0.556,0.222,0.222,0.149,0.928,25042
J2联赛,12.0,0.309,0.275,0.417,0.333,0.25,0.417,0.05,0.975,25043
J联赛,25.0,0.418,0.27,0.311,0.52,0.36,0.12,4.301,0.116,25043
世亚预,66.0,0.481,0.217,0.303,0.394,0.333,0.273,5.389,0.068,25043
世南美预,17.0,0.456,0.252,0.292,0.588,0.412,0.0,7.347,0.025,25043
亚冠,38.0,0.488,0.226,0.286,0.658,0.211,0.132,5.457,0.065,25043
友谊赛,22.0,0.624,0.198,0.178,0.636,0.273,0.091,1.577,0.454,25043
国王杯,3.0,0.479,0.264,0.257,0.0,0.667,0.333,3.341,0.188,25043
天皇杯,31.0,0.385,0.24,0.376,0.452,0.097,0.452,3.475,0.176,25043
奥运女足,22.0,0.468,0.214,0.318,0.5,0.045,0.455,4.264,0.119,25043
奥运男足,27.0,0.421,0.24,0.339,0.481,0.111,0.407,2.465,0.292,25043
德乙,63.0,0.445,0.251,0.304,0.476,0.19,0.333,1.24,0.538,25043
德国杯,18.0,0.465,0.21,0.325,0.611,0.111,0.278,1.79,0.409,25043
德甲,256.0,0.444,0.231,0.325,0.395,0.246,0.359,2.569,0.277,25043
德超杯,1.0,0.549,0.232,0.219,0.0,1.0,0.0,3.308,0.191,25043
意大利杯,20.0,0.586,0.233,0.18,0.75,0.1,0.15,2.541,0.281,25043
意甲,229.0,0.419,0.262,0.319,0.393,0.314,0.293,3.3,0.192,25043
意超杯,1.0,0.535,0.266,0.199,1.0,0.0,0.0,0.869,0.648,25043
挪超,67.0,0.468,0.237,0.295,0.373,0.299,0.328,2.612,0.271,25043
日联杯,10.0,0.276,0.263,0.461,0.3,0.4,0.3,1.294,0.524,25043
欧冠,185.0,0.46,0.228,0.312,0.476,0.184,0.341,2.184,0.335,25043
欧协联,74.0,0.471,0.247,0.282,0.473,0.27,0.257,0.331,0.847,25043
欧国联,112.0,0.446,0.244,0.31,0.438,0.241,0.321,0.073,0.964,25043
欧洲杯,51.0,0.41,0.256,0.333,0.333,0.373,0.294,3.65,0.161,25043
欧洲超级杯,1.0,0.615,0.211,0.174,1.0,0.0,0.0,0.627,0.731,25043
欧联,166.0,0.463,0.247,0.29,0.506,0.211,0.283,1.549,0.461,25043
法乙,115.0,0.412,0.281,0.307,0.452,0.243,0.304,1.041,0.594,25043
法国杯,8.0,0.474,0.232,0.293,0.625,0.25,0.125,1.167,0.558,25043
法甲,137.0,0.448,0.243,0.309,0.423,0.27,0.307,0.592,0.744,25043
瑞典超,66.0,0.443,0.25,0.306,0.591,0.091,0.318,9.952,0.007,25043
社区盾杯,1.0,0.508,0.243,0.249,0.0,1.0,0.0,3.117,0.21,25043
美洲杯,31.0,0.462,0.248,0.29,0.387,0.323,0.29,1.071,0.585,25043
美职,65.0,0.506,0.238,0.256,0.569,0.2,0.231,1.063,0.588,25043
英冠,110.0,0.422,0.266,0.313,0.455,0.245,0.3,0.506,0.777,25043
英甲,3.0,0.464,0.273,0.262,0.333,0.667,0.0,2.598,0.273,25043
英超,320.0,0.445,0.228,0.327,0.406,0.253,0.341,2.092,0.351,25043
荷乙,55.0,0.453,0.24,0.308,0.436,0.182,0.382,1.793,0.408,25043
荷兰杯,2.0,0.386,0.158,0.456,0.5,0.0,0.5,0.391,0.823,25043
荷甲,39.0,0.397,0.238,0.365,0.282,0.359,0.359,3.702,0.157,25043
葡萄牙杯,4.0,0.408,0.253,0.339,0.25,0.5,0.25,1.307,0.52,25043
葡超,63.0,0.433,0.241,0.326,0.365,0.302,0.333,1.642,0.44,25043
西甲,220.0,0.44,0.258,0.301,0.432,0.268,0.3,0.117,0.943,25043
解放者杯,16.0,0.49,0.263,0.247,0.438,0.312,0.25,0.238,0.888,25043
足总杯,18.0,0.529,0.209,0.262,0.556,0.222,0.222,0.149,0.928,25043
J2联赛,12.0,0.309,0.275,0.417,0.333,0.25,0.417,0.05,0.975,25044
J联赛,25.0,0.418,0.27,0.311,0.52,0.36,0.12,4.301,0.116,25044
世亚预,71.0,0.498,0.213,0.288,0.423,0.324,0.254,5.179,0.075,25044
世南美预,17.0,0.456,0.252,0.292,0.588,0.412,0.0,7.347,0.025,25044
亚冠,38.0,0.488,0.226,0.286,0.658,0.211,0.132,5.457,0.065,25044
友谊赛,22.0,0.624,0.198,0.178,0.636,0.273,0.091,1.577,0.454,25044
国王杯,3.0,0.479,0.264,0.257,0.0,0.667,0.333,3.341,0.188,25044
天皇杯,31.0,0.385,0.24,0.376,0.452,0.097,0.452,3.475,0.176,25044
奥运女足,22.0,0.468,0.214,0.318,0.5,0.045,0.455,4.264,0.119,25044
奥运男足,27.0,0.421,0.24,0.339,0.481,0.111,0.407,2.465,0.292,25044
德乙,63.0,0.445,0.251,0.304,0.476,0.19,0.333,1.24,0.538,25044
德国杯,17.0,0.472,0.205,0.323,0.647,0.118,0.235,2.148,0.342,25044
德甲,256.0,0.444,0.231,0.325,0.395,0.246,0.359,2.569,0.277,25044
德超杯,1.0,0.549,0.232,0.219,0.0,1.0,0.0,3.308,0.191,25044
意大利杯,19.0,0.589,0.231,0.18,0.737,0.105,0.158,2.06,0.357,25044
意甲,229.0,0.419,0.262,0.319,0.393,0.314,0.293,3.3,0.192,25044
意超杯,1.0,0.535,0.266,0.199,1.0,0.0,0.0,0.869,0.648,25044
挪超,66.0,0.469,0.236,0.295,0.379,0.288,0.333,2.225,0.329,25044
日联杯,10.0,0.276,0.263,0.461,0.3,0.4,0.3,1.294,0.524,25044
欧冠,185.0,0.46,0.228,0.312,0.476,0.184,0.341,2.184,0.335,25044
欧协联,74.0,0.471,0.247,0.282,0.473,0.27,0.257,0.331,0.847,25044
欧国联,121.0,0.442,0.247,0.311,0.43,0.248,0.322,0.09,0.956,25044
欧洲杯,51.0,0.41,0.256,0.333,0.333,0.373,0.294,3.65,0.161,25044
欧洲超级杯,1.0,0.615,0.211,0.174,1.0,0.0,0.0,0.627,0.731,25044
欧联,166.0,0.463,0.247,0.29,0.506,0.211,0.283,1.549,0.461,25044
法乙,115.0,0.412,0.281,0.307,0.452,0.243,0.304,1.041,0.594,25044
法国杯,7.0,0.427,0.246,0.327,0.571,0.286,0.143,1.111,0.574,25044
法甲,137.0,0.448,0.243,0.309,0.423,0.27,0.307,0.592,0.744,25044
瑞典超,66.0,0.443,0.25,0.306,0.591,0.091,0.318,9.952,0.007,25044
社区盾杯,1.0,0.508,0.243,0.249,0.0,1.0,0.0,3.117,0.21,25044
美洲杯,31.0,0.462,0.248,0.29,0.387,0.323,0.29,1.071,0.585,25044
美职,65.0,0.506,0.238,0.256,0.569,0.2,0.231,1.063,0.588,25044
英冠,110.0,0.422,0.266,0.313,0.455,0.245,0.3,0.506,0.777,25044
英甲,2.0,0.49,0.265,0.245,0.5,0.5,0.0,0.909,0.635,25044
英超,315.0,0.445,0.228,0.327,0.406,0.248,0.346,1.954,0.376,25044
荷乙,55.0,0.453,0.24,0.308,0.436,0.182,0.382,1.793,0.408,25044
荷兰杯,2.0,0.386,0.158,0.456,0.5,0.0,0.5,0.391,0.823,25044
荷甲,36.0,0.408,0.239,0.352,0.306,0.361,0.333,3.189,0.203,25044
葡萄牙杯,3.0,0.402,0.248,0.35,0.333,0.333,0.333,0.126,0.939,25044
葡超,63.0,0.433,0.241,0.326,0.365,0.302,0.333,1.642,0.44,25044
西甲,220.0,0.44,0.258,0.301,0.432,0.268,0.3,0.117,0.943,25044
解放者杯,16.0,0.49,0.263,0.247,0.438,0.312,0.25,0.238,0.888,25044
足总杯,18.0,0.529,0.209,0.262,0.556,0.222,0.222,0.149,0.928,25044
J2联赛,12.0,0.309,0.275,0.417,0.333,0.25,0.417,0.05,0.975,25045
J联赛,25.0,0.418,0.27,0.311,0.52,0.36,0.12,4.301,0.116,25045
世亚预,71.0,0.498,0.213,0.288,0.423,0.324,0.254,5.179,0.075,25045
世南美预,19.0,0.464,0.253,0.282,0.579,0.368,0.053,5.079,0.079,25045
世欧预,9.0,0.551,0.171,0.278,0.556,0.0,0.444,2.428,0.297,25045
亚冠,38.0,0.488,0.226,0.286,0.658,0.211,0.132,5.457,0.065,25045
友谊赛,22.0,0.624,0.198,0.178,0.636,0.273,0.091,1.577,0.454,25045
国王杯,3.0,0.479,0.264,0.257,0.0,0.667,0.333,3.341,0.188,25045
天皇杯,31.0,0.385,0.24,0.376,0.452,0.097,0.452,3.475,0.176,25045
奥运女足,22.0,0.468,0.214,0.318,0.5,0.045,0.455,4.264,0.119,25045
奥运男足,27.0,0.421,0.24,0.339,0.481,0.111,0.407,2.465,0.292,25045
德乙,63.0,0.445,0.251,0.304,0.476,0.19,0.333,1.24,0.538,25045
德国杯,16.0,0.451,0.211,0.339,0.625,0.125,0.25,2.005,0.367,25045
德甲,256.0,0.444,0.231,0.325,0.395,0.246,0.359,2.569,0.277,25045
德超杯,1.0,0.549,0.232,0.219,0.0,1.0,0.0,3.308,0.191,25045
意大利杯,18.0,0.602,0.227,0.171,0.722,0.111,0.167,1.508,0.47,25045
意甲,229.0,0.419,0.262,0.319,0.393,0.314,0.293,3.3,0.192,25045
意超杯,1.0,0.535,0.266,0.199,1.0,0.0,0.0,0.869,0.648,25045
挪超,66.0,0.469,0.236,0.295,0.379,0.288,0.333,2.225,0.329,25045
日联杯,10.0,0.276,0.263,0.461,0.3,0.4,0.3,1.294,0.524,25045
欧冠,185.0,0.46,0.228,0.312,0.476,0.184,0.341,2.184,0.335,25045
欧协联,74.0,0.471,0.247,0.282,0.473,0.27,0.257,0.331,0.847,25045
欧国联,121.0,0.442,0.247,0.311,0.43,0.248,0.322,0.09,0.956,25045
欧洲杯,51.0,0.41,0.256,0.333,0.333,0.373,0.294,3.65,0.161,25045
欧洲超级杯,1.0,0.615,0.211,0.174,1.0,0.0,0.0,0.627,0.731,25045
欧联,166.0,0.463,0.247,0.29,0.506,0.211,0.283,1.549,0.461,25045
法乙,115.0,0.412,0.281,0.307,0.452,0.243,0.304,1.041,0.594,25045
法国杯,6.0,0.383,0.257,0.361,0.5,0.333,0.167,0.979,0.613,25045
法甲,137.0,0.448,0.243,0.309,0.423,0.27,0.307,0.592,0.744,25045
瑞典超,66.0,0.443,0.25,0.306,0.591,0.091,0.318,9.952,0.007,25045
社区盾杯,1.0,0.508,0.243,0.249,0.0,1.0,0.0,3.117,0.21,25045
美洲杯,31.0,0.462,0.248,0.29,0.387,0.323,0.29,1.071,0.585,25045
美职,66.0,0.506,0.238,0.256,0.561,0.212,0.227,0.774,0.679,25045
英冠,110.0,0.422,0.266,0.313,0.455,0.245,0.3,0.506,0.777,25045
英甲,2.0,0.49,0.265,0.245,0.5,0.5,0.0,0.909,0.635,25045
英超,310.0,0.441,0.229,0.33,0.4,0.248,0.352,2.157,0.34,25045
荷乙,57.0,0.455,0.24,0.306,0.421,0.211,0.368,1.079,0.583,25045
荷兰杯,2.0,0.386,0.158,0.456,0.5,0.0,0.5,0.391,0.823,25045
荷甲,32.0,0.417,0.244,0.339,0.344,0.281,0.375,0.726,0.696,25045
葡萄牙杯,2.0,0.499,0.242,0.259,0.5,0.5,0.0,1.068,0.586,25045
葡超,63.0,0.433,0.241,0.326,0.365,0.302,0.333,1.642,0.44,25045
西甲,219.0,0.441,0.258,0.301,0.434,0.269,0.297,0.143,0.931,25045
解放者杯,16.0,0.49,0.263,0.247,0.438,0.312,0.25,0.238,0.888,25045
足总杯,18.0,0.529,0.209,0.262,0.556,0.222,0.222,0.149,0.928,25045
J2联赛,12.0,0.309,0.275,0.417,0.333,0.25,0.417,0.05,0.975,25046
J联赛,25.0,0.418,0.27,0.311,0.52,0.36,0.12,4.301,0.116,25046
世亚预,71.0,0.498,0.213,0.288,0.423,0.324,0.254,5.179,0.075,25046
世南美预,19.0,0.464,0.253,0.282,0.579,0.368,0.053,5.079,0.079,25046
世欧预,13.0,0.566,0.156,0.278,0.615,0.0,0.385,2.621,0.27,25046
亚冠,38.0,0.488,0.226,0.286,0.658,0.211,0.132,5.457,0.065,25046
友谊赛,22.0,0.624,0.198,0.178,0.636,0.273,0.091,1.577,0.454,25046
国王杯,2.0,0.444,0.253,0.303,0.0,0.5,0.5,1.629,0.443,25046
天皇杯,31.0,0.385,0.24,0.376,0.452,0.097,0.452,3.475,0.176,25046
奥运女足,22.0,0.468,0.214,0.318,0.5,0.045,0.455,4.264,0.119,25046
奥运男足,27.0,0.421,0.24,0.339,0.481,0.111,0.407,2.465,0.292,25046
德乙,63.0,0.445,0.251,0.304,0.476,0.19,0.333,1.24,0.538,25046
德国杯,16.0,0.451,0.211,0.339,0.625,0.125,0.25,2.005,0.367,25046
德甲,252.0,0.447,0.232,0.321,0.397,0.25,0.353,2.565,0.277,25046
德超杯,1.0,0.549,0.232,0.219,0.0,1.0,0.0,3.308,0.191,25046
意大利杯,18.0,0.602,0.227,0.171,0.722,0.111,0.167,1.508,0.47,25046
意甲,227.0,0.42,0.261,0.319,0.388,0.317,0.295,3.657,0.161,25046
意超杯,1.0,0.535,0.266,0.199,1.0,0.0,0.0,0.869,0.648,25046
挪超,66.0,0.469,0.236,0.295,0.379,0.288,0.333,2.225,0.329,25046
日联杯,10.0,0.276,0.263,0.461,0.3,0.4,0.3,1.294,0.524,25046
欧冠,185.0,0.46,0.228,0.312,0.476,0.184,0.341,2.184,0.335,25046
欧协联,74.0,0.471,0.247,0.282,0.473,0.27,0.257,0.331,0.847,25046
欧国联,131.0,0.448,0.248,0.304,0.435,0.252,0.313,0.085,0.959,25046
欧洲杯,51.0,0.41,0.256,0.333,0.333,0.373,0.294,3.65,0.161,25046
欧洲超级杯,1.0,0.615,0.211,0.174,1.0,0.0,0.0,0.627,0.731,25046
欧联,166.0,0.463,0.247,0.29,0.506,0.211,0.283,1.549,0.461,25046
法乙,115.0,0.412,0.281,0.307,0.452,0.243,0.304,1.041,0.594,25046
法国杯,6.0,0.383,0.257,0.361,0.5,0.333,0.167,0.979,0.613,25046
法甲,137.0,0.448,0.243,0.309,0.423,0.27,0.307,0.592,0.744,25046
瑞典超,66.0,0.443,0.25,0.306,0.591,0.091,0.318,9.952,0.007,25046
社区盾杯,1.0,0.508,0.243,0.249,0.0,1.0,0.0,3.117,0.21,25046
美洲杯,31.0,0.462,0.248,0.29,0.387,0.323,0.29,1.071,0.585,25046
美职,66.0,0.506,0.238,0.256,0.561,0.212,0.227,0.774,0.679,25046
英冠,110.0,0.422,0.266,0.313,0.455,0.245,0.3,0.506,0.777,25046
英甲,2.0,0.49,0.265,0.245,0.5,0.5,0.0,0.909,0.635,25046
英超,304.0,0.442,0.229,0.329,0.401,0.25,0.349,2.133,0.344,25046
荷乙,57.0,0.455,0.24,0.306,0.421,0.211,0.368,1.079,0.583,25046
荷兰杯,2.0,0.386,0.158,0.456,0.5,0.0,0.5,0.391,0.823,25046
荷甲,32.0,0.417,0.244,0.339,0.344,0.281,0.375,0.726,0.696,25046
葡萄牙杯,2.0,0.499,0.242,0.259,0.5,0.5,0.0,1.068,0.586,25046
葡超,62.0,0.432,0.24,0.327,0.355,0.306,0.339,2.013,0.365,25046
西甲,219.0,0.441,0.258,0.301,0.434,0.269,0.297,0.143,0.931,25046
解放者杯,16.0,0.49,0.263,0.247,0.438,0.312,0.25,0.238,0.888,25046
足总杯,18.0,0.529,0.209,0.262,0.556,0.222,0.222,0.149,0.928,25046
J2联赛,12.0,0.309,0.275,0.417,0.333,0.25,0.417,0.05,0.975,25047
J联赛,25.0,0.418,0.27,0.311,0.52,0.36,0.12,4.301,0.116,25047
世亚预,77.0,0.49,0.217,0.293,0.416,0.325,0.26,5.294,0.071,25047
世南美预,24.0,0.46,0.263,0.277,0.542,0.417,0.042,7.29,0.026,25047
世欧预,16.0,0.525,0.175,0.301,0.562,0.062,0.375,1.488,0.475,25047
亚冠,38.0,0.488,0.226,0.286,0.658,0.211,0.132,5.457,0.065,25047
友谊赛,22.0,0.624,0.198,0.178,0.636,0.273,0.091,1.577,0.454,25047
国王杯,2.0,0.444,0.253,0.303,0.0,0.5,0.5,1.629,0.443,25047
天皇杯,31.0,0.385,0.24,0.376,0.452,0.097,0.452,3.475,0.176,25047
奥运女足,22.0,0.468,0.214,0.318,0.5,0.045,0.455,4.264,0.119,25047
奥运男足,27.0,0.421,0.24,0.339,0.481,0.111,0.407,2.465,0.292,25047
德乙,63.0,0.445,0.251,0.304,0.476,0.19,0.333,1.24,0.538,25047
德国杯,16.0,0.451,0.211,0.339,0.625,0.125,0.25,2.005,0.367,25047
德甲,250.0,0.447,0.232,0.322,0.396,0.252,0.352,2.612,0.271,25047
德超杯,1.0,0.549,0.232,0.219,0.0,1.0,0.0,3.308,0.191,25047
意大利杯,18.0,0.602,0.227,0.171,0.722,0.111,0.167,1.508,0.47,25047
意甲,223.0,0.422,0.261,0.317,0.386,0.323,0.291,4.4,0.111,25047
意超杯,1.0,0.535,0.266,0.199,1.0,0.0,0.0,0.869,0.648,25047
挪超,66.0,0.469,0.236,0.295,0.379,0.288,0.333,2.225,0.329,25047
日联杯,10.0,0.276,0.263,0.461,0.3,0.4,0.3,1.294,0.524,25047
欧冠,185.0,0.46,0.228,0.312,0.476,0.184,0.341,2.184,0.335,25047
欧协联,74.0,0.471,0.247,0.282,0.473,0.27,0.257,0.331,0.847,25047
欧国联,131.0,0.448,0.248,0.304,0.435,0.252,0.313,0.085,0.959,25047
欧洲杯,51.0,0.41,0.256,0.333,0.333,0.373,0.294,3.65,0.161,25047
欧洲超级杯,1.0,0.615,0.211,0.174,1.0,0.0,0.0,0.627,0.731,25047
欧联,166.0,0.463,0.247,0.29,0.506,0.211,0.283,1.549,0.461,25047
法乙,115.0,0.412,0.281,0.307,0.452,0.243,0.304,1.041,0.594,25047
法国杯,6.0,0.383,0.257,0.361,0.5,0.333,0.167,0.979,0.613,25047
法甲,133.0,0.449,0.242,0.308,0.429,0.263,0.308,0.365,0.833,25047
瑞典超,66.0,0.443,0.25,0.306,0.591,0.091,0.318,9.952,0.007,25047
社区盾杯,1.0,0.508,0.243,0.249,0.0,1.0,0.0,3.117,0.21,25047
美洲杯,31.0,0.462,0.248,0.29,0.387,0.323,0.29,1.071,0.585,25047
美职,66.0,0.506,0.238,0.256,0.561,0.212,0.227,0.774,0.679,25047
英冠,110.0,0.422,0.266,0.313,0.455,0.245,0.3,0.506,0.777,25047
英甲,2.0,0.49,0.265,0.245,0.5,0.5,0.0,0.909,0.635,25047
英超,301.0,0.444,0.229,0.327,0.402,0.246,0.352,2.104,0.349,25047
荷乙,57.0,0.455,0.24,0.306,0.421,0.211,0.368,1.079,0.583,25047
荷兰杯,2.0,0.386,0.158,0.456,0.5,0.0,0.5,0.391,0.823,25047
荷甲,32.0,0.417,0.244,0.339,0.344,0.281,0.375,0.726,0.696,25047
葡萄牙杯,2.0,0.499,0.242,0.259,0.5,0.5,0.0,1.068,0.586,25047
葡超,61.0,0.428,0.241,0.331,0.361,0.311,0.328,1.898,0.387,25047
西甲,219.0,0.441,0.258,0.301,0.434,0.269,0.297,0.143,0.931,25047
解放者杯,16.0,0.49,0.263,0.247,0.438,0.312,0.25,0.238,0.888,25047
足总杯,18.0,0.529,0.209,0.262,0.556,0.222,0.222,0.149,0.928,25047
J2联赛,12.0,0.309,0.275,0.417,0.333,0.25,0.417,0.05,0.975,25048
J联赛,25.0,0.418,0.27,0.311,0.52,0.36,0.12,4.301,0.116,25048
世亚预,77.0,0.49,0.217,0.293,0.416,0.325,0.26,5.294,0.071,25048
世南美预,24.0,0.46,0.263,0.277,0.542,0.417,0.042,7.29,0.026,25048
世欧预,16.0,0.525,0.175,0.301,0.562,0.062,0.375,1.488,0.475,25048
亚冠,38.0,0.488,0.226,0.286,0.658,0.211,0.132,5.457,0.065,25048
友谊赛,22.0,0.624,0.198,0.178,0.636,0.273,0.091,1.577,0.454,25048
国王杯,2.0,0.444,0.253,0.303,0.0,0.5,0.5,1.629,0.443,25048
天皇杯,31.0,0.385,0.24,0.376,0.452,0.097,0.452,3.475,0.176,25048
奥运女足,22.0,0.468,0.214,0.318,0.5,0.045,0.455,4.264,0.119,25048
奥运男足,27.0,0.421,0.24,0.339,0.481,0.111,0.407,2.465,0.292,25048
德乙,65.0,0.444,0.251,0.305,0.477,0.2,0.323,0.917,0.632,25048
德国杯,16.0,0.451,0.211,0.339,0.625,0.125,0.25,2.005,0.367,25048
德甲,251.0,0.448,0.231,0.321,0.398,0.251,0.351,2.511,0.285,25048
德超杯,1.0,0.549,0.232,0.219,0.0,1.0,0.0,3.308,0.191,25048
意大利杯,18.0,0.602,0.227,0.171,0.722,0.111,0.167,1.508,0.47,25048
意甲,222.0,0.423,0.261,0.316,0.387,0.324,0.288,4.547,0.103,25048
意超杯,1.0,0.535,0.266,0.199,1.0,0.0,0.0,0.869,0.648,25048
挪超,66.0,0.469,0.236,0.295,0.379,0.288,0.333,2.225,0.329,25048
日联杯,10.0,0.276,0.263,0.461,0.3,0.4,0.3,1.294,0.524,25048
欧冠,183.0,0.46,0.228,0.313,0.481,0.175,0.344,3.029,0.22,25048
欧协联,74.0,0.471,0.247,0.282,0.473,0.27,0.257,0.331,0.847,25048
欧国联,131.0,0.448,0.248,0.304,0.435,0.252,0.313,0.085,0.959,25048
欧洲杯,51.0,0.41,0.256,0.333,0.333,0.373,0.294,3.65,0.161,25048
欧洲超级杯,1.0,0.615,0.211,0.174,1.0,0.0,0.0,0.627,0.731,25048
欧联,166.0,0.463,0.247,0.29,0.506,0.211,0.283,1.549,0.461,25048
法乙,119.0,0.414,0.281,0.305,0.454,0.252,0.294,0.872,0.647,25048
法国杯,6.0,0.383,0.257,0.361,0.5,0.333,0.167,0.979,0.613,25048
法甲,133.0,0.449,0.242,0.308,0.429,0.263,0.308,0.365,0.833,25048
瑞典超,64.0,0.443,0.25,0.307,0.609,0.078,0.312,11.545,0.003,25048
社区盾杯,1.0,0.508,0.243,0.249,0.0,1.0,0.0,3.117,0.21,25048
美洲杯,31.0,0.462,0.248,0.29,0.387,0.323,0.29,1.071,0.585,25048
美职,66.0,0.506,0.238,0.256,0.561,0.212,0.227,0.774,0.679,25048
英冠,105.0,0.423,0.266,0.311,0.457,0.229,0.314,0.857,0.651,25048
英甲,2.0,0.49,0.265,0.245,0.5,0.5,0.0,0.909,0.635,25048
英超,301.0,0.444,0.229,0.327,0.402,0.246,0.352,2.104,0.349,25048
荷乙,60.0,0.458,0.238,0.303,0.433,0.217,0.35,0.629,0.73,25048
荷兰杯,2.0,0.386,0.158,0.456,0.5,0.0,0.5,0.391,0.823,25048
荷甲,32.0,0.417,0.244,0.339,0.344,0.281,0.375,0.726,0.696,25048
葡萄牙杯,2.0,0.499,0.242,0.259,0.5,0.5,0.0,1.068,0.586,25048
葡超,61.0,0.425,0.239,0.336,0.361,0.295,0.344,1.404,0.496,25048
西甲,219.0,0.441,0.258,0.301,0.434,0.269,0.297,0.143,0.931,25048
解放者杯,16.0,0.49,0.263,0.247,0.438,0.312,0.25,0.238,0.888,25048
足总杯,18.0,0.529,0.209,0.262,0.556,0.222,0.222,0.149,0.928,25048
J2联赛,12.0,0.309,0.275,0.417,0.333,0.25,0.417,0.05,0.975,25049
J联赛,25.0,0.418,0.27,0.311,0.52,0.36,0.12,4.301,0.116,25049
世亚预,77.0,0.49,0.217,0.293,0.416,0.325,0.26,5.294,0.071,25049
世南美预,24.0,0.46,0.263,0.277,0.542,0.417,0.042,7.29,0.026,25049
世欧预,16.0,0.525,0.175,0.301,0.562,0.062,0.375,1.488,0.475,25049
亚冠,38.0,0.488,0.226,0.286,0.658,0.211,0.132,5.457,0.065,25049
友谊赛,22.0,0.624,0.198,0.178,0.636,0.273,0.091,1.577,0.454,25049
国王杯,2.0,0.444,0.253,0.303,0.0,0.5,0.5,1.629,0.443,25049
天皇杯,31.0,0.385,0.24,0.376,0.452,0.097,0.452,3.475,0.176,25049
奥运女足,22.0,0.468,0.214,0.318,0.5,0.045,0.455,4.264,0.119,25049
奥运男足,27.0,0.421,0.24,0.339,0.481,0.111,0.407,2.465,0.292,25049
德乙,65.0,0.444,0.251,0.305,0.477,0.2,0.323,0.917,0.632,25049
德国杯,16.0,0.451,0.211,0.339,0.625,0.125,0.25,2.005,0.367,25049
德甲,257.0,0.449,0.231,0.32,0.401,0.249,0.35,2.394,0.302,25049
德超杯,1.0,0.549,0.232,0.219,0.0,1.0,0.0,3.308,0.191,25049
意大利杯,18.0,0.602,0.227,0.171,0.722,0.111,0.167,1.508,0.47,25049
意甲,224.0,0.423,0.261,0.316,0.388,0.321,0.29,4.181,0.124,25049
意超杯,1.0,0.535,0.266,0.199,1.0,0.0,0.0,0.869,0.648,25049
挪超,66.0,0.469,0.236,0.295,0.379,0.288,0.333,2.225,0.329,25049
日联杯,10.0,0.276,0.263,0.461,0.3,0.4,0.3,1.294,0.524,25049
欧冠,181.0,0.459,0.228,0.313,0.481,0.177,0.343,2.729,0.256,25049
欧协联,70.0,0.474,0.246,0.28,0.457,0.271,0.271,0.252,0.882,25049
欧国联,131.0,0.448,0.248,0.304,0.435,0.252,0.313,0.085,0.959,25049
欧洲杯,51.0,0.41,0.256,0.333,0.333,0.373,0.294,3.65,0.161,25049
欧洲超级杯,1.0,0.615,0.211,0.174,1.0,0.0,0.0,0.627,0.731,25049
欧联,162.0,0.46,0.248,0.293,0.506,0.216,0.278,1.541,0.463,25049
法乙,119.0,0.414,0.281,0.305,0.454,0.252,0.294,0.872,0.647,25049
法国杯,6.0,0.383,0.257,0.361,0.5,0.333,0.167,0.979,0.613,25049
法甲,135.0,0.447,0.242,0.311,0.43,0.259,0.311,0.267,0.875,25049
瑞典超,64.0,0.443,0.25,0.307,0.609,0.078,0.312,11.545,0.003,25049
社区盾杯,1.0,0.508,0.243,0.249,0.0,1.0,0.0,3.117,0.21,25049
美洲杯,31.0,0.462,0.248,0.29,0.387,0.323,0.29,1.071,0.585,25049
美职,66.0,0.506,0.238,0.256,0.561,0.212,0.227,0.774,0.679,25049
英冠,101.0,0.418,0.268,0.314,0.455,0.218,0.327,1.322,0.516,25049
英甲,2.0,0.49,0.265,0.245,0.5,0.5,0.0,0.909,0.635,25049
英超,301.0,0.444,0.229,0.327,0.402,0.246,0.352,2.104,0.349,25049
荷乙,60.0,0.458,0.238,0.303,0.433,0.217,0.35,0.629,0.73,25049
荷兰杯,2.0,0.386,0.158,0.456,0.5,0.0,0.5,0.391,0.823,25049
荷甲,32.0,0.417,0.244,0.339,0.344,0.281,0.375,0.726,0.696,25049
葡萄牙杯,2.0,0.499,0.242,0.259,0.5,0.5,0.0,1.068,0.586,25049
葡超,61.0,0.425,0.239,0.336,0.361,0.295,0.344,1.404,0.496,25049
西甲,222.0,0.441,0.258,0.301,0.432,0.27,0.297,0.18,0.914,25049
解放者杯,16.0,0.49,0.263,0.247,0.438,0.312,0.25,0.238,0.888,25049
足总杯,19.0,0.528,0.212,0.26,0.526,0.263,0.211,0.418,0.812,25049
J2联赛,12.0,0.309,0.275,0.417,0.333,0.25,0.417,0.05,0.975,25050
J联赛,25.0,0.418,0.27,0.311,0.52,0.36,0.12,4.301,0.116,25050
世亚预,77.0,0.49,0.217,0.293,0.416,0.325,0.26,5.294,0.071,25050
世南美预,24.0,0.46,0.263,0.277,0.542,0.417,0.042,7.29,0.026,25050
世欧预,16.0,0.525,0.175,0.301,0.562,0.062,0.375,1.488,0.475,25050
亚冠,38.0,0.488,0.226,0.286,0.658,0.211,0.132,5.457,0.065,25050
友谊赛,22.0,0.624,0.198,0.178,0.636,0.273,0.091,1.577,0.454,25050
国王杯,2.0,0.444,0.253,0.303,0.0,0.5,0.5,1.629,0.443,25050
天皇杯,31.0,0.385,0.24,0.376,0.452,0.097,0.452,3.475,0.176,25050
奥运女足,22.0,0.468,0.214,0.318,0.5,0.045,0.455,4.264,0.119,25050
奥运男足,27.0,0.421,0.24,0.339,0.481,0.111,0.407,2.465,0.292,25050
德乙,63.0,0.444,0.252,0.304,0.46,0.206,0.333,0.721,0.697,25050
德国杯,16.0,0.451,0.211,0.339,0.625,0.125,0.25,2.005,0.367,25050
德甲,258.0,0.449,0.231,0.319,0.399,0.248,0.353,2.651,0.266,25050
德超杯,1.0,0.549,0.232,0.219,0.0,1.0,0.0,3.308,0.191,25050
意大利杯,18.0,0.602,0.227,0.171,0.722,0.111,0.167,1.508,0.47,25050
意甲,226.0,0.422,0.262,0.316,0.394,0.319,0.288,3.817,0.148,25050
意超杯,1.0,0.535,0.266,0.199,1.0,0.0,0.0,0.869,0.648,25050
挪超,66.0,0.469,0.236,0.295,0.379,0.288,0.333,2.225,0.329,25050
日联杯,10.0,0.276,0.263,0.461,0.3,0.4,0.3,1.294,0.524,25050
欧冠,181.0,0.459,0.228,0.313,0.481,0.177,0.343,2.729,0.256,25050
欧协联,70.0,0.474,0.246,0.28,0.457,0.271,0.271,0.252,0.882,25050
欧国联,131.0,0.448,0.248,0.304,0.435,0.252,0.313,0.085,0.959,25050
欧洲杯,51.0,0.41,0.256,0.333,0.333,0.373,0.294,3.65,0.161,25050
欧洲超级杯,1.0,0.615,0.211,0.174,1.0,0.0,0.0,0.627,0.731,25050
欧联,162.0,0.46,0.248,0.293,0.506,0.216,0.278,1.541,0.463,25050
法乙,119.0,0.414,0.281,0.305,0.454,0.252,0.294,0.872,0.647,25050
法国杯,6.0,0.383,0.257,0.361,0.5,0.333,0.167,0.979,0.613,25050
法甲,138.0,0.447,0.243,0.31,0.428,0.254,0.319,0.218,0.897,25050
瑞典超,64.0,0.443,0.25,0.307,0.609,0.078,0.312,11.545,0.003,25050
社区盾杯,1.0,0.508,0.243,0.249,0.0,1.0,0.0,3.117,0.21,25050
美洲杯,31.0,0.462,0.248,0.29,0.387,0.323,0.29,1.071,0.585,25050
美职,66.0,0.506,0.238,0.256,0.561,0.212,0.227,0.774,0.679,25050
英冠,100.0,0.421,0.268,0.31,0.45,0.22,0.33,1.194,0.55,25050
英甲,2.0,0.49,0.265,0.245,0.5,0.5,0.0,0.909,0.635,25050
英超,301.0,0.444,0.229,0.327,0.402,0.246,0.352,2.104,0.349,25050
荷乙,55.0,0.455,0.239,0.306,0.455,0.236,0.309,0.004,0.998,25050
荷兰杯,2.0,0.386,0.158,0.456,0.5,0.0,0.5,0.391,0.823,25050
荷甲,31.0,0.413,0.244,0.343,0.323,0.29,0.387,1.06,0.589,25050
葡萄牙杯,2.0,0.499,0.242,0.259,0.5,0.5,0.0,1.068,0.586,25050
葡超,60.0,0.43,0.24,0.33,0.367,0.3,0.333,1.46,0.482,25050
西甲,225.0,0.444,0.257,0.299,0.436,0.271,0.293,0.218,0.897,25050
解放者杯,16.0,0.49,0.263,0.247,0.438,0.312,0.25,0.238,0.888,25050
足总杯,20.0,0.517,0.214,0.269,0.5,0.25,0.25,0.161,0.923,25050
J2联赛,12.0,0.309,0.275,0.417,0.333,0.25,0.417,0.05,0.975,25051
J联赛,25.0,0.418,0.27,0.311,0.52,0.36,0.12,4.301,0.116,25051
世亚预,77.0,0.49,0.217,0.293,0.416,0.325,0.26,5.294,0.071,25051
世南美预,24.0,0.46,0.263,0.277,0.542,0.417,0.042,7.29,0.026,25051
世欧预,16.0,0.525,0.175,0.301,0.562,0.062,0.375,1.488,0.475,25051
亚冠,38.0,0.488,0.226,0.286,0.658,0.211,0.132,5.457,0.065,25051
友谊赛,22.0,0.624,0.198,0.178,0.636,0.273,0.091,1.577,0.454,25051
国王杯,4.0,0.459,0.244,0.297,0.0,0.25,0.75,4.605,0.1,25051
天皇杯,31.0,0.385,0.24,0.376,0.452,0.097,0.452,3.475,0.176,25051
奥运女足,22.0,0.468,0.214,0.318,0.5,0.045,0.455,4.264,0.119,25051
奥运男足,27.0,0.421,0.24,0.339,0.481,0.111,0.407,2.465,0.292,25051
德乙,63.0,0.444,0.252,0.304,0.46,0.206,0.333,0.721,0.697,25051
德国杯,18.0,0.433,0.21,0.357,0.667,0.111,0.222,4.029,0.133,25051
德甲,253.0,0.447,0.232,0.321,0.395,0.249,0.356,2.737,0.255,25051
德超杯,1.0,0.549,0.232,0.219,0.0,1.0,0.0,3.308,0.191,25051
意大利杯,20.0,0.564,0.232,0.203,0.65,0.15,0.2,0.844,0.656,25051
意甲,224.0,0.422,0.261,0.317,0.397,0.312,0.29,3.048,0.218,25051
意超杯,1.0,0.535,0.266,0.199,1.0,0.0,0.0,0.869,0.648,25051
挪超,66.0,0.469,0.236,0.295,0.379,0.288,0.333,2.225,0.329,25051
日联杯,10.0,0.276,0.263,0.461,0.3,0.4,0.3,1.294,0.524,25051
欧冠,181.0,0.459,0.228,0.313,0.481,0.177,0.343,2.729,0.256,25051
欧协联,70.0,0.474,0.246,0.28,0.457,0.271,0.271,0.252,0.882,25051
欧国联,131.0,0.448,0.248,0.304,0.435,0.252,0.313,0.085,0.959,25051
欧洲杯,51.0,0.41,0.256,0.333,0.333,0.373,0.294,3.65,0.161,25051
欧洲超级杯,1.0,0.615,0.211,0.174,1.0,0.0,0.0,0.627,0.731,25051
欧联,162.0,0.46,0.248,0.293,0.506,0.216,0.278,1.541,0.463,25051
法乙,119.0,0.414,0.281,0.305,0.454,0.252,0.294,0.872,0.647,25051
法国杯,6.0,0.383,0.257,0.361,0.5,0.333,0.167,0.979,0.613,25051
法甲,137.0,0.447,0.243,0.311,0.431,0.255,0.314,0.173,0.917,25051
瑞典超,64.0,0.443,0.25,0.307,0.609,0.078,0.312,11.545,0.003,25051
社区盾杯,1.0,0.508,0.243,0.249,0.0,1.0,0.0,3.117,0.21,25051
美洲杯,31.0,0.462,0.248,0.29,0.387,0.323,0.29,1.071,0.585,25051
美职,66.0,0.506,0.238,0.256,0.561,0.212,0.227,0.774,0.679,25051
英冠,100.0,0.421,0.268,0.31,0.45,0.22,0.33,1.194,0.55,25051
英甲,2.0,0.49,0.265,0.245,0.5,0.5,0.0,0.909,0.635,25051
英超,304.0,0.444,0.23,0.327,0.411,0.237,0.352,1.399,0.497,25051
荷乙,55.0,0.455,0.239,0.306,0.455,0.236,0.309,0.004,0.998,25051
荷兰杯,2.0,0.386,0.158,0.456,0.5,0.0,0.5,0.391,0.823,25051
荷甲,31.0,0.413,0.244,0.343,0.323,0.29,0.387,1.06,0.589,25051
葡萄牙杯,2.0,0.499,0.242,0.259,0.5,0.5,0.0,1.068,0.586,25051
葡超,59.0,0.425,0.242,0.334,0.373,0.288,0.339,0.907,0.635,25051
西甲,225.0,0.444,0.257,0.299,0.436,0.271,0.293,0.218,0.897,25051
解放者杯,16.0,0.49,0.263,0.247,0.438,0.312,0.25,0.238,0.888,25051
足总杯,20.0,0.517,0.214,0.269,0.5,0.25,0.25,0.161,0.923,25051
J2联赛,12.0,0.309,0.275,0.417,0.333,0.25,0.417,0.05,0.975,25052
J联赛,25.0,0.418,0.27,0.311,0.52,0.36,0.12,4.301,0.116,25052
世亚预,77.0,0.49,0.217,0.293,0.416,0.325,0.26,5.294,0.071,25052
世南美预,24.0,0.46,0.263,0.277,0.542,0.417,0.042,7.29,0.026,25052
世欧预,16.0,0.525,0.175,0.301,0.562,0.062,0.375,1.488,0.475,25052
亚冠,38.0,0.488,0.226,0.286,0.658,0.211,0.132,5.457,0.065,25052
友谊赛,22.0,0.624,0.198,0.178,0.636,0.273,0.091,1.577,0.454,25052
国王杯,4.0,0.459,0.244,0.297,0.0,0.25,0.75,4.605,0.1,25052
天皇杯,31.0,0.385,0.24,0.376,0.452,0.097,0.452,3.475,0.176,25052
奥运女足,22.0,0.468,0.214,0.318,0.5,0.045,0.455,4.264,0.119,25052
奥运男足,27.0,0.421,0.24,0.339,0.481,0.111,0.407,2.465,0.292,25052
德乙,65.0,0.439,0.252,0.309,0.477,0.2,0.323,0.948,0.622,25052
德国杯,18.0,0.433,0.21,0.357,0.667,0.111,0.222,4.029,0.133,25052
德甲,252.0,0.445,0.232,0.323,0.393,0.25,0.357,2.791,0.248,25052
德超杯,1.0,0.549,0.232,0.219,0.0,1.0,0.0,3.308,0.191,25052
意大利杯,20.0,0.564,0.232,0.203,0.65,0.15,0.2,0.844,0.656,25052
意甲,223.0,0.421,0.262,0.316,0.404,0.305,0.291,2.142,0.343,25052
意超杯,1.0,0.535,0.266,0.199,1.0,0.0,0.0,0.869,0.648,25052
挪超,66.0,0.469,0.236,0.295,0.379,0.288,0.333,2.225,0.329,25052
日联杯,10.0,0.276,0.263,0.461,0.3,0.4,0.3,1.294,0.524,25052
欧冠,181.0,0.459,0.228,0.313,0.481,0.177,0.343,2.729,0.256,25052
欧协联,70.0,0.474,0.246,0.28,0.457,0.271,0.271,0.252,0.882,25052
欧国联,131.0,0.448,0.248,0.304,0.435,0.252,0.313,0.085,0.959,25052
欧洲杯,51.0,0.41,0.256,0.333,0.333,0.373,0.294,3.65,0.161,25052
欧洲超级杯,1.0,0.615,0.211,0.174,1.0,0.0,0.0,0.627,0.731,25052
欧联,162.0,0.46,0.248,0.293,0.506,0.216,0.278,1.541,0.463,25052
法乙,121.0,0.416,0.281,0.303,0.455,0.248,0.298,0.912,0.634,25052
法国杯,6.0,0.383,0.257,0.361,0.5,0.333,0.167,0.979,0.613,25052
法甲,136.0,0.449,0.242,0.309,0.426,0.25,0.324,0.284,0.868,25052
瑞典超,64.0,0.443,0.25,0.307,0.609,0.078,0.312,11.545,0.003,25052
社区盾杯,1.0,0.508,0.243,0.249,0.0,1.0,0.0,3.117,0.21,25052
美洲杯,31.0,0.462,0.248,0.29,0.387,0.323,0.29,1.071,0.585,25052
美职,66.0,0.506,0.238,0.256,0.561,0.212,0.227,0.774,0.679,25052
英冠,101.0,0.42,0.269,0.311,0.446,0.218,0.337,1.332,0.514,25052
英甲,2.0,0.49,0.265,0.245,0.5,0.5,0.0,0.909,0.635,25052
英超,301.0,0.442,0.23,0.328,0.415,0.239,0.346,0.863,0.649,25052
荷乙,58.0,0.446,0.24,0.315,0.466,0.224,0.31,0.115,0.944,25052
荷兰杯,2.0,0.386,0.158,0.456,0.5,0.0,0.5,0.391,0.823,25052
荷甲,32.0,0.42,0.244,0.337,0.344,0.281,0.375,0.762,0.683,25052
葡萄牙杯,2.0,0.499,0.242,0.259,0.5,0.5,0.0,1.068,0.586,25052
葡超,59.0,0.418,0.244,0.339,0.356,0.288,0.356,1.072,0.585,25052
西甲,223.0,0.443,0.258,0.3,0.435,0.265,0.3,0.07,0.965,25052
解放者杯,16.0,0.49,0.263,0.247,0.438,0.312,0.25,0.238,0.888,25052
足总杯,20.0,0.517,0.214,0.269,0.5,0.25,0.25,0.161,0.923,25052
J2联赛,12.0,0.309,0.275,0.417,0.333,0.25,0.417,0.05,0.975,25053
J联赛,25.0,0.418,0.27,0.311,0.52,0.36,0.12,4.301,0.116,25053
世亚预,77.0,0.49,0.217,0.293,0.416,0.325,0.26,5.294,0.071,25053
世南美预,24.0,0.46,0.263,0.277,0.542,0.417,0.042,7.29,0.026,25053
世欧预,16.0,0.525,0.175,0.301,0.562,0.062,0.375,1.488,0.475,25053
亚冠,37.0,0.497,0.226,0.277,0.649,0.216,0.135,4.438,0.109,25053
友谊赛,22.0,0.624,0.198,0.178,0.636,0.273,0.091,1.577,0.454,25053
国王杯,4.0,0.459,0.244,0.297,0.0,0.25,0.75,4.605,0.1,25053
天皇杯,31.0,0.385,0.24,0.376,0.452,0.097,0.452,3.475,0.176,25053
奥运女足,22.0,0.468,0.214,0.318,0.5,0.045,0.455,4.264,0.119,25053
奥运男足,27.0,0.421,0.24,0.339,0.481,0.111,0.407,2.465,0.292,25053
德乙,65.0,0.439,0.252,0.309,0.477,0.2,0.323,0.948,0.622,25053
德国杯,18.0,0.433,0.21,0.357,0.667,0.111,0.222,4.029,0.133,25053
德甲,258.0,0.444,0.232,0.324,0.391,0.248,0.36,2.969,0.227,25053
德超杯,1.0,0.549,0.232,0.219,0.0,1.0,0.0,3.308,0.191,25053
意大利杯,20.0,0.564,0.232,0.203,0.65,0.15,0.2,0.844,0.656,25053
意甲,223.0,0.419,0.262,0.319,0.404,0.305,0.291,2.188,0.335,25053
意超杯,1.0,0.535,0.266,0.199,1.0,0.0,0.0,0.869,0.648,25053
挪超,65.0,0.471,0.235,0.294,0.385,0.292,0.323,2.103,0.349,25053
日联杯,10.0,0.276,0.263,0.461,0.3,0.4,0.3,1.294,0.524,25053
欧冠,179.0,0.459,0.227,0.313,0.48,0.179,0.341,2.462,0.292,25053
欧协联,70.0,0.474,0.246,0.28,0.457,0.271,0.271,0.252,0.882,25053
欧国联,131.0,0.448,0.248,0.304,0.435,0.252,0.313,0.085,0.959,25053
欧洲杯,51.0,0.41,0.256,0.333,0.333,0.373,0.294,3.65,0.161,25053
欧洲超级杯,1.0,0.615,0.211,0.174,1.0,0.0,0.0,0.627,0.731,25053
欧联,162.0,0.46,0.248,0.293,0.506,0.216,0.278,1.541,0.463,25053
法乙,121.0,0.416,0.281,0.303,0.455,0.248,0.298,0.912,0.634,25053
法国杯,6.0,0.383,0.257,0.361,0.5,0.333,0.167,0.979,0.613,25053
法甲,136.0,0.449,0.242,0.309,0.426,0.25,0.324,0.284,0.868,25053
瑞典超,62.0,0.442,0.25,0.308,0.597,0.081,0.323,10.479,0.005,25053
社区盾杯,1.0,0.508,0.243,0.249,0.0,1.0,0.0,3.117,0.21,25053
美洲杯,31.0,0.462,0.248,0.29,0.387,0.323,0.29,1.071,0.585,25053
美职,66.0,0.506,0.238,0.256,0.561,0.212,0.227,0.774,0.679,25053
英冠,100.0,0.417,0.27,0.313,0.44,0.22,0.34,1.263,0.532,25053
英甲,1.0,0.517,0.266,0.216,0.0,1.0,0.0,2.757,0.252,25053
英超,304.0,0.44,0.231,0.329,0.414,0.24,0.345,0.835,0.659,25053
荷乙,58.0,0.446,0.24,0.315,0.466,0.224,0.31,0.115,0.944,25053
荷兰杯,2.0,0.386,0.158,0.456,0.5,0.0,0.5,0.391,0.823,25053
荷甲,32.0,0.42,0.244,0.337,0.344,0.281,0.375,0.762,0.683,25053
葡萄牙杯,2.0,0.499,0.242,0.259,0.5,0.5,0.0,1.068,0.586,25053
葡超,57.0,0.423,0.244,0.333,0.368,0.298,0.333,1.074,0.585,25053
西甲,224.0,0.445,0.257,0.298,0.433,0.268,0.299,0.186,0.911,25053
解放者杯,16.0,0.49,0.263,0.247,0.438,0.312,0.25,0.238,0.888,25053
足总杯,20.0,0.517,0.214,0.269,0.5,0.25,0.25,0.161,0.923,25053
J2联赛,12.0,0.309,0.275,0.417,0.333,0.25,0.417,0.05,0.975,25054
J联赛,25.0,0.418,0.27,0.311,0.52,0.36,0.12,4.301,0.116,25054
世亚预,77.0,0.49,0.217,0.293,0.416,0.325,0.26,5.294,0.071,25054
世南美预,24.0,0.46,0.263,0.277,0.542,0.417,0.042,7.29,0.026,25054
世欧预,16.0,0.525,0.175,0.301,0.562,0.062,0.375,1.488,0.475,25054
亚冠,36.0,0.497,0.225,0.278,0.639,0.222,0.139,3.962,0.138,25054
友谊赛,22.0,0.624,0.198,0.178,0.636,0.273,0.091,1.577,0.454,25054
国王杯,4.0,0.459,0.244,0.297,0.0,0.25,0.75,4.605,0.1,25054
天皇杯,31.0,0.385,0.24,0.376,0.452,0.097,0.452,3.475,0.176,25054
奥运女足,22.0,0.468,0.214,0.318,0.5,0.045,0.455,4.264,0.119,25054
奥运男足,27.0,0.421,0.24,0.339,0.481,0.111,0.407,2.465,0.292,25054
德乙,65.0,0.439,0.252,0.309,0.477,0.2,0.323,0.948,0.622,25054
德国杯,18.0,0.433,0.21,0.357,0.667,0.111,0.222,4.029,0.133,25054
德甲,260.0,0.444,0.233,0.323,0.392,0.25,0.358,2.834,0.242,25054
德超杯,1.0,0.549,0.232,0.219,0.0,1.0,0.0,3.308,0.191,25054
意大利杯,20.0,0.564,0.232,0.203,0.65,0.15,0.2,0.844,0.656,25054
意甲,227.0,0.42,0.263,0.318,0.396,0.313,0.291,2.956,0.228,25054
意超杯,1.0,0.535,0.266,0.199,1.0,0.0,0.0,0.869,0.648,25054
挪超,63.0,0.463,0.238,0.3,0.381,0.302,0.317,2.059,0.357,25054
日联杯,10.0,0.276,0.263,0.461,0.3,0.4,0.3,1.294,0.524,25054
欧冠,177.0,0.459,0.227,0.314,0.48,0.175,0.345,2.818,0.244,25054
欧协联,66.0,0.47,0.246,0.284,0.455,0.273,0.273,0.254,0.881,25054
欧国联,131.0,0.448,0.248,0.304,0.435,0.252,0.313,0.085,0.959,25054
欧洲杯,51.0,0.41,0.256,0.333,0.333,0.373,0.294,3.65,0.161,25054
欧洲超级杯,1.0,0.615,0.211,0.174,1.0,0.0,0.0,0.627,0.731,25054
欧联,158.0,0.464,0.248,0.288,0.506,0.215,0.278,1.331,0.514,25054
法乙,121.0,0.416,0.281,0.303,0.455,0.248,0.298,0.912,0.634,25054
法国杯,6.0,0.383,0.257,0.361,0.5,0.333,0.167,0.979,0.613,25054
法甲,137.0,0.45,0.242,0.308,0.431,0.248,0.321,0.208,0.901,25054
瑞典超,62.0,0.442,0.25,0.308,0.597,0.081,0.323,10.479,0.005,25054
社区盾杯,1.0,0.508,0.243,0.249,0.0,1.0,0.0,3.117,0.21,25054
美洲杯,31.0,0.462,0.248,0.29,0.387,0.323,0.29,1.071,0.585,25054
美职,66.0,0.506,0.238,0.256,0.561,0.212,0.227,0.774,0.679,25054
英冠,100.0,0.417,0.27,0.313,0.44,0.22,0.34,1.263,0.532,25054
英甲,1.0,0.517,0.266,0.216,0.0,1.0,0.0,2.757,0.252,25054
英超,308.0,0.44,0.231,0.329,0.416,0.244,0.341,0.743,0.69,25054
荷乙,58.0,0.446,0.24,0.315,0.466,0.224,0.31,0.115,0.944,25054
荷兰杯,2.0,0.386,0.158,0.456,0.5,0.0,0.5,0.391,0.823,25054
荷甲,32.0,0.42,0.244,0.337,0.344,0.281,0.375,0.762,0.683,25054
葡萄牙杯,1.0,0.332,0.286,0.383,0.0,1.0,0.0,2.5,0.286,25054
葡超,57.0,0.423,0.244,0.333,0.368,0.298,0.333,1.074,0.585,25054
西甲,227.0,0.443,0.257,0.299,0.427,0.269,0.304,0.265,0.876,25054
解放者杯,16.0,0.49,0.263,0.247,0.438,0.312,0.25,0.238,0.888,25054
足总杯,20.0,0.517,0.214,0.269,0.5,0.25,0.25,0.161,0.923,25054
J2联赛,12.0,0.309,0.275,0.417,0.333,0.25,0.417,0.05,0.975,25055
J联赛,25.0,0.418,0.27,0.311,0.52,0.36,0.12,4.301,0.116,25055
世亚预,77.0,0.49,0.217,0.293,0.416,0.325,0.26,5.294,0.071,25055
世南美预,24.0,0.46,0.263,0.277,0.542,0.417,0.042,7.29,0.026,25055
世欧预,16.0,0.525,0.175,0.301,0.562,0.062,0.375,1.488,0.475,25055
亚冠,36.0,0.497,0.225,0.278,0.639,0.222,0.139,3.962,0.138,25055
友谊赛,22.0,0.624,0.198,0.178,0.636,0.273,0.091,1.577,0.454,25055
国王杯,4.0,0.459,0.244,0.297,0.0,0.25,0.75,4.605,0.1,25055
天皇杯,31.0,0.385,0.24,0.376,0.452,0.097,0.452,3.475,0.176,25055
奥运女足,22.0,0.468,0.214,0.318,0.5,0.045,0.455,4.264,0.119,25055
奥运男足,27.0,0.421,0.24,0.339,0.481,0.111,0.407,2.465,0.292,25055
德乙,63.0,0.442,0.252,0.307,0.492,0.19,0.317,1.319,0.517,25055
德国杯,18.0,0.433,0.21,0.357,0.667,0.111,0.222,4.029,0.133,25055
德甲,259.0,0.444,0.233,0.324,0.39,0.251,0.359,3.063,0.216,25055
德超杯,1.0,0.549,0.232,0.219,0.0,1.0,0.0,3.308,0.191,25055
意大利杯,20.0,0.564,0.232,0.203,0.65,0.15,0.2,0.844,0.656,25055
意甲,226.0,0.421,0.263,0.316,0.398,0.314,0.288,3.127,0.209,25055
意超杯,1.0,0.535,0.266,0.199,1.0,0.0,0.0,0.869,0.648,25055
挪超,63.0,0.463,0.238,0.3,0.381,0.302,0.317,2.059,0.357,25055
日联杯,10.0,0.276,0.263,0.461,0.3,0.4,0.3,1.294,0.524,25055
欧冠,179.0,0.459,0.228,0.313,0.48,0.173,0.346,3.135,0.209,25055
欧协联,66.0,0.47,0.246,0.284,0.455,0.273,0.273,0.254,0.881,25055
欧国联,131.0,0.448,0.248,0.304,0.435,0.252,0.313,0.085,0.959,25055
欧洲杯,51.0,0.41,0.256,0.333,0.333,0.373,0.294,3.65,0.161,25055
欧洲超级杯,1.0,0.615,0.211,0.174,1.0,0.0,0.0,0.627,0.731,25055
欧联,158.0,0.464,0.248,0.288,0.506,0.215,0.278,1.331,0.514,25055
法乙,121.0,0.416,0.281,0.303,0.455,0.248,0.298,0.912,0.634,25055
法国杯,6.0,0.383,0.257,0.361,0.5,0.333,0.167,0.979,0.613,25055
法甲,136.0,0.449,0.242,0.309,0.426,0.25,0.324,0.273,0.872,25055
瑞典超,63.0,0.444,0.25,0.306,0.603,0.079,0.317,10.949,0.004,25055
社区盾杯,1.0,0.508,0.243,0.249,0.0,1.0,0.0,3.117,0.21,25055
美洲杯,31.0,0.462,0.248,0.29,0.387,0.323,0.29,1.071,0.585,25055
美职,66.0,0.506,0.238,0.256,0.561,0.212,0.227,0.774,0.679,25055
英冠,105.0,0.416,0.27,0.314,0.438,0.219,0.343,1.388,0.5,25055
英超,309.0,0.439,0.231,0.33,0.414,0.243,0.343,0.759,0.684,25055
荷乙,53.0,0.442,0.24,0.318,0.472,0.208,0.321,0.34,0.844,25055
荷兰杯,2.0,0.386,0.158,0.456,0.5,0.0,0.5,0.391,0.823,25055
荷甲,32.0,0.42,0.244,0.337,0.344,0.281,0.375,0.762,0.683,25055
葡萄牙杯,1.0,0.332,0.286,0.383,0.0,1.0,0.0,2.5,0.286,25055
葡超,59.0,0.428,0.244,0.328,0.356,0.305,0.339,1.639,0.441,25055
西甲,227.0,0.442,0.258,0.3,0.427,0.269,0.304,0.218,0.897,25055
解放者杯,16.0,0.49,0.263,0.247,0.438,0.312,0.25,0.238,0.888,25055
足总杯,20.0,0.517,0.214,0.269,0.5,0.25,0.25,0.161,0.923,25055
J2联赛,12.0,0.309,0.275,0.417,0.333,0.25,0.417,0.05,0.975,25056
J联赛,25.0,0.418,0.27,0.311,0.52,0.36,0.12,4.301,0.116,25056
世亚预,77.0,0.49,0.217,0.293,0.416,0.325,0.26,5.294,0.071,25056
世南美预,24.0,0.46,0.263,0.277,0.542,0.417,0.042,7.29,0.026,25056
世欧预,16.0,0.525,0.175,0.301,0.562,0.062,0.375,1.488,0.475,25056
亚冠,36.0,0.497,0.225,0.278,0.639,0.222,0.139,3.962,0.138,25056
友谊赛,22.0,0.624,0.198,0.178,0.636,0.273,0.091,1.577,0.454,25056
国王杯,4.0,0.459,0.244,0.297,0.0,0.25,0.75,4.605,0.1,25056
天皇杯,31.0,0.385,0.24,0.376,0.452,0.097,0.452,3.475,0.176,25056
奥运女足,22.0,0.468,0.214,0.318,0.5,0.045,0.455,4.264,0.119,25056
奥运男足,27.0,0.421,0.24,0.339,0.481,0.111,0.407,2.465,0.292,25056
德乙,63.0,0.442,0.252,0.307,0.492,0.19,0.317,1.319,0.517,25056
德国杯,18.0,0.433,0.21,0.357,0.667,0.111,0.222,4.029,0.133,25056
德甲,254.0,0.445,0.233,0.322,0.39,0.256,0.354,3.118,0.21,25056
德超杯,1.0,0.549,0.232,0.219,0.0,1.0,0.0,3.308,0.191,25056
意大利杯,20.0,0.564,0.232,0.203,0.65,0.15,0.2,0.844,0.656,25056
意甲,224.0,0.422,0.263,0.315,0.393,0.317,0.29,3.409,0.182,25056
意超杯,1.0,0.535,0.266,0.199,1.0,0.0,0.0,0.869,0.648,25056
挪超,65.0,0.465,0.238,0.297,0.4,0.292,0.308,1.43,0.489,25056
日联杯,10.0,0.276,0.263,0.461,0.3,0.4,0.3,1.294,0.524,25056
欧冠,181.0,0.462,0.227,0.311,0.486,0.171,0.343,3.293,0.193,25056
欧协联,70.0,0.464,0.245,0.291,0.443,0.257,0.3,0.131,0.937,25056
欧国联,131.0,0.448,0.248,0.304,0.435,0.252,0.313,0.085,0.959,25056
欧洲杯,51.0,0.41,0.256,0.333,0.333,0.373,0.294,3.65,0.161,25056
欧洲超级杯,1.0,0.615,0.211,0.174,1.0,0.0,0.0,0.627,0.731,25056
欧联,161.0,0.463,0.248,0.29,0.503,0.224,0.273,1.104,0.576,25056
法乙,121.0,0.416,0.281,0.303,0.455,0.248,0.298,0.912,0.634,25056
法国杯,6.0,0.383,0.257,0.361,0.5,0.333,0.167,0.979,0.613,25056
法甲,136.0,0.449,0.242,0.309,0.426,0.25,0.324,0.273,0.872,25056
瑞典超,63.0,0.444,0.25,0.306,0.603,0.079,0.317,10.949,0.004,25056
社区盾杯,1.0,0.508,0.243,0.249,0.0,1.0,0.0,3.117,0.21,25056
美洲杯,31.0,0.462,0.248,0.29,0.387,0.323,0.29,1.071,0.585,25056
美职,66.0,0.506,0.238,0.256,0.561,0.212,0.227,0.774,0.679,25056
英冠,108.0,0.419,0.269,0.312,0.444,0.213,0.343,1.78,0.411,25056
英超,306.0,0.44,0.231,0.329,0.418,0.245,0.337,0.67,0.716,25056
荷乙,53.0,0.442,0.24,0.318,0.472,0.208,0.321,0.34,0.844,25056
荷兰杯,2.0,0.386,0.158,0.456,0.5,0.0,0.5,0.391,0.823,25056
荷甲,32.0,0.42,0.244,0.337,0.344,0.281,0.375,0.762,0.683,25056
葡萄牙杯,1.0,0.332,0.286,0.383,0.0,1.0,0.0,2.5,0.286,25056
葡超,58.0,0.422,0.246,0.332,0.345,0.31,0.345,1.84,0.399,25056
西甲,224.0,0.441,0.258,0.301,0.424,0.272,0.304,0.334,0.846,25056
解放者杯,16.0,0.49,0.263,0.247,0.438,0.312,0.25,0.238,0.888,25056
足总杯,20.0,0.517,0.214,0.269,0.5,0.25,0.25,0.161,0.923,25056
J2联赛,12.0,0.309,0.275,0.417,0.333,0.25,0.417,0.05,0.975,25057
J联赛,25.0,0.418,0.27,0.311,0.52,0.36,0.12,4.301,0.116,25057
世亚预,77.0,0.49,0.217,0.293,0.416,0.325,0.26,5.294,0.071,25057
世南美预,24.0,0.46,0.263,0.277,0.542,0.417,0.042,7.29,0.026,25057
世欧预,16.0,0.525,0.175,0.301,0.562,0.062,0.375,1.488,0.475,25057
亚冠,36.0,0.497,0.225,0.278,0.639,0.222,0.139,3.962,0.138,25057
友谊赛,22.0,0.624,0.198,0.178,0.636,0.273,0.091,1.577,0.454,25057
国王杯,4.0,0.459,0.244,0.297,0.0,0.25,0.75,4.605,0.1,25057
天皇杯,31.0,0.385,0.24,0.376,0.452,0.097,0.452,3.475,0.176,25057
奥运女足,22.0,0.468,0.214,0.318,0.5,0.045,0.455,4.264,0.119,25057
奥运男足,27.0,0.421,0.24,0.339,0.481,0.111,0.407,2.465,0.292,25057
德乙,65.0,0.443,0.251,0.306,0.477,0.2,0.323,0.896,0.639,25057
德国杯,18.0,0.433,0.21,0.357,0.667,0.111,0.222,4.029,0.133,25057
德甲,253.0,0.445,0.233,0.322,0.391,0.249,0.36,3.05,0.218,25057
德超杯,1.0,0.549,0.232,0.219,0.0,1.0,0.0,3.308,0.191,25057
意大利杯,20.0,0.564,0.232,0.203,0.65,0.15,0.2,0.844,0.656,25057
意甲,223.0,0.423,0.263,0.314,0.395,0.318,0.287,3.56,0.169,25057
意超杯,1.0,0.535,0.266,0.199,1.0,0.0,0.0,0.869,0.648,25057
挪超,65.0,0.465,0.238,0.297,0.4,0.292,0.308,1.43,0.489,25057
日联杯,10.0,0.276,0.263,0.461,0.3,0.4,0.3,1.294,0.524,25057
欧冠,181.0,0.462,0.227,0.311,0.486,0.171,0.343,3.293,0.193,25057
欧协联,70.0,0.464,0.245,0.291,0.443,0.257,0.3,0.131,0.937,25057
欧国联,131.0,0.448,0.248,0.304,0.435,0.252,0.313,0.085,0.959,25057
欧洲杯,51.0,0.41,0.256,0.333,0.333,0.373,0.294,3.65,0.161,25057
欧洲超级杯,1.0,0.615,0.211,0.174,1.0,0.0,0.0,0.627,0.731,25057
欧联,161.0,0.463,0.248,0.29,0.503,0.224,0.273,1.104,0.576,25057
法乙,125.0,0.416,0.28,0.304,0.448,0.256,0.296,0.599,0.741,25057
法国杯,6.0,0.383,0.257,0.361,0.5,0.333,0.167,0.979,0.613,25057
法甲,134.0,0.45,0.242,0.308,0.425,0.246,0.328,0.363,0.834,25057
瑞典超,63.0,0.444,0.25,0.306,0.603,0.079,0.317,10.949,0.004,25057
社区盾杯,1.0,0.508,0.243,0.249,0.0,1.0,0.0,3.117,0.21,25057
美洲杯,31.0,0.462,0.248,0.29,0.387,0.323,0.29,1.071,0.585,25057
美职,66.0,0.506,0.238,0.256,0.561,0.212,0.227,0.774,0.679,25057
英冠,109.0,0.421,0.269,0.31,0.45,0.211,0.339,1.89,0.389,25057
英超,303.0,0.441,0.231,0.328,0.416,0.248,0.337,0.871,0.647,25057
荷乙,54.0,0.441,0.24,0.319,0.481,0.204,0.315,0.505,0.777,25057
荷兰杯,2.0,0.386,0.158,0.456,0.5,0.0,0.5,0.391,0.823,25057
荷甲,33.0,0.423,0.243,0.333,0.364,0.273,0.364,0.485,0.785,25057
葡萄牙杯,1.0,0.332,0.286,0.383,0.0,1.0,0.0,2.5,0.286,25057
葡超,58.0,0.413,0.249,0.338,0.328,0.31,0.362,2.022,0.364,25057
西甲,222.0,0.442,0.258,0.3,0.423,0.275,0.302,0.419,0.811,25057
解放者杯,16.0,0.49,0.263,0.247,0.438,0.312,0.25,0.238,0.888,25057
足总杯,20.0,0.517,0.214,0.269,0.5,0.25,0.25,0.161,0.923,25057
J2联赛,12.0,0.309,0.275,0.417,0.333,0.25,0.417,0.05,0.975,25058
J联赛,25.0,0.418,0.27,0.311,0.52,0.36,0.12,4.301,0.116,25058
世亚预,77.0,0.49,0.217,0.293,0.416,0.325,0.26,5.294,0.071,25058
世南美预,24.0,0.46,0.263,0.277,0.542,0.417,0.042,7.29,0.026,25058
世欧预,16.0,0.525,0.175,0.301,0.562,0.062,0.375,1.488,0.475,25058
亚冠,35.0,0.49,0.227,0.283,0.629,0.229,0.143,3.798,0.15,25058
友谊赛,22.0,0.624,0.198,0.178,0.636,0.273,0.091,1.577,0.454,25058
国王杯,4.0,0.459,0.244,0.297,0.0,0.25,0.75,4.605,0.1,25058
天皇杯,31.0,0.385,0.24,0.376,0.452,0.097,0.452,3.475,0.176,25058
奥运女足,22.0,0.468,0.214,0.318,0.5,0.045,0.455,4.264,0.119,25058
奥运男足,27.0,0.421,0.24,0.339,0.481,0.111,0.407,2.465,0.292,25058
德乙,65.0,0.443,0.251,0.306,0.477,0.2,0.323,0.896,0.639,25058
德国杯,18.0,0.433,0.21,0.357,0.667,0.111,0.222,4.029,0.133,25058
德甲,259.0,0.446,0.233,0.321,0.386,0.251,0.363,3.847,0.146,25058
德超杯,1.0,0.549,0.232,0.219,0.0,1.0,0.0,3.308,0.191,25058
意大利杯,19.0,0.576,0.228,0.196,0.632,0.158,0.211,0.535,0.765,25058
意甲,223.0,0.427,0.262,0.312,0.404,0.318,0.278,3.801,0.149,25058
意超杯,1.0,0.535,0.266,0.199,1.0,0.0,0.0,0.869,0.648,25058
挪超,65.0,0.465,0.238,0.297,0.4,0.292,0.308,1.43,0.489,25058
日联杯,10.0,0.276,0.263,0.461,0.3,0.4,0.3,1.294,0.524,25058
欧冠,181.0,0.462,0.227,0.311,0.486,0.171,0.343,3.293,0.193,25058
欧协联,70.0,0.464,0.245,0.291,0.443,0.257,0.3,0.131,0.937,25058
欧国联,131.0,0.448,0.248,0.304,0.435,0.252,0.313,0.085,0.959,25058
欧洲杯,51.0,0.41,0.256,0.333,0.333,0.373,0.294,3.65,0.161,25058
欧洲超级杯,1.0,0.615,0.211,0.174,1.0,0.0,0.0,0.627,0.731,25058
欧联,161.0,0.463,0.248,0.29,0.503,0.224,0.273,1.104,0.576,25058
法乙,121.0,0.416,0.28,0.304,0.446,0.264,0.289,0.457,0.796,25058
法国杯,6.0,0.383,0.257,0.361,0.5,0.333,0.167,0.979,0.613,25058
法甲,134.0,0.45,0.242,0.308,0.425,0.246,0.328,0.363,0.834,25058
瑞典超,62.0,0.442,0.25,0.309,0.613,0.081,0.306,11.219,0.004,25058
社区盾杯,1.0,0.508,0.243,0.249,0.0,1.0,0.0,3.117,0.21,25058
美洲杯,31.0,0.462,0.248,0.29,0.387,0.323,0.29,1.071,0.585,25058
美职,66.0,0.506,0.238,0.256,0.561,0.212,0.227,0.774,0.679,25058
英冠,107.0,0.422,0.27,0.308,0.449,0.215,0.336,1.655,0.437,25058
英超,306.0,0.441,0.231,0.328,0.408,0.252,0.34,1.431,0.489,25058
荷乙,54.0,0.441,0.24,0.319,0.481,0.204,0.315,0.505,0.777,25058
荷兰杯,2.0,0.386,0.158,0.456,0.5,0.0,0.5,0.391,0.823,25058
荷甲,33.0,0.423,0.243,0.333,0.364,0.273,0.364,0.485,0.785,25058
葡萄牙杯,1.0,0.332,0.286,0.383,0.0,1.0,0.0,2.5,0.286,25058
葡超,57.0,0.419,0.25,0.332,0.333,0.316,0.351,2.044,0.36,25058
西甲,223.0,0.441,0.257,0.301,0.417,0.274,0.309,0.568,0.753,25058
解放者杯,16.0,0.49,0.263,0.247,0.438,0.312,0.25,0.238,0.888,25058
足总杯,20.0,0.517,0.214,0.269,0.5,0.25,0.25,0.161,0.923,25058
J2联赛,12.0,0.309,0.275,0.417,0.333,0.25,0.417,0.05,0.975,25059
J联赛,25.0,0.418,0.27,0.311,0.52,0.36,0.12,4.301,0.116,25059
世亚预,77.0,0.49,0.217,0.293,0.416,0.325,0.26,5.294,0.071,25059
世南美预,24.0,0.46,0.263,0.277,0.542,0.417,0.042,7.29,0.026,25059
世欧预,16.0,0.525,0.175,0.301,0.562,0.062,0.375,1.488,0.475,25059
亚冠,34.0,0.491,0.226,0.283,0.618,0.235,0.147,3.335,0.189,25059
友谊赛,22.0,0.624,0.198,0.178,0.636,0.273,0.091,1.577,0.454,25059
国王杯,4.0,0.459,0.244,0.297,0.0,0.25,0.75,4.605,0.1,25059
天皇杯,31.0,0.385,0.24,0.376,0.452,0.097,0.452,3.475,0.176,25059
奥运女足,22.0,0.468,0.214,0.318,0.5,0.045,0.455,4.264,0.119,25059
奥运男足,27.0,0.421,0.24,0.339,0.481,0.111,0.407,2.465,0.292,25059
德乙,65.0,0.443,0.251,0.306,0.477,0.2,0.323,0.896,0.639,25059
德国杯,18.0,0.433,0.21,0.357,0.667,0.111,0.222,4.029,0.133,25059
德甲,261.0,0.447,0.233,0.32,0.387,0.249,0.364,3.927,0.14,25059
德超杯,1.0,0.549,0.232,0.219,0.0,1.0,0.0,3.308,0.191,25059
意大利杯,18.0,0.58,0.226,0.194,0.611,0.167,0.222,0.386,0.825,25059
意甲,227.0,0.427,0.262,0.311,0.401,0.326,0.273,4.891,0.087,25059
意超杯,1.0,0.535,0.266,0.199,1.0,0.0,0.0,0.869,0.648,25059
挪超,65.0,0.465,0.238,0.297,0.4,0.292,0.308,1.43,0.489,25059
日联杯,10.0,0.276,0.263,0.461,0.3,0.4,0.3,1.294,0.524,25059
欧冠,181.0,0.462,0.227,0.311,0.486,0.171,0.343,3.293,0.193,25059
欧协联,70.0,0.464,0.245,0.291,0.443,0.257,0.3,0.131,0.937,25059
欧国联,131.0,0.448,0.248,0.304,0.435,0.252,0.313,0.085,0.959,25059
欧洲杯,51.0,0.41,0.256,0.333,0.333,0.373,0.294,3.65,0.161,25059
欧洲超级杯,1.0,0.615,0.211,0.174,1.0,0.0,0.0,0.627,0.731,25059
欧联,161.0,0.463,0.248,0.29,0.503,0.224,0.273,1.104,0.576,25059
法乙,121.0,0.416,0.28,0.304,0.446,0.264,0.289,0.457,0.796,25059
法国杯,6.0,0.383,0.257,0.361,0.5,0.333,0.167,0.979,0.613,25059
法甲,133.0,0.449,0.242,0.309,0.421,0.241,0.338,0.589,0.745,25059
瑞典超,59.0,0.449,0.249,0.302,0.61,0.085,0.305,9.78,0.008,25059
社区盾杯,1.0,0.508,0.243,0.249,0.0,1.0,0.0,3.117,0.21,25059
美洲杯,31.0,0.462,0.248,0.29,0.387,0.323,0.29,1.071,0.585,25059
美职,66.0,0.506,0.238,0.256,0.561,0.212,0.227,0.774,0.679,25059
英冠,107.0,0.422,0.27,0.308,0.449,0.215,0.336,1.655,0.437,25059
英超,305.0,0.445,0.231,0.324,0.41,0.256,0.334,1.794,0.408,25059
荷乙,54.0,0.441,0.24,0.319,0.481,0.204,0.315,0.505,0.777,25059
荷兰杯,2.0,0.386,0.158,0.456,0.5,0.0,0.5,0.391,0.823,25059
荷甲,31.0,0.441,0.247,0.312,0.387,0.29,0.323,0.456,0.796,25059
葡萄牙杯,1.0,0.332,0.286,0.383,0.0,1.0,0.0,2.5,0.286,25059
葡超,57.0,0.419,0.25,0.332,0.333,0.316,0.351,2.044,0.36,25059
西甲,226.0,0.44,0.257,0.302,0.416,0.27,0.314,0.551,0.759,25059
解放者杯,16.0,0.49,0.263,0.247,0.438,0.312,0.25,0.238,0.888,25059
足总杯,20.0,0.517,0.214,0.269,0.5,0.25,0.25,0.161,0.923,25059
J2联赛,12.0,0.309,0.275,0.417,0.333,0.25,0.417,0.05,0.975,25060
J联赛,27.0,0.417,0.272,0.311,0.556,0.333,0.111,5.082,0.079,25060
世亚预,77.0,0.49,0.217,0.293,0.416,0.325,0.26,5.294,0.071,25060
世南美预,24.0,0.46,0.263,0.277,0.542,0.417,0.042,7.29,0.026,25060
世欧预,16.0,0.525,0.175,0.301,0.562,0.062,0.375,1.488,0.475,25060
亚冠,34.0,0.491,0.226,0.283,0.618,0.235,0.147,3.335,0.189,25060
友谊赛,22.0,0.624,0.198,0.178,0.636,0.273,0.091,1.577,0.454,25060
国王杯,4.0,0.459,0.244,0.297,0.0,0.25,0.75,4.605,0.1,25060
天皇杯,31.0,0.385,0.24,0.376,0.452,0.097,0.452,3.475,0.176,25060
奥运女足,22.0,0.468,0.214,0.318,0.5,0.045,0.455,4.264,0.119,25060
奥运男足,27.0,0.421,0.24,0.339,0.481,0.111,0.407,2.465,0.292,25060
德乙,63.0,0.439,0.252,0.309,0.476,0.19,0.333,1.254,0.534,25060
德国杯,18.0,0.433,0.21,0.357,0.667,0.111,0.222,4.029,0.133,25060
德甲,260.0,0.447,0.233,0.32,0.385,0.25,0.365,4.217,0.121,25060
德超杯,1.0,0.549,0.232,0.219,0.0,1.0,0.0,3.308,0.191,25060
意大利杯,18.0,0.58,0.226,0.194,0.611,0.167,0.222,0.386,0.825,25060
意甲,226.0,0.425,0.263,0.312,0.398,0.327,0.274,5.009,0.082,25060
意超杯,1.0,0.535,0.266,0.199,1.0,0.0,0.0,0.869,0.648,25060
挪超,65.0,0.465,0.238,0.297,0.4,0.292,0.308,1.43,0.489,25060
日联杯,10.0,0.276,0.263,0.461,0.3,0.4,0.3,1.294,0.524,25060
欧冠,185.0,0.46,0.228,0.313,0.486,0.173,0.341,3.168,0.205,25060
欧协联,74.0,0.47,0.243,0.288,0.419,0.27,0.311,0.778,0.678,25060
欧国联,131.0,0.448,0.248,0.304,0.435,0.252,0.313,0.085,0.959,25060
欧洲杯,51.0,0.41,0.256,0.333,0.333,0.373,0.294,3.65,0.161,25060
欧洲超级杯,1.0,0.615,0.211,0.174,1.0,0.0,0.0,0.627,0.731,25060
欧联,164.0,0.465,0.247,0.288,0.506,0.22,0.274,1.212,0.546,25060
法乙,121.0,0.416,0.28,0.304,0.446,0.264,0.289,0.457,0.796,25060
法国杯,6.0,0.383,0.257,0.361,0.5,0.333,0.167,0.979,0.613,25060
法甲,132.0,0.449,0.241,0.31,0.424,0.235,0.341,0.61,0.737,25060
瑞典超,59.0,0.449,0.249,0.302,0.61,0.085,0.305,9.78,0.008,25060
社区盾杯,1.0,0.508,0.243,0.249,0.0,1.0,0.0,3.117,0.21,25060
美洲杯,31.0,0.462,0.248,0.29,0.387,0.323,0.29,1.071,0.585,25060
美职,66.0,0.506,0.238,0.256,0.561,0.212,0.227,0.774,0.679,25060
英冠,106.0,0.424,0.27,0.305,0.443,0.217,0.34,1.614,0.446,25060
英超,306.0,0.446,0.231,0.324,0.412,0.255,0.333,1.658,0.437,25060
荷乙,48.0,0.445,0.24,0.314,0.521,0.146,0.333,2.448,0.294,25060
荷兰杯,2.0,0.386,0.158,0.456,0.5,0.0,0.5,0.391,0.823,25060
荷甲,31.0,0.441,0.247,0.312,0.387,0.29,0.323,0.456,0.796,25060
葡萄牙杯,1.0,0.332,0.286,0.383,0.0,1.0,0.0,2.5,0.286,25060
葡超,56.0,0.419,0.25,0.331,0.339,0.304,0.357,1.62,0.445,25060
西甲,225.0,0.441,0.257,0.302,0.418,0.271,0.311,0.493,0.782,25060
解放者杯,16.0,0.49,0.263,0.247,0.438,0.312,0.25,0.238,0.888,25060
足总杯,20.0,0.517,0.214,0.269,0.5,0.25,0.25,0.161,0.923,25060
J2联赛,12.0,0.309,0.275,0.417,0.333,0.25,0.417,0.05,0.975,25061
J联赛,27.0,0.417,0.272,0.311,0.556,0.333,0.111,5.082,0.079,25061
世亚预,77.0,0.49,0.217,0.293,0.416,0.325,0.26,5.294,0.071,25061
世南美预,24.0,0.46,0.263,0.277,0.542,0.417,0.042,7.29,0.026,25061
世欧预,16.0,0.525,0.175,0.301,0.562,0.062,0.375,1.488,0.475,25061
亚冠,34.0,0.491,0.226,0.283,0.618,0.235,0.147,3.335,0.189,25061
友谊赛,22.0,0.624,0.198,0.178,0.636,0.273,0.091,1.577,0.454,25061
国王杯,4.0,0.459,0.244,0.297,0.0,0.25,0.75,4.605,0.1,25061
天皇杯,31.0,0.385,0.24,0.376,0.452,0.097,0.452,3.475,0.176,25061
奥运女足,22.0,0.468,0.214,0.318,0.5,0.045,0.455,4.264,0.119,25061
奥运男足,27.0,0.421,0.24,0.339,0.481,0.111,0.407,2.465,0.292,25061
德乙,63.0,0.439,0.252,0.309,0.476,0.19,0.333,1.254,0.534,25061
德国杯,18.0,0.433,0.21,0.357,0.667,0.111,0.222,4.029,0.133,25061
德甲,255.0,0.445,0.233,0.322,0.384,0.251,0.365,3.857,0.145,25061
德超杯,1.0,0.549,0.232,0.219,0.0,1.0,0.0,3.308,0.191,25061
意大利杯,18.0,0.58,0.226,0.194,0.611,0.167,0.222,0.386,0.825,25061
意甲,224.0,0.425,0.263,0.312,0.402,0.321,0.277,4.155,0.125,25061
意超杯,1.0,0.535,0.266,0.199,1.0,0.0,0.0,0.869,0.648,25061
挪超,65.0,0.465,0.238,0.297,0.4,0.292,0.308,1.43,0.489,25061
日联杯,10.0,0.276,0.263,0.461,0.3,0.4,0.3,1.294,0.524,25061
欧冠,185.0,0.46,0.228,0.313,0.486,0.173,0.341,3.168,0.205,25061
欧协联,74.0,0.47,0.243,0.288,0.419,0.27,0.311,0.778,0.678,25061
欧国联,131.0,0.448,0.248,0.304,0.435,0.252,0.313,0.085,0.959,25061
欧洲杯,51.0,0.41,0.256,0.333,0.333,0.373,0.294,3.65,0.161,25061
欧洲超级杯,1.0,0.615,0.211,0.174,1.0,0.0,0.0,0.627,0.731,25061
欧联,164.0,0.465,0.247,0.288,0.506,0.22,0.274,1.212,0.546,25061
法乙,121.0,0.416,0.28,0.304,0.446,0.264,0.289,0.457,0.796,25061
法国杯,6.0,0.383,0.257,0.361,0.5,0.333,0.167,0.979,0.613,25061
法甲,133.0,0.449,0.242,0.309,0.429,0.233,0.338,0.533,0.766,25061
瑞典超,59.0,0.449,0.249,0.302,0.61,0.085,0.305,9.78,0.008,25061
社区盾杯,1.0,0.508,0.243,0.249,0.0,1.0,0.0,3.117,0.21,25061
美洲杯,31.0,0.462,0.248,0.29,0.387,0.323,0.29,1.071,0.585,25061
美职,66.0,0.506,0.238,0.256,0.561,0.212,0.227,0.774,0.679,25061
英冠,114.0,0.422,0.27,0.309,0.456,0.202,0.342,2.68,0.262,25061
英超,300.0,0.446,0.231,0.323,0.413,0.247,0.34,1.312,0.519,25061
荷乙,48.0,0.445,0.24,0.314,0.521,0.146,0.333,2.448,0.294,25061
荷兰杯,2.0,0.386,0.158,0.456,0.5,0.0,0.5,0.391,0.823,25061
荷甲,31.0,0.441,0.247,0.312,0.387,0.29,0.323,0.456,0.796,25061
葡萄牙杯,1.0,0.332,0.286,0.383,0.0,1.0,0.0,2.5,0.286,25061
葡超,59.0,0.425,0.249,0.326,0.339,0.305,0.356,1.948,0.378,25061
西甲,226.0,0.44,0.258,0.302,0.42,0.27,0.31,0.374,0.829,25061
解放者杯,16.0,0.49,0.263,0.247,0.438,0.312,0.25,0.238,0.888,25061
足总杯,20.0,0.517,0.214,0.269,0.5,0.25,0.25,0.161,0.923,25061
J2联赛,12.0,0.309,0.275,0.417,0.333,0.25,0.417,0.05,0.975,25062
J联赛,27.0,0.417,0.272,0.311,0.556,0.333,0.111,5.082,0.079,25062
世亚预,77.0,0.49,0.217,0.293,0.416,0.325,0.26,5.294,0.071,25062
世南美预,24.0,0.46,0.263,0.277,0.542,0.417,0.042,7.29,0.026,25062
世欧预,16.0,0.525,0.175,0.301,0.562,0.062,0.375,1.488,0.475,25062
亚冠,34.0,0.491,0.226,0.283,0.618,0.235,0.147,3.335,0.189,25062
友谊赛,22.0,0.624,0.198,0.178,0.636,0.273,0.091,1.577,0.454,25062
国王杯,4.0,0.459,0.244,0.297,0.0,0.25,0.75,4.605,0.1,25062
天皇杯,31.0,0.385,0.24,0.376,0.452,0.097,0.452,3.475,0.176,25062
奥运女足,22.0,0.468,0.214,0.318,0.5,0.045,0.455,4.264,0.119,25062
奥运男足,27.0,0.421,0.24,0.339,0.481,0.111,0.407,2.465,0.292,25062
德乙,63.0,0.439,0.252,0.309,0.476,0.19,0.333,1.254,0.534,25062
德国杯,18.0,0.433,0.21,0.357,0.667,0.111,0.222,4.029,0.133,25062
德甲,257.0,0.444,0.233,0.323,0.389,0.249,0.362,3.201,0.202,25062
德超杯,1.0,0.549,0.232,0.219,0.0,1.0,0.0,3.308,0.191,25062
意大利杯,18.0,0.58,0.226,0.194,0.611,0.167,0.222,0.386,0.825,25062
意甲,222.0,0.422,0.262,0.316,0.401,0.315,0.284,3.319,0.19,25062
意超杯,1.0,0.535,0.266,0.199,1.0,0.0,0.0,0.869,0.648,25062
挪超,65.0,0.465,0.238,0.297,0.4,0.292,0.308,1.43,0.489,25062
日联杯,10.0,0.276,0.263,0.461,0.3,0.4,0.3,1.294,0.524,25062
欧冠,185.0,0.46,0.228,0.313,0.486,0.173,0.341,3.168,0.205,25062
欧协联,74.0,0.47,0.243,0.288,0.419,0.27,0.311,0.778,0.678,25062
欧国联,131.0,0.448,0.248,0.304,0.435,0.252,0.313,0.085,0.959,25062
欧洲杯,51.0,0.41,0.256,0.333,0.333,0.373,0.294,3.65,0.161,25062
欧洲超级杯,1.0,0.615,0.211,0.174,1.0,0.0,0.0,0.627,0.731,25062
欧联,164.0,0.465,0.247,0.288,0.506,0.22,0.274,1.212,0.546,25062
法乙,121.0,0.416,0.28,0.304,0.446,0.264,0.289,0.457,0.796,25062
法国杯,6.0,0.383,0.257,0.361,0.5,0.333,0.167,0.979,0.613,25062
法甲,132.0,0.45,0.242,0.309,0.424,0.235,0.341,0.653,0.722,25062
瑞典超,59.0,0.449,0.249,0.302,0.61,0.085,0.305,9.78,0.008,25062
社区盾杯,1.0,0.508,0.243,0.249,0.0,1.0,0.0,3.117,0.21,25062
美洲杯,31.0,0.462,0.248,0.29,0.387,0.323,0.29,1.071,0.585,25062
美职,66.0,0.506,0.238,0.256,0.561,0.212,0.227,0.774,0.679,25062
英冠,114.0,0.422,0.27,0.309,0.456,0.202,0.342,2.68,0.262,25062
英超,302.0,0.447,0.231,0.322,0.414,0.252,0.334,1.428,0.49,25062
荷乙,48.0,0.445,0.24,0.314,0.521,0.146,0.333,2.448,0.294,25062
荷兰杯,2.0,0.386,0.158,0.456,0.5,0.0,0.5,0.391,0.823,25062
荷甲,31.0,0.441,0.247,0.312,0.387,0.29,0.323,0.456,0.796,25062
葡萄牙杯,1.0,0.332,0.286,0.383,0.0,1.0,0.0,2.5,0.286,25062
葡超,58.0,0.426,0.248,0.326,0.345,0.293,0.362,1.591,0.451,25062
西甲,226.0,0.44,0.257,0.303,0.42,0.27,0.31,0.389,0.823,25062
解放者杯,16.0,0.49,0.263,0.247,0.438,0.312,0.25,0.238,0.888,25062
足总杯,20.0,0.517,0.214,0.269,0.5,0.25,0.25,0.161,0.923,25062
J2联赛,12.0,0.309,0.275,0.417,0.333,0.25,0.417,0.05,0.975,25063
J联赛,27.0,0.417,0.272,0.311,0.556,0.333,0.111,5.082,0.079,25063
世亚预,77.0,0.49,0.217,0.293,0.416,0.325,0.26,5.294,0.071,25063
世南美预,24.0,0.46,0.263,0.277,0.542,0.417,0.042,7.29,0.026,25063
世欧预,16.0,0.525,0.175,0.301,0.562,0.062,0.375,1.488,0.475,25063
亚冠,34.0,0.491,0.226,0.283,0.618,0.235,0.147,3.335,0.189,25063
友谊赛,22.0,0.624,0.198,0.178,0.636,0.273,0.091,1.577,0.454,25063
国王杯,4.0,0.459,0.244,0.297,0.0,0.25,0.75,4.605,0.1,25063
天皇杯,31.0,0.385,0.24,0.376,0.452,0.097,0.452,3.475,0.176,25063
奥运女足,22.0,0.468,0.214,0.318,0.5,0.045,0.455,4.264,0.119,25063
奥运男足,27.0,0.421,0.24,0.339,0.481,0.111,0.407,2.465,0.292,25063
德乙,63.0,0.439,0.252,0.309,0.476,0.19,0.333,1.254,0.534,25063
德国杯,18.0,0.433,0.21,0.357,0.667,0.111,0.222,4.029,0.133,25063
德甲,260.0,0.444,0.233,0.324,0.388,0.254,0.358,3.205,0.201,25063
德超杯,1.0,0.549,0.232,0.219,0.0,1.0,0.0,3.308,0.191,25063
意大利杯,18.0,0.58,0.226,0.194,0.611,0.167,0.222,0.386,0.825,25063
意甲,224.0,0.421,0.263,0.317,0.397,0.317,0.286,3.469,0.177,25063
意超杯,1.0,0.535,0.266,0.199,1.0,0.0,0.0,0.869,0.648,25063
挪超,65.0,0.465,0.238,0.297,0.4,0.292,0.308,1.43,0.489,25063
日联杯,10.0,0.276,0.263,0.461,0.3,0.4,0.3,1.294,0.524,25063
欧冠,183.0,0.461,0.227,0.312,0.486,0.169,0.344,3.558,0.169,25063
欧协联,72.0,0.466,0.243,0.291,0.417,0.278,0.306,0.79,0.674,25063
欧国联,131.0,0.448,0.248,0.304,0.435,0.252,0.313,0.085,0.959,25063
欧洲杯,51.0,0.41,0.256,0.333,0.333,0.373,0.294,3.65,0.161,25063
欧洲超级杯,1.0,0.615,0.211,0.174,1.0,0.0,0.0,0.627,0.731,25063
欧联,162.0,0.467,0.247,0.287,0.512,0.216,0.272,1.467,0.48,25063
法乙,121.0,0.416,0.28,0.304,0.446,0.264,0.289,0.457,0.796,25063
法国杯,6.0,0.383,0.257,0.361,0.5,0.333,0.167,0.979,0.613,25063
法甲,133.0,0.452,0.241,0.307,0.429,0.233,0.338,0.606,0.739,25063
瑞典超,57.0,0.448,0.248,0.304,0.596,0.088,0.316,8.727,0.013,25063
社区盾杯,1.0,0.508,0.243,0.249,0.0,1.0,0.0,3.117,0.21,25063
美洲杯,31.0,0.462,0.248,0.29,0.387,0.323,0.29,1.071,0.585,25063
美职,66.0,0.506,0.238,0.256,0.561,0.212,0.227,0.774,0.679,25063
英冠,112.0,0.425,0.27,0.304,0.464,0.205,0.33,2.393,0.302,25063
英超,305.0,0.444,0.231,0.325,0.407,0.249,0.344,1.757,0.415,25063
荷乙,48.0,0.445,0.24,0.314,0.521,0.146,0.333,2.448,0.294,25063
荷兰杯,2.0,0.386,0.158,0.456,0.5,0.0,0.5,0.391,0.823,25063
荷甲,31.0,0.441,0.247,0.312,0.387,0.29,0.323,0.456,0.796,25063
葡萄牙杯,1.0,0.332,0.286,0.383,0.0,1.0,0.0,2.5,0.286,25063
葡超,57.0,0.424,0.248,0.328,0.351,0.298,0.351,1.404,0.496,25063
西甲,228.0,0.441,0.257,0.302,0.417,0.276,0.307,0.638,0.727,25063
解放者杯,16.0,0.49,0.263,0.247,0.438,0.312,0.25,0.238,0.888,25063
足总杯,20.0,0.517,0.214,0.269,0.5,0.25,0.25,0.161,0.923,25063
J2联赛,12.0,0.309,0.275,0.417,0.333,0.25,0.417,0.05,0.975,25064
J联赛,27.0,0.417,0.272,0.311,0.556,0.333,0.111,5.082,0.079,25064
世亚预,77.0,0.49,0.217,0.293,0.416,0.325,0.26,5.294,0.071,25064
世南美预,24.0,0.46,0.263,0.277,0.542,0.417,0.042,7.29,0.026,25064
世欧预,16.0,0.525,0.175,0.301,0.562,0.062,0.375,1.488,0.475,25064
亚冠,34.0,0.491,0.226,0.283,0.618,0.235,0.147,3.335,0.189,25064
友谊赛,22.0,0.624,0.198,0.178,0.636,0.273,0.091,1.577,0.454,25064
国王杯,4.0,0.459,0.244,0.297,0.0,0.25,0.75,4.605,0.1,25064
天皇杯,31.0,0.385,0.24,0.376,0.452,0.097,0.452,3.475,0.176,25064
奥运女足,22.0,0.468,0.214,0.318,0.5,0.045,0.455,4.264,0.119,25064
奥运男足,27.0,0.421,0.24,0.339,0.481,0.111,0.407,2.465,0.292,25064
德乙,61.0,0.435,0.253,0.312,0.459,0.197,0.344,1.038,0.595,25064
德国杯,18.0,0.433,0.21,0.357,0.667,0.111,0.222,4.029,0.133,25064
德甲,259.0,0.445,0.233,0.323,0.39,0.251,0.359,3.172,0.205,25064
德超杯,1.0,0.549,0.232,0.219,0.0,1.0,0.0,3.308,0.191,25064
意大利杯,18.0,0.58,0.226,0.194,0.611,0.167,0.222,0.386,0.825,25064
意甲,226.0,0.419,0.263,0.318,0.398,0.31,0.292,2.616,0.27,25064
意超杯,1.0,0.535,0.266,0.199,1.0,0.0,0.0,0.869,0.648,25064
挪超,67.0,0.46,0.238,0.302,0.388,0.299,0.313,1.798,0.407,25064
日联杯,10.0,0.276,0.263,0.461,0.3,0.4,0.3,1.294,0.524,25064
欧冠,183.0,0.461,0.227,0.312,0.486,0.169,0.344,3.558,0.169,25064
欧协联,72.0,0.466,0.243,0.291,0.417,0.278,0.306,0.79,0.674,25064
欧国联,131.0,0.448,0.248,0.304,0.435,0.252,0.313,0.085,0.959,25064
欧洲杯,51.0,0.41,0.256,0.333,0.333,0.373,0.294,3.65,0.161,25064
欧洲超级杯,1.0,0.615,0.211,0.174,1.0,0.0,0.0,0.627,0.731,25064
欧联,162.0,0.467,0.247,0.287,0.512,0.216,0.272,1.467,0.48,25064
法乙,118.0,0.415,0.28,0.305,0.441,0.271,0.288,0.335,0.846,25064
法国杯,6.0,0.383,0.257,0.361,0.5,0.333,0.167,0.979,0.613,25064
法甲,131.0,0.45,0.241,0.309,0.427,0.237,0.336,0.467,0.792,25064
瑞典超,57.0,0.448,0.248,0.304,0.596,0.088,0.316,8.727,0.013,25064
社区盾杯,1.0,0.508,0.243,0.249,0.0,1.0,0.0,3.117,0.21,25064
美洲杯,31.0,0.462,0.248,0.29,0.387,0.323,0.29,1.071,0.585,25064
美职,66.0,0.506,0.238,0.256,0.561,0.212,0.227,0.774,0.679,25064
英冠,119.0,0.429,0.27,0.301,0.471,0.202,0.328,2.801,0.247,25064
英超,305.0,0.444,0.231,0.325,0.407,0.246,0.348,1.759,0.415,25064
荷乙,48.0,0.445,0.24,0.314,0.521,0.146,0.333,2.448,0.294,25064
荷兰杯,2.0,0.386,0.158,0.456,0.5,0.0,0.5,0.391,0.823,25064
荷甲,29.0,0.446,0.245,0.309,0.414,0.241,0.345,0.19,0.909,25064
葡萄牙杯,1.0,0.332,0.286,0.383,0.0,1.0,0.0,2.5,0.286,25064
葡超,56.0,0.424,0.247,0.329,0.339,0.304,0.357,1.814,0.404,25064
西甲,228.0,0.441,0.257,0.301,0.417,0.276,0.307,0.657,0.72,25064
解放者杯,16.0,0.49,0.263,0.247,0.438,0.312,0.25,0.238,0.888,25064
足总杯,20.0,0.517,0.214,0.269,0.5,0.25,0.25,0.161,0.923,25064
J2联赛,12.0,0.309,0.275,0.417,0.333,0.25,0.417,0.05,0.975,25065
J联赛,27.0,0.417,0.272,0.311,0.556,0.333,0.111,5.082,0.079,25065
世亚预,77.0,0.49,0.217,0.293,0.416,0.325,0.26,5.294,0.071,25065
世南美预,24.0,0.46,0.263,0.277,0.542,0.417,0.042,7.29,0.026,25065
世欧预,16.0,0.525,0.175,0.301,0.562,0.062,0.375,1.488,0.475,25065
亚冠,34.0,0.491,0.226,0.283,0.618,0.235,0.147,3.335,0.189,25065
友谊赛,22.0,0.624,0.198,0.178,0.636,0.273,0.091,1.577,0.454,25065
国王杯,4.0,0.459,0.244,0.297,0.0,0.25,0.75,4.605,0.1,25065
天皇杯,31.0,0.385,0.24,0.376,0.452,0.097,0.452,3.475,0.176,25065
奥运女足,22.0,0.468,0.214,0.318,0.5,0.045,0.455,4.264,0.119,25065
奥运男足,27.0,0.421,0.24,0.339,0.481,0.111,0.407,2.465,0.292,25065
德乙,61.0,0.435,0.253,0.312,0.459,0.197,0.344,1.038,0.595,25065
德国杯,18.0,0.433,0.21,0.357,0.667,0.111,0.222,4.029,0.133,25065
德甲,254.0,0.444,0.233,0.323,0.386,0.248,0.366,3.61,0.164,25065
德超杯,1.0,0.549,0.232,0.219,0.0,1.0,0.0,3.308,0.191,25065
意大利杯,19.0,0.573,0.229,0.198,0.579,0.158,0.263,0.824,0.662,25065
意甲,226.0,0.419,0.263,0.318,0.398,0.31,0.292,2.616,0.27,25065
意超杯,1.0,0.535,0.266,0.199,1.0,0.0,0.0,0.869,0.648,25065
挪超,67.0,0.46,0.238,0.302,0.388,0.299,0.313,1.798,0.407,25065
日联杯,10.0,0.276,0.263,0.461,0.3,0.4,0.3,1.294,0.524,25065
欧冠,183.0,0.461,0.227,0.312,0.486,0.169,0.344,3.558,0.169,25065
欧协联,72.0,0.466,0.243,0.291,0.417,0.278,0.306,0.79,0.674,25065
欧国联,131.0,0.448,0.248,0.304,0.435,0.252,0.313,0.085,0.959,25065
欧洲杯,51.0,0.41,0.256,0.333,0.333,0.373,0.294,3.65,0.161,25065
欧洲超级杯,1.0,0.615,0.211,0.174,1.0,0.0,0.0,0.627,0.731,25065
欧联,162.0,0.467,0.247,0.287,0.512,0.216,0.272,1.467,0.48,25065
法乙,118.0,0.415,0.28,0.305,0.441,0.271,0.288,0.335,0.846,25065
法国杯,6.0,0.383,0.257,0.361,0.5,0.333,0.167,0.979,0.613,25065
法甲,131.0,0.45,0.241,0.309,0.427,0.237,0.336,0.467,0.792,25065
瑞典超,57.0,0.448,0.248,0.304,0.596,0.088,0.316,8.727,0.013,25065
社区盾杯,1.0,0.508,0.243,0.249,0.0,1.0,0.0,3.117,0.21,25065
美洲杯,31.0,0.462,0.248,0.29,0.387,0.323,0.29,1.071,0.585,25065
美职,66.0,0.506,0.238,0.256,0.561,0.212,0.227,0.774,0.679,25065
英冠,119.0,0.429,0.27,0.301,0.471,0.202,0.328,2.801,0.247,25065
英超,303.0,0.445,0.231,0.323,0.409,0.248,0.343,1.582,0.453,25065
荷乙,48.0,0.445,0.24,0.314,0.521,0.146,0.333,2.448,0.294,25065
荷兰杯,2.0,0.386,0.158,0.456,0.5,0.0,0.5,0.391,0.823,25065
荷甲,31.0,0.444,0.243,0.313,0.387,0.258,0.355,0.435,0.805,25065
葡萄牙杯,1.0,0.332,0.286,0.383,0.0,1.0,0.0,2.5,0.286,25065
葡超,54.0,0.428,0.245,0.327,0.333,0.296,0.37,2.026,0.363,25065
西甲,234.0,0.443,0.257,0.3,0.423,0.278,0.299,0.593,0.743,25065
解放者杯,16.0,0.49,0.263,0.247,0.438,0.312,0.25,0.238,0.888,25065
足总杯,20.0,0.517,0.214,0.269,0.5,0.25,0.25,0.161,0.923,25065
J2联赛,12.0,0.309,0.275,0.417,0.333,0.25,0.417,0.05,0.975,25066
J联赛,27.0,0.417,0.272,0.311,0.556,0.333,0.111,5.082,0.079,25066
世亚预,77.0,0.49,0.217,0.293,0.416,0.325,0.26,5.294,0.071,25066
世南美预,24.0,0.46,0.263,0.277,0.542,0.417,0.042,7.29,0.026,25066
世欧预,16.0,0.525,0.175,0.301,0.562,0.062,0.375,1.488,0.475,25066
亚冠,35.0,0.5,0.223,0.277,0.629,0.229,0.143,3.418,0.181,25066
友谊赛,22.0,0.624,0.198,0.178,0.636,0.273,0.091,1.577,0.454,25066
国王杯,4.0,0.459,0.244,0.297,0.0,0.25,0.75,4.605,0.1,25066
天皇杯,31.0,0.385,0.24,0.376,0.452,0.097,0.452,3.475,0.176,25066
奥运女足,22.0,0.468,0.214,0.318,0.5,0.045,0.455,4.264,0.119,25066
奥运男足,27.0,0.421,0.24,0.339,0.481,0.111,0.407,2.465,0.292,25066
德乙,63.0,0.435,0.253,0.312,0.444,0.206,0.349,0.83,0.66,25066
德国杯,18.0,0.433,0.21,0.357,0.667,0.111,0.222,4.029,0.133,25066
德甲,252.0,0.445,0.232,0.322,0.389,0.246,0.365,3.435,0.18,25066
德超杯,1.0,0.549,0.232,0.219,0.0,1.0,0.0,3.308,0.191,25066
意大利杯,19.0,0.573,0.229,0.198,0.579,0.158,0.263,0.824,0.662,25066
意甲,222.0,0.419,0.263,0.318,0.401,0.302,0.297,1.782,0.41,25066
意超杯,1.0,0.535,0.266,0.199,1.0,0.0,0.0,0.869,0.648,25066
挪超,67.0,0.46,0.238,0.302,0.388,0.299,0.313,1.798,0.407,25066
日联杯,10.0,0.276,0.263,0.461,0.3,0.4,0.3,1.294,0.524,25066
欧冠,183.0,0.461,0.227,0.312,0.486,0.169,0.344,3.558,0.169,25066
欧协联,72.0,0.466,0.243,0.291,0.417,0.278,0.306,0.79,0.674,25066
欧国联,131.0,0.448,0.248,0.304,0.435,0.252,0.313,0.085,0.959,25066
欧洲杯,51.0,0.41,0.256,0.333,0.333,0.373,0.294,3.65,0.161,25066
欧洲超级杯,1.0,0.615,0.211,0.174,1.0,0.0,0.0,0.627,0.731,25066
欧联,162.0,0.467,0.247,0.287,0.512,0.216,0.272,1.467,0.48,25066
法乙,121.0,0.416,0.28,0.304,0.446,0.273,0.281,0.514,0.774,25066
法国杯,6.0,0.383,0.257,0.361,0.5,0.333,0.167,0.979,0.613,25066
法甲,132.0,0.451,0.241,0.308,0.424,0.235,0.341,0.699,0.705,25066
瑞典超,57.0,0.448,0.248,0.304,0.596,0.088,0.316,8.727,0.013,25066
社区盾杯,1.0,0.508,0.243,0.249,0.0,1.0,0.0,3.117,0.21,25066
美洲杯,31.0,0.462,0.248,0.29,0.387,0.323,0.29,1.071,0.585,25066
美职,66.0,0.506,0.238,0.256,0.561,0.212,0.227,0.774,0.679,25066
英冠,120.0,0.429,0.27,0.301,0.467,0.2,0.333,2.984,0.225,25066
英超,300.0,0.444,0.232,0.324,0.403,0.25,0.347,2.008,0.366,25066
荷乙,49.0,0.45,0.239,0.311,0.531,0.143,0.327,2.649,0.266,25066
荷兰杯,2.0,0.386,0.158,0.456,0.5,0.0,0.5,0.391,0.823,25066
荷甲,33.0,0.449,0.24,0.311,0.394,0.242,0.364,0.512,0.774,25066
葡萄牙杯,1.0,0.332,0.286,0.383,0.0,1.0,0.0,2.5,0.286,25066
葡超,53.0,0.43,0.247,0.323,0.321,0.302,0.377,2.606,0.272,25066
西甲,232.0,0.443,0.257,0.3,0.422,0.28,0.297,0.719,0.698,25066
解放者杯,16.0,0.49,0.263,0.247,0.438,0.312,0.25,0.238,0.888,25066
足总杯,20.0,0.517,0.214,0.269,0.5,0.25,0.25,0.161,0.923,25066
J2联赛,12.0,0.309,0.275,0.417,0.333,0.25,0.417,0.05,0.975,25067
J联赛,27.0,0.417,0.272,0.311,0.556,0.333,0.111,5.082,0.079,25067
世亚预,77.0,0.49,0.217,0.293,0.416,0.325,0.26,5.294,0.071,25067
世南美预,24.0,0.46,0.263,0.277,0.542,0.417,0.042,7.29,0.026,25067
世欧预,16.0,0.525,0.175,0.301,0.562,0.062,0.375,1.488,0.475,25067
亚冠,35.0,0.5,0.223,0.277,0.629,0.229,0.143,3.418,0.181,25067
友谊赛,22.0,0.624,0.198,0.178,0.636,0.273,0.091,1.577,0.454,25067
国王杯,5.0,0.452,0.247,0.301,0.0,0.4,0.6,4.223,0.121,25067
天皇杯,31.0,0.385,0.24,0.376,0.452,0.097,0.452,3.475,0.176,25067
奥运女足,22.0,0.468,0.214,0.318,0.5,0.045,0.455,4.264,0.119,25067
奥运男足,27.0,0.421,0.24,0.339,0.481,0.111,0.407,2.465,0.292,25067
德乙,63.0,0.435,0.253,0.312,0.444,0.206,0.349,0.83,0.66,25067
德国杯,18.0,0.433,0.21,0.357,0.667,0.111,0.222,4.029,0.133,25067
德甲,258.0,0.446,0.232,0.322,0.395,0.24,0.364,3.038,0.219,25067
德超杯,1.0,0.549,0.232,0.219,0.0,1.0,0.0,3.308,0.191,25067
意大利杯,19.0,0.573,0.229,0.198,0.579,0.158,0.263,0.824,0.662,25067
意甲,220.0,0.421,0.263,0.316,0.405,0.3,0.295,1.57,0.456,25067
意超杯,1.0,0.535,0.266,0.199,1.0,0.0,0.0,0.869,0.648,25067
挪超,67.0,0.46,0.238,0.302,0.388,0.299,0.313,1.798,0.407,25067
日联杯,10.0,0.276,0.263,0.461,0.3,0.4,0.3,1.294,0.524,25067
欧冠,181.0,0.46,0.227,0.313,0.486,0.171,0.343,3.273,0.195,25067
欧协联,70.0,0.47,0.242,0.287,0.414,0.271,0.314,0.885,0.642,25067
欧国联,131.0,0.448,0.248,0.304,0.435,0.252,0.313,0.085,0.959,25067
欧洲杯,51.0,0.41,0.256,0.333,0.333,0.373,0.294,3.65,0.161,25067
欧洲超级杯,1.0,0.615,0.211,0.174,1.0,0.0,0.0,0.627,0.731,25067
欧联,160.0,0.465,0.247,0.288,0.512,0.212,0.275,1.61,0.447,25067
法乙,121.0,0.416,0.28,0.304,0.446,0.273,0.281,0.514,0.774,25067
法国杯,6.0,0.383,0.257,0.361,0.5,0.333,0.167,0.979,0.613,25067
法甲,133.0,0.45,0.24,0.31,0.429,0.241,0.331,0.32,0.852,25067
瑞典超,56.0,0.45,0.247,0.302,0.589,0.089,0.321,8.122,0.017,25067
社区盾杯,1.0,0.508,0.243,0.249,0.0,1.0,0.0,3.117,0.21,25067
美洲杯,31.0,0.462,0.248,0.29,0.387,0.323,0.29,1.071,0.585,25067
美职,66.0,0.506,0.238,0.256,0.561,0.212,0.227,0.774,0.679,25067
英冠,120.0,0.429,0.27,0.301,0.467,0.2,0.333,2.984,0.225,25067
英超,303.0,0.445,0.231,0.324,0.406,0.248,0.347,1.881,0.39,25067
荷乙,49.0,0.45,0.239,0.311,0.531,0.143,0.327,2.649,0.266,25067
荷兰杯,2.0,0.386,0.158,0.456,0.5,0.0,0.5,0.391,0.823,25067
荷甲,32.0,0.45,0.239,0.311,0.406,0.25,0.344,0.261,0.878,25067
葡萄牙杯,1.0,0.332,0.286,0.383,0.0,1.0,0.0,2.5,0.286,25067
葡超,53.0,0.43,0.247,0.323,0.321,0.302,0.377,2.606,0.272,25067
西甲,232.0,0.443,0.257,0.3,0.422,0.28,0.297,0.719,0.698,25067
解放者杯,14.0,0.497,0.261,0.241,0.429,0.357,0.214,0.665,0.717,25067
足总杯,21.0,0.506,0.217,0.277,0.524,0.238,0.238,0.169,0.919,25067
J2联赛,12.0,0.309,0.275,0.417,0.333,0.25,0.417,0.05,0.975,25068
J联赛,27.0,0.417,0.272,0.311,0.556,0.333,0.111,5.082,0.079,25068
世亚预,77.0,0.49,0.217,0.293,0.416,0.325,0.26,5.294,0.071,25068
世南美预,24.0,0.46,0.263,0.277,0.542,0.417,0.042,7.29,0.026,25068
世欧预,16.0,0.525,0.175,0.301,0.562,0.062,0.375,1.488,0.475,25068
亚冠,35.0,0.5,0.223,0.277,0.629,0.229,0.143,3.418,0.181,25068
友谊赛,22.0,0.624,0.198,0.178,0.636,0.273,0.091,1.577,0.454,25068
国王杯,5.0,0.452,0.247,0.301,0.0,0.4,0.6,4.223,0.121,25068
天皇杯,31.0,0.385,0.24,0.376,0.452,0.097,0.452,3.475,0.176,25068
奥运女足,22.0,0.468,0.214,0.318,0.5,0.045,0.455,4.264,0.119,25068
奥运男足,27.0,0.421,0.24,0.339,0.481,0.111,0.407,2.465,0.292,25068
德乙,61.0,0.437,0.254,0.309,0.443,0.197,0.361,1.298,0.523,25068
德国杯,18.0,0.433,0.21,0.357,0.667,0.111,0.222,4.029,0.133,25068
德甲,259.0,0.447,0.232,0.32,0.394,0.247,0.359,3.082,0.214,25068
德超杯,1.0,0.549,0.232,0.219,0.0,1.0,0.0,3.308,0.191,25068
意大利杯,19.0,0.573,0.229,0.198,0.579,0.158,0.263,0.824,0.662,25068
意甲,222.0,0.425,0.263,0.312,0.414,0.297,0.288,1.493,0.474,25068
意超杯,1.0,0.535,0.266,0.199,1.0,0.0,0.0,0.869,0.648,25068
挪超,67.0,0.46,0.238,0.302,0.388,0.299,0.313,1.798,0.407,25068
日联杯,10.0,0.276,0.263,0.461,0.3,0.4,0.3,1.294,0.524,25068
欧冠,181.0,0.46,0.227,0.313,0.486,0.171,0.343,3.273,0.195,25068
欧协联,70.0,0.47,0.242,0.287,0.414,0.271,0.314,0.885,0.642,25068
欧国联,131.0,0.448,0.248,0.304,0.435,0.252,0.313,0.085,0.959,25068
欧洲杯,51.0,0.41,0.256,0.333,0.333,0.373,0.294,3.65,0.161,25068
欧洲超级杯,1.0,0.615,0.211,0.174,1.0,0.0,0.0,0.627,0.731,25068
欧联,160.0,0.465,0.247,0.288,0.512,0.212,0.275,1.61,0.447,25068
法乙,114.0,0.417,0.281,0.301,0.465,0.263,0.272,1.082,0.582,25068
法国杯,6.0,0.383,0.257,0.361,0.5,0.333,0.167,0.979,0.613,25068
法甲,136.0,0.446,0.24,0.314,0.419,0.243,0.338,0.474,0.789,25068
瑞典超,56.0,0.45,0.247,0.302,0.589,0.089,0.321,8.122,0.017,25068
社区盾杯,1.0,0.508,0.243,0.249,0.0,1.0,0.0,3.117,0.21,25068
美洲杯,31.0,0.462,0.248,0.29,0.387,0.323,0.29,1.071,0.585,25068
美职,66.0,0.506,0.238,0.256,0.561,0.212,0.227,0.774,0.679,25068
英冠,120.0,0.429,0.27,0.301,0.467,0.2,0.333,2.984,0.225,25068
英超,305.0,0.446,0.231,0.323,0.407,0.249,0.344,1.962,0.375,25068
荷乙,49.0,0.45,0.239,0.311,0.531,0.143,0.327,2.649,0.266,25068
荷兰杯,2.0,0.386,0.158,0.456,0.5,0.0,0.5,0.391,0.823,25068
荷甲,32.0,0.45,0.239,0.311,0.406,0.25,0.344,0.261,0.878,25068
葡萄牙杯,1.0,0.332,0.286,0.383,0.0,1.0,0.0,2.5,0.286,25068
葡超,52.0,0.432,0.246,0.322,0.327,0.308,0.365,2.436,0.296,25068
西甲,233.0,0.444,0.257,0.299,0.425,0.279,0.296,0.657,0.72,25068
解放者杯,14.0,0.497,0.261,0.241,0.429,0.357,0.214,0.665,0.717,25068
足总杯,22.0,0.492,0.218,0.29,0.5,0.227,0.273,0.034,0.983,25068
J2联赛,12.0,0.309,0.275,0.417,0.333,0.25,0.417,0.05,0.975,25069
J联赛,27.0,0.417,0.272,0.311,0.556,0.333,0.111,5.082,0.079,25069
世亚预,77.0,0.49,0.217,0.293,0.416,0.325,0.26,5.294,0.071,25069
世南美预,24.0,0.46,0.263,0.277,0.542,0.417,0.042,7.29,0.026,25069
世欧预,16.0,0.525,0.175,0.301,0.562,0.062,0.375,1.488,0.475,25069
亚冠,37.0,0.503,0.223,0.275,0.595,0.216,0.189,1.611,0.447,25069
友谊赛,22.0,0.624,0.198,0.178,0.636,0.273,0.091,1.577,0.454,25069
国王杯,5.0,0.452,0.247,0.301,0.0,0.4,0.6,4.223,0.121,25069
天皇杯,31.0,0.385,0.24,0.376,0.452,0.097,0.452,3.475,0.176,25069
奥运女足,22.0,0.468,0.214,0.318,0.5,0.045,0.455,4.264,0.119,25069
奥运男足,27.0,0.421,0.24,0.339,0.481,0.111,0.407,2.465,0.292,25069
德乙,61.0,0.437,0.254,0.309,0.443,0.197,0.361,1.298,0.523,25069
德国杯,18.0,0.433,0.21,0.357,0.667,0.111,0.222,4.029,0.133,25069
德甲,254.0,0.446,0.232,0.321,0.394,0.24,0.366,3.206,0.201,25069
德超杯,1.0,0.549,0.232,0.219,0.0,1.0,0.0,3.308,0.191,25069
意大利杯,19.0,0.573,0.229,0.198,0.579,0.158,0.263,0.824,0.662,25069
意甲,220.0,0.424,0.263,0.313,0.414,0.3,0.286,1.734,0.42,25069
意超杯,1.0,0.535,0.266,0.199,1.0,0.0,0.0,0.869,0.648,25069
挪超,69.0,0.468,0.236,0.297,0.391,0.304,0.304,2.243,0.326,25069
日联杯,10.0,0.276,0.263,0.461,0.3,0.4,0.3,1.294,0.524,25069
欧冠,183.0,0.46,0.228,0.312,0.481,0.175,0.344,3.0,0.223,25069
欧协联,72.0,0.466,0.242,0.292,0.417,0.264,0.319,0.71,0.701,25069
欧国联,131.0,0.448,0.248,0.304,0.435,0.252,0.313,0.085,0.959,25069
欧洲杯,51.0,0.41,0.256,0.333,0.333,0.373,0.294,3.65,0.161,25069
欧洲超级杯,1.0,0.615,0.211,0.174,1.0,0.0,0.0,0.627,0.731,25069
欧联,162.0,0.467,0.246,0.286,0.512,0.21,0.278,1.635,0.442,25069
法乙,114.0,0.417,0.281,0.301,0.465,0.263,0.272,1.082,0.582,25069
法国杯,6.0,0.383,0.257,0.361,0.5,0.333,0.167,0.979,0.613,25069
法甲,136.0,0.446,0.24,0.314,0.419,0.243,0.338,0.474,0.789,25069
瑞典超,57.0,0.456,0.246,0.298,0.596,0.088,0.316,8.318,0.016,25069
社区盾杯,1.0,0.508,0.243,0.249,0.0,1.0,0.0,3.117,0.21,25069
美洲杯,31.0,0.462,0.248,0.29,0.387,0.323,0.29,1.071,0.585,25069
美职,66.0,0.506,0.238,0.256,0.561,0.212,0.227,0.774,0.679,25069
英冠,120.0,0.429,0.27,0.301,0.467,0.2,0.333,2.984,0.225,25069
英甲,2.0,0.357,0.25,0.393,0.5,0.0,0.5,0.672,0.715,25069
英超,299.0,0.445,0.231,0.324,0.405,0.251,0.344,1.981,0.371,25069
荷乙,49.0,0.45,0.239,0.311,0.531,0.143,0.327,2.649,0.266,25069
荷兰杯,2.0,0.386,0.158,0.456,0.5,0.0,0.5,0.391,0.823,25069
荷甲,32.0,0.45,0.239,0.311,0.406,0.25,0.344,0.261,0.878,25069
葡萄牙杯,1.0,0.332,0.286,0.383,0.0,1.0,0.0,2.5,0.286,25069
葡超,52.0,0.432,0.246,0.322,0.327,0.308,0.365,2.436,0.296,25069
西甲,233.0,0.444,0.257,0.299,0.425,0.279,0.296,0.657,0.72,25069
解放者杯,14.0,0.497,0.261,0.241,0.429,0.357,0.214,0.665,0.717,25069
足总杯,22.0,0.492,0.218,0.29,0.5,0.227,0.273,0.034,0.983,25069
J2联赛,12.0,0.309,0.275,0.417,0.333,0.25,0.417,0.05,0.975,25070
J联赛,27.0,0.417,0.272,0.311,0.556,0.333,0.111,5.082,0.079,25070
世亚预,77.0,0.49,0.217,0.293,0.416,0.325,0.26,5.294,0.071,25070
世南美预,24.0,0.46,0.263,0.277,0.542,0.417,0.042,7.29,0.026,25070
世欧预,16.0,0.525,0.175,0.301,0.562,0.062,0.375,1.488,0.475,25070
亚冠,37.0,0.503,0.223,0.275,0.595,0.216,0.189,1.611,0.447,25070
友谊赛,22.0,0.624,0.198,0.178,0.636,0.273,0.091,1.577,0.454,25070
国王杯,5.0,0.452,0.247,0.301,0.0,0.4,0.6,4.223,0.121,25070
天皇杯,31.0,0.385,0.24,0.376,0.452,0.097,0.452,3.475,0.176,25070
奥运女足,22.0,0.468,0.214,0.318,0.5,0.045,0.455,4.264,0.119,25070
奥运男足,27.0,0.421,0.24,0.339,0.481,0.111,0.407,2.465,0.292,25070
德乙,63.0,0.437,0.252,0.31,0.429,0.19,0.381,1.982,0.371,25070
德国杯,18.0,0.433,0.21,0.357,0.667,0.111,0.222,4.029,0.133,25070
德甲,252.0,0.447,0.233,0.32,0.393,0.246,0.361,3.169,0.205,25070
德超杯,1.0,0.549,0.232,0.219,0.0,1.0,0.0,3.308,0.191,25070
意大利杯,19.0,0.573,0.229,0.198,0.579,0.158,0.263,0.824,0.662,25070
意甲,217.0,0.422,0.263,0.315,0.41,0.304,0.286,2.029,0.363,25070
意超杯,1.0,0.535,0.266,0.199,1.0,0.0,0.0,0.869,0.648,25070
挪超,70.0,0.465,0.237,0.298,0.386,0.314,0.3,2.729,0.255,25070
日联杯,10.0,0.276,0.263,0.461,0.3,0.4,0.3,1.294,0.524,25070
欧冠,183.0,0.46,0.228,0.312,0.481,0.175,0.344,3.0,0.223,25070
欧协联,72.0,0.466,0.242,0.292,0.417,0.264,0.319,0.71,0.701,25070
欧国联,131.0,0.448,0.248,0.304,0.435,0.252,0.313,0.085,0.959,25070
欧洲杯,51.0,0.41,0.256,0.333,0.333,0.373,0.294,3.65,0.161,25070
欧洲超级杯,1.0,0.615,0.211,0.174,1.0,0.0,0.0,0.627,0.731,25070
欧联,162.0,0.467,0.246,0.286,0.512,0.21,0.278,1.635,0.442,25070
法乙,119.0,0.418,0.281,0.301,0.462,0.277,0.261,1.203,0.548,25070
法国杯,6.0,0.383,0.257,0.361,0.5,0.333,0.167,0.979,0.613,25070
法甲,135.0,0.447,0.241,0.312,0.43,0.244,0.326,0.184,0.912,25070
瑞典超,57.0,0.456,0.246,0.298,0.596,0.088,0.316,8.318,0.016,25070
社区盾杯,1.0,0.508,0.243,0.249,0.0,1.0,0.0,3.117,0.21,25070
美洲杯,31.0,0.462,0.248,0.29,0.387,0.323,0.29,1.071,0.585,25070
美职,66.0,0.506,0.238,0.256,0.561,0.212,0.227,0.774,0.679,25070
英冠,120.0,0.429,0.27,0.301,0.467,0.2,0.333,2.984,0.225,25070
英甲,2.0,0.357,0.25,0.393,0.5,0.0,0.5,0.672,0.715,25070
英超,299.0,0.447,0.232,0.321,0.408,0.251,0.341,1.856,0.395,25070
荷乙,49.0,0.45,0.239,0.311,0.531,0.143,0.327,2.649,0.266,25070
荷兰杯,2.0,0.386,0.158,0.456,0.5,0.0,0.5,0.391,0.823,25070
荷甲,32.0,0.45,0.239,0.311,0.406,0.25,0.344,0.261,0.878,25070
葡萄牙杯,1.0,0.332,0.286,0.383,0.0,1.0,0.0,2.5,0.286,25070
葡超,52.0,0.439,0.244,0.317,0.346,0.308,0.346,2.029,0.363,25070
西甲,231.0,0.442,0.257,0.301,0.424,0.277,0.299,0.521,0.771,25070
解放者杯,14.0,0.497,0.261,0.241,0.429,0.357,0.214,0.665,0.717,25070
足总杯,22.0,0.492,0.218,0.29,0.5,0.227,0.273,0.034,0.983,25070
J2联赛,12.0,0.309,0.275,0.417,0.333,0.25,0.417,0.05,0.975,25071
J联赛,27.0,0.417,0.272,0.311,0.556,0.333,0.111,5.082,0.079,25071
世亚预,77.0,0.49,0.217,0.293,0.416,0.325,0.26,5.294,0.071,25071
世南美预,24.0,0.46,0.263,0.277,0.542,0.417,0.042,7.29,0.026,25071
世欧预,16.0,0.525,0.175,0.301,0.562,0.062,0.375,1.488,0.475,25071
亚冠,37.0,0.503,0.223,0.275,0.595,0.216,0.189,1.611,0.447,25071
友谊赛,22.0,0.624,0.198,0.178,0.636,0.273,0.091,1.577,0.454,25071
国王杯,5.0,0.452,0.247,0.301,0.0,0.4,0.6,4.223,0.121,25071
天皇杯,31.0,0.385,0.24,0.376,0.452,0.097,0.452,3.475,0.176,25071
奥运女足,22.0,0.468,0.214,0.318,0.5,0.045,0.455,4.264,0.119,25071
奥运男足,27.0,0.421,0.24,0.339,0.481,0.111,0.407,2.465,0.292,25071
德乙,63.0,0.437,0.252,0.31,0.429,0.19,0.381,1.982,0.371,25071
德国杯,18.0,0.433,0.21,0.357,0.667,0.111,0.222,4.029,0.133,25071
德甲,257.0,0.446,0.233,0.321,0.389,0.253,0.358,3.438,0.179,25071
德超杯,1.0,0.549,0.232,0.219,0.0,1.0,0.0,3.308,0.191,25071
意大利杯,19.0,0.573,0.229,0.198,0.579,0.158,0.263,0.824,0.662,25071
意甲,217.0,0.421,0.263,0.316,0.41,0.304,0.286,2.089,0.352,25071
意超杯,1.0,0.535,0.266,0.199,1.0,0.0,0.0,0.869,0.648,25071
挪超,70.0,0.465,0.237,0.298,0.386,0.314,0.3,2.729,0.255,25071
日联杯,10.0,0.276,0.263,0.461,0.3,0.4,0.3,1.294,0.524,25071
欧冠,183.0,0.46,0.228,0.312,0.481,0.175,0.344,3.0,0.223,25071
欧协联,72.0,0.466,0.242,0.292,0.417,0.264,0.319,0.71,0.701,25071
欧国联,131.0,0.448,0.248,0.304,0.435,0.252,0.313,0.085,0.959,25071
欧洲杯,51.0,0.41,0.256,0.333,0.333,0.373,0.294,3.65,0.161,25071
欧洲超级杯,1.0,0.615,0.211,0.174,1.0,0.0,0.0,0.627,0.731,25071
欧联,162.0,0.467,0.246,0.286,0.512,0.21,0.278,1.635,0.442,25071
法乙,119.0,0.418,0.281,0.301,0.462,0.277,0.261,1.203,0.548,25071
法国杯,6.0,0.383,0.257,0.361,0.5,0.333,0.167,0.979,0.613,25071
法甲,136.0,0.447,0.241,0.312,0.434,0.243,0.324,0.107,0.948,25071
瑞典超,56.0,0.46,0.245,0.295,0.607,0.089,0.304,8.211,0.016,25071
社区盾杯,1.0,0.508,0.243,0.249,0.0,1.0,0.0,3.117,0.21,25071
美洲杯,31.0,0.462,0.248,0.29,0.387,0.323,0.29,1.071,0.585,25071
美职,66.0,0.506,0.238,0.256,0.561,0.212,0.227,0.774,0.679,25071
英冠,120.0,0.429,0.27,0.301,0.467,0.2,0.333,2.984,0.225,25071
英甲,2.0,0.357,0.25,0.393,0.5,0.0,0.5,0.672,0.715,25071
英超,300.0,0.449,0.232,0.319,0.41,0.25,0.34,1.888,0.389,25071
荷乙,49.0,0.45,0.239,0.311,0.531,0.143,0.327,2.649,0.266,25071
荷兰杯,2.0,0.386,0.158,0.456,0.5,0.0,0.5,0.391,0.823,25071
荷甲,29.0,0.456,0.236,0.308,0.414,0.241,0.345,0.241,0.886,25071
葡萄牙杯,1.0,0.332,0.286,0.383,0.0,1.0,0.0,2.5,0.286,25071
葡超,52.0,0.439,0.244,0.317,0.346,0.308,0.346,2.029,0.363,25071
西甲,230.0,0.439,0.257,0.304,0.422,0.274,0.304,0.409,0.815,25071
解放者杯,12.0,0.504,0.26,0.237,0.417,0.417,0.167,1.564,0.457,25071
足总杯,22.0,0.492,0.218,0.29,0.5,0.227,0.273,0.034,0.983,25071
J2联赛,12.0,0.309,0.275,0.417,0.333,0.25,0.417,0.05,0.975,25072
J联赛,27.0,0.417,0.272,0.311,0.556,0.333,0.111,5.082,0.079,25072
世亚预,77.0,0.49,0.217,0.293,0.416,0.325,0.26,5.294,0.071,25072
世南美预,24.0,0.46,0.263,0.277,0.542,0.417,0.042,7.29,0.026,25072
世欧预,16.0,0.525,0.175,0.301,0.562,0.062,0.375,1.488,0.475,25072
亚冠,37.0,0.503,0.223,0.275,0.595,0.216,0.189,1.611,0.447,25072
友谊赛,22.0,0.624,0.198,0.178,0.636,0.273,0.091,1.577,0.454,25072
国王杯,5.0,0.452,0.247,0.301,0.0,0.4,0.6,4.223,0.121,25072
天皇杯,31.0,0.385,0.24,0.376,0.452,0.097,0.452,3.475,0.176,25072
奥运女足,22.0,0.468,0.214,0.318,0.5,0.045,0.455,4.264,0.119,25072
奥运男足,27.0,0.421,0.24,0.339,0.481,0.111,0.407,2.465,0.292,25072
德乙,63.0,0.437,0.252,0.31,0.429,0.19,0.381,1.982,0.371,25072
德国杯,18.0,0.433,0.21,0.357,0.667,0.111,0.222,4.029,0.133,25072
德甲,260.0,0.446,0.233,0.321,0.385,0.258,0.358,3.967,0.138,25072
德超杯,1.0,0.549,0.232,0.219,0.0,1.0,0.0,3.308,0.191,25072
意大利杯,18.0,0.584,0.224,0.192,0.611,0.167,0.222,0.377,0.828,25072
意甲,220.0,0.42,0.263,0.317,0.409,0.305,0.286,2.195,0.334,25072
意超杯,1.0,0.535,0.266,0.199,1.0,0.0,0.0,0.869,0.648,25072
挪超,70.0,0.465,0.237,0.298,0.386,0.314,0.3,2.729,0.255,25072
日联杯,10.0,0.276,0.263,0.461,0.3,0.4,0.3,1.294,0.524,25072
欧冠,183.0,0.46,0.228,0.312,0.481,0.175,0.344,3.0,0.223,25072
欧协联,72.0,0.466,0.242,0.292,0.417,0.264,0.319,0.71,0.701,25072
欧国联,131.0,0.448,0.248,0.304,0.435,0.252,0.313,0.085,0.959,25072
欧洲杯,51.0,0.41,0.256,0.333,0.333,0.373,0.294,3.65,0.161,25072
欧洲超级杯,1.0,0.615,0.211,0.174,1.0,0.0,0.0,0.627,0.731,25072
欧联,162.0,0.467,0.246,0.286,0.512,0.21,0.278,1.635,0.442,25072
法乙,119.0,0.418,0.281,0.301,0.462,0.277,0.261,1.203,0.548,25072
法国杯,6.0,0.383,0.257,0.361,0.5,0.333,0.167,0.979,0.613,25072
法甲,135.0,0.45,0.24,0.31,0.437,0.244,0.319,0.097,0.953,25072
瑞典超,52.0,0.465,0.244,0.291,0.596,0.096,0.308,6.633,0.036,25072
社区盾杯,1.0,0.508,0.243,0.249,0.0,1.0,0.0,3.117,0.21,25072
美洲杯,31.0,0.462,0.248,0.29,0.387,0.323,0.29,1.071,0.585,25072
美职,66.0,0.506,0.238,0.256,0.561,0.212,0.227,0.774,0.679,25072
英冠,120.0,0.429,0.27,0.301,0.467,0.2,0.333,2.984,0.225,25072
英甲,2.0,0.357,0.25,0.393,0.5,0.0,0.5,0.672,0.715,25072
英超,302.0,0.45,0.232,0.318,0.411,0.255,0.334,2.004,0.367,25072
荷乙,49.0,0.45,0.239,0.311,0.531,0.143,0.327,2.649,0.266,25072
荷兰杯,2.0,0.386,0.158,0.456,0.5,0.0,0.5,0.391,0.823,25072
荷甲,29.0,0.456,0.236,0.308,0.414,0.241,0.345,0.241,0.886,25072
葡萄牙杯,1.0,0.332,0.286,0.383,0.0,1.0,0.0,2.5,0.286,25072
葡超,52.0,0.439,0.244,0.317,0.346,0.308,0.346,2.029,0.363,25072
西甲,229.0,0.439,0.258,0.303,0.415,0.284,0.301,0.924,0.63,25072
解放者杯,11.0,0.528,0.258,0.214,0.455,0.455,0.091,2.535,0.282,25072
足总杯,22.0,0.492,0.218,0.29,0.5,0.227,0.273,0.034,0.983,25072
J2联赛,12.0,0.309,0.275,0.417,0.333,0.25,0.417,0.05,0.975,25073
J联赛,29.0,0.413,0.274,0.313,0.517,0.31,0.172,2.749,0.253,25073
世亚预,77.0,0.49,0.217,0.293,0.416,0.325,0.26,5.294,0.071,25073
世南美预,24.0,0.46,0.263,0.277,0.542,0.417,0.042,7.29,0.026,25073
世欧预,16.0,0.525,0.175,0.301,0.562,0.062,0.375,1.488,0.475,25073
亚冠,37.0,0.503,0.223,0.275,0.595,0.216,0.189,1.611,0.447,25073
友谊赛,22.0,0.624,0.198,0.178,0.636,0.273,0.091,1.577,0.454,25073
国王杯,5.0,0.452,0.247,0.301,0.0,0.4,0.6,4.223,0.121,25073
天皇杯,31.0,0.385,0.24,0.376,0.452,0.097,0.452,3.475,0.176,25073
奥运女足,22.0,0.468,0.214,0.318,0.5,0.045,0.455,4.264,0.119,25073
奥运男足,27.0,0.421,0.24,0.339,0.481,0.111,0.407,2.465,0.292,25073
德乙,63.0,0.437,0.252,0.31,0.429,0.19,0.381,1.982,0.371,25073
德国杯,18.0,0.433,0.21,0.357,0.667,0.111,0.222,4.029,0.133,25073
德甲,260.0,0.446,0.233,0.321,0.385,0.258,0.358,3.967,0.138,25073
德超杯,1.0,0.549,0.232,0.219,0.0,1.0,0.0,3.308,0.191,25073
意大利杯,18.0,0.584,0.224,0.192,0.611,0.167,0.222,0.377,0.828,25073
意甲,220.0,0.42,0.263,0.317,0.409,0.305,0.286,2.195,0.334,25073
意超杯,1.0,0.535,0.266,0.199,1.0,0.0,0.0,0.869,0.648,25073
挪超,64.0,0.463,0.237,0.3,0.375,0.344,0.281,4.227,0.121,25073
日联杯,10.0,0.276,0.263,0.461,0.3,0.4,0.3,1.294,0.524,25073
欧冠,185.0,0.459,0.228,0.313,0.481,0.178,0.341,2.642,0.267,25073
欧协联,74.0,0.469,0.241,0.289,0.432,0.257,0.311,0.409,0.815,25073
欧国联,131.0,0.448,0.248,0.304,0.435,0.252,0.313,0.085,0.959,25073
欧洲杯,51.0,0.41,0.256,0.333,0.333,0.373,0.294,3.65,0.161,25073
欧洲超级杯,1.0,0.615,0.211,0.174,1.0,0.0,0.0,0.627,0.731,25073
欧联,164.0,0.467,0.247,0.287,0.512,0.207,0.28,1.773,0.412,25073
法乙,119.0,0.418,0.281,0.301,0.462,0.277,0.261,1.203,0.548,25073
法国杯,6.0,0.383,0.257,0.361,0.5,0.333,0.167,0.979,0.613,25073
法甲,135.0,0.45,0.24,0.31,0.437,0.244,0.319,0.097,0.953,25073
瑞典超,48.0,0.466,0.244,0.291,0.625,0.062,0.312,9.167,0.01,25073
社区盾杯,1.0,0.508,0.243,0.249,0.0,1.0,0.0,3.117,0.21,25073
美洲杯,31.0,0.462,0.248,0.29,0.387,0.323,0.29,1.071,0.585,25073
美职,66.0,0.506,0.238,0.256,0.561,0.212,0.227,0.774,0.679,25073
英冠,119.0,0.427,0.27,0.302,0.462,0.202,0.336,2.854,0.24,25073
英甲,2.0,0.357,0.25,0.393,0.5,0.0,0.5,0.672,0.715,25073
英超,302.0,0.45,0.232,0.318,0.411,0.255,0.334,2.004,0.367,25073
荷乙,49.0,0.45,0.239,0.311,0.531,0.143,0.327,2.649,0.266,25073
荷兰杯,2.0,0.386,0.158,0.456,0.5,0.0,0.5,0.391,0.823,25073
荷甲,29.0,0.456,0.236,0.308,0.414,0.241,0.345,0.241,0.886,25073
葡萄牙杯,1.0,0.332,0.286,0.383,0.0,1.0,0.0,2.5,0.286,25073
葡超,52.0,0.439,0.244,0.317,0.346,0.308,0.346,2.029,0.363,25073
西甲,226.0,0.44,0.258,0.302,0.416,0.283,0.301,0.864,0.649,25073
解放者杯,17.0,0.464,0.267,0.269,0.353,0.353,0.294,0.962,0.618,25073
足总杯,22.0,0.492,0.218,0.29,0.5,0.227,0.273,0.034,0.983,25073
J2联赛,12.0,0.309,0.275,0.417,0.333,0.25,0.417,0.05,0.975,25074
J联赛,29.0,0.413,0.274,0.313,0.517,0.31,0.172,2.749,0.253,25074
世亚预,77.0,0.49,0.217,0.293,0.416,0.325,0.26,5.294,0.071,25074
世南美预,24.0,0.46,0.263,0.277,0.542,0.417,0.042,7.29,0.026,25074
世欧预,16.0,0.525,0.175,0.301,0.562,0.062,0.375,1.488,0.475,25074
亚冠,37.0,0.503,0.223,0.275,0.595,0.216,0.189,1.611,0.447,25074
友谊赛,22.0,0.624,0.198,0.178,0.636,0.273,0.091,1.577,0.454,25074
国王杯,5.0,0.452,0.247,0.301,0.0,0.4,0.6,4.223,0.121,25074
天皇杯,31.0,0.385,0.24,0.376,0.452,0.097,0.452,3.475,0.176,25074
奥运女足,22.0,0.468,0.214,0.318,0.5,0.045,0.455,4.264,0.119,25074
奥运男足,27.0,0.421,0.24,0.339,0.481,0.111,0.407,2.465,0.292,25074
德乙,65.0,0.432,0.252,0.317,0.431,0.185,0.385,2.106,0.349,25074
德国杯,18.0,0.433,0.21,0.357,0.667,0.111,0.222,4.029,0.133,25074
德甲,252.0,0.442,0.234,0.323,0.369,0.266,0.365,5.5,0.064,25074
德超杯,1.0,0.549,0.232,0.219,0.0,1.0,0.0,3.308,0.191,25074
意大利杯,18.0,0.584,0.224,0.192,0.611,0.167,0.222,0.377,0.828,25074
意甲,219.0,0.421,0.262,0.316,0.411,0.306,0.283,2.389,0.303,25074
意超杯,1.0,0.535,0.266,0.199,1.0,0.0,0.0,0.869,0.648,25074
挪超,64.0,0.463,0.237,0.3,0.375,0.344,0.281,4.227,0.121,25074
日联杯,10.0,0.276,0.263,0.461,0.3,0.4,0.3,1.294,0.524,25074
欧冠,185.0,0.459,0.228,0.313,0.481,0.178,0.341,2.642,0.267,25074
欧协联,74.0,0.469,0.241,0.289,0.432,0.257,0.311,0.409,0.815,25074
欧国联,131.0,0.448,0.248,0.304,0.435,0.252,0.313,0.085,0.959,25074
欧洲杯,51.0,0.41,0.256,0.333,0.333,0.373,0.294,3.65,0.161,25074
欧洲超级杯,1.0,0.615,0.211,0.174,1.0,0.0,0.0,0.627,0.731,25074
欧联,164.0,0.467,0.247,0.287,0.512,0.207,0.28,1.773,0.412,25074
法乙,119.0,0.418,0.281,0.301,0.462,0.277,0.261,1.203,0.548,25074
法国杯,6.0,0.383,0.257,0.361,0.5,0.333,0.167,0.979,0.613,25074
法甲,135.0,0.45,0.24,0.31,0.437,0.244,0.319,0.097,0.953,25074
瑞典超,48.0,0.466,0.244,0.291,0.625,0.062,0.312,9.167,0.01,25074
社区盾杯,1.0,0.508,0.243,0.249,0.0,1.0,0.0,3.117,0.21,25074
美洲杯,31.0,0.462,0.248,0.29,0.387,0.323,0.29,1.071,0.585,25074
美职,66.0,0.506,0.238,0.256,0.561,0.212,0.227,0.774,0.679,25074
英冠,120.0,0.427,0.27,0.302,0.458,0.2,0.342,3.089,0.213,25074
英甲,2.0,0.357,0.25,0.393,0.5,0.0,0.5,0.672,0.715,25074
英超,302.0,0.45,0.232,0.318,0.411,0.255,0.334,2.004,0.367,25074
荷乙,56.0,0.456,0.237,0.308,0.536,0.125,0.339,3.925,0.141,25074
荷兰杯,2.0,0.386,0.158,0.456,0.5,0.0,0.5,0.391,0.823,25074
荷甲,30.0,0.452,0.238,0.31,0.4,0.233,0.367,0.495,0.781,25074
葡萄牙杯,1.0,0.332,0.286,0.383,0.0,1.0,0.0,2.5,0.286,25074
葡超,50.0,0.445,0.243,0.312,0.36,0.32,0.32,2.031,0.362,25074
西甲,226.0,0.44,0.258,0.302,0.412,0.283,0.305,0.973,0.615,25074
解放者杯,17.0,0.464,0.267,0.269,0.353,0.353,0.294,0.962,0.618,25074
足总杯,22.0,0.492,0.218,0.29,0.5,0.227,0.273,0.034,0.983,25074
J2联赛,12.0,0.309,0.275,0.417,0.333,0.25,0.417,0.05,0.975,25075
J联赛,29.0,0.413,0.274,0.313,0.517,0.31,0.172,2.749,0.253,25075
世亚预,77.0,0.49,0.217,0.293,0.416,0.325,0.26,5.294,0.071,25075
世南美预,24.0,0.46,0.263,0.277,0.542,0.417,0.042,7.29,0.026,25075
世欧预,16.0,0.525,0.175,0.301,0.562,0.062,0.375,1.488,0.475,25075
亚冠,37.0,0.503,0.223,0.275,0.595,0.216,0.189,1.611,0.447,25075
友谊赛,22.0,0.624,0.198,0.178,0.636,0.273,0.091,1.577,0.454,25075
国王杯,5.0,0.452,0.247,0.301,0.0,0.4,0.6,4.223,0.121,25075
天皇杯,31.0,0.385,0.24,0.376,0.452,0.097,0.452,3.475,0.176,25075
奥运女足,22.0,0.468,0.214,0.318,0.5,0.045,0.455,4.264,0.119,25075
奥运男足,27.0,0.421,0.24,0.339,0.481,0.111,0.407,2.465,0.292,25075
德乙,65.0,0.432,0.252,0.317,0.431,0.185,0.385,2.106,0.349,25075
德国杯,18.0,0.433,0.21,0.357,0.667,0.111,0.222,4.029,0.133,25075
德甲,257.0,0.443,0.234,0.323,0.366,0.265,0.37,6.228,0.044,25075
德超杯,1.0,0.549,0.232,0.219,0.0,1.0,0.0,3.308,0.191,25075
意大利杯,18.0,0.584,0.224,0.192,0.611,0.167,0.222,0.377,0.828,25075
意甲,218.0,0.419,0.263,0.318,0.408,0.307,0.284,2.437,0.296,25075
意超杯,1.0,0.535,0.266,0.199,1.0,0.0,0.0,0.869,0.648,25075
挪超,64.0,0.463,0.237,0.3,0.375,0.344,0.281,4.227,0.121,25075
日联杯,10.0,0.276,0.263,0.461,0.3,0.4,0.3,1.294,0.524,25075
欧冠,185.0,0.459,0.228,0.313,0.481,0.178,0.341,2.642,0.267,25075
欧协联,74.0,0.469,0.241,0.289,0.432,0.257,0.311,0.409,0.815,25075
欧国联,131.0,0.448,0.248,0.304,0.435,0.252,0.313,0.085,0.959,25075
欧洲杯,51.0,0.41,0.256,0.333,0.333,0.373,0.294,3.65,0.161,25075
欧洲超级杯,1.0,0.615,0.211,0.174,1.0,0.0,0.0,0.627,0.731,25075
欧联,164.0,0.467,0.247,0.287,0.512,0.207,0.28,1.773,0.412,25075
法乙,119.0,0.418,0.281,0.301,0.462,0.277,0.261,1.203,0.548,25075
法国杯,6.0,0.383,0.257,0.361,0.5,0.333,0.167,0.979,0.613,25075
法甲,133.0,0.446,0.241,0.313,0.436,0.241,0.323,0.078,0.962,25075
瑞典超,48.0,0.466,0.244,0.291,0.625,0.062,0.312,9.167,0.01,25075
社区盾杯,1.0,0.508,0.243,0.249,0.0,1.0,0.0,3.117,0.21,25075
美洲杯,31.0,0.462,0.248,0.29,0.387,0.323,0.29,1.071,0.585,25075
美职,66.0,0.506,0.238,0.256,0.561,0.212,0.227,0.774,0.679,25075
英冠,120.0,0.427,0.27,0.302,0.458,0.2,0.342,3.089,0.213,25075
英甲,2.0,0.357,0.25,0.393,0.5,0.0,0.5,0.672,0.715,25075
英超,301.0,0.446,0.233,0.321,0.402,0.259,0.339,2.486,0.289,25075
荷乙,56.0,0.456,0.237,0.308,0.536,0.125,0.339,3.925,0.141,25075
荷兰杯,2.0,0.386,0.158,0.456,0.5,0.0,0.5,0.391,0.823,25075
荷甲,30.0,0.452,0.238,0.31,0.4,0.233,0.367,0.495,0.781,25075
葡萄牙杯,1.0,0.332,0.286,0.383,0.0,1.0,0.0,2.5,0.286,25075
葡超,50.0,0.445,0.243,0.312,0.36,0.32,0.32,2.031,0.362,25075
西甲,225.0,0.442,0.258,0.3,0.422,0.28,0.298,0.638,0.727,25075
解放者杯,17.0,0.464,0.267,0.269,0.353,0.353,0.294,0.962,0.618,25075
足总杯,22.0,0.492,0.218,0.29,0.5,0.227,0.273,0.034,0.983,25075
J2联赛,12.0,0.309,0.275,0.417,0.333,0.25,0.417,0.05,0.975,25076
J联赛,29.0,0.413,0.274,0.313,0.517,0.31,0.172,2.749,0.253,25076
世亚预,77.0,0.49,0.217,0.293,0.416,0.325,0.26,5.294,0.071,25076
世南美预,24.0,0.46,0.263,0.277,0.542,0.417,0.042,7.29,0.026,25076
世欧预,16.0,0.525,0.175,0.301,0.562,0.062,0.375,1.488,0.475,25076
亚冠,37.0,0.503,0.223,0.275,0.595,0.216,0.189,1.611,0.447,25076
友谊赛,22.0,0.624,0.198,0.178,0.636,0.273,0.091,1.577,0.454,25076
国王杯,5.0,0.452,0.247,0.301,0.0,0.4,0.6,4.223,0.121,25076
天皇杯,31.0,0.385,0.24,0.376,0.452,0.097,0.452,3.475,0.176,25076
奥运女足,22.0,0.468,0.214,0.318,0.5,0.045,0.455,4.264,0.119,25076
奥运男足,27.0,0.421,0.24,0.339,0.481,0.111,0.407,2.465,0.292,25076
德乙,65.0,0.432,0.252,0.317,0.431,0.185,0.385,2.106,0.349,25076
德国杯,18.0,0.433,0.21,0.357,0.667,0.111,0.222,4.029,0.133,25076
德甲,259.0,0.444,0.234,0.322,0.367,0.266,0.367,6.27,0.044,25076
德超杯,1.0,0.549,0.232,0.219,0.0,1.0,0.0,3.308,0.191,25076
意大利杯,18.0,0.584,0.224,0.192,0.611,0.167,0.222,0.377,0.828,25076
意甲,221.0,0.42,0.263,0.317,0.403,0.312,0.285,2.911,0.233,25076
意超杯,1.0,0.535,0.266,0.199,1.0,0.0,0.0,0.869,0.648,25076
挪超,64.0,0.463,0.237,0.3,0.375,0.344,0.281,4.227,0.121,25076
欧冠,185.0,0.459,0.228,0.313,0.481,0.178,0.341,2.642,0.267,25076
欧协联,74.0,0.469,0.241,0.289,0.432,0.257,0.311,0.409,0.815,25076
欧国联,131.0,0.448,0.248,0.304,0.435,0.252,0.313,0.085,0.959,25076
欧洲杯,51.0,0.41,0.256,0.333,0.333,0.373,0.294,3.65,0.161,25076
欧洲超级杯,1.0,0.615,0.211,0.174,1.0,0.0,0.0,0.627,0.731,25076
欧联,163.0,0.468,0.246,0.285,0.509,0.209,0.282,1.541,0.463,25076
法乙,119.0,0.418,0.281,0.301,0.462,0.277,0.261,1.203,0.548,25076
法国杯,6.0,0.383,0.257,0.361,0.5,0.333,0.167,0.979,0.613,25076
法甲,133.0,0.446,0.241,0.313,0.436,0.241,0.323,0.078,0.962,25076
瑞典超,48.0,0.466,0.244,0.291,0.625,0.062,0.312,9.167,0.01,25076
社区盾杯,1.0,0.508,0.243,0.249,0.0,1.0,0.0,3.117,0.21,25076
美洲杯,31.0,0.462,0.248,0.29,0.387,0.323,0.29,1.071,0.585,25076
美职,66.0,0.506,0.238,0.256,0.561,0.212,0.227,0.774,0.679,25076
英冠,120.0,0.427,0.27,0.302,0.458,0.2,0.342,3.089,0.213,25076
英甲,2.0,0.357,0.25,0.393,0.5,0.0,0.5,0.672,0.715,25076
英超,305.0,0.446,0.233,0.32,0.397,0.262,0.341,3.193,0.203,25076
荷乙,56.0,0.456,0.237,0.308,0.536,0.125,0.339,3.925,0.141,25076
荷兰杯,2.0,0.386,0.158,0.456,0.5,0.0,0.5,0.391,0.823,25076
荷甲,29.0,0.451,0.237,0.312,0.414,0.241,0.345,0.19,0.909,25076
葡萄牙杯,1.0,0.332,0.286,0.383,0.0,1.0,0.0,2.5,0.286,25076
葡超,50.0,0.445,0.243,0.312,0.36,0.32,0.32,2.031,0.362,25076
西甲,228.0,0.443,0.258,0.299,0.425,0.281,0.294,0.645,0.725,25076
解放者杯,17.0,0.464,0.267,0.269,0.353,0.353,0.294,0.962,0.618,25076
足总杯,22.0,0.492,0.218,0.29,0.5,0.227,0.273,0.034,0.983,25076
J2联赛,12.0,0.309,0.275,0.417,0.333,0.25,0.417,0.05,0.975,25077
J联赛,29.0,0.413,0.274,0.313,0.517,0.31,0.172,2.749,0.253,25077
世亚预,77.0,0.49,0.217,0.293,0.416,0.325,0.26,5.294,0.071,25077
世南美预,24.0,0.46,0.263,0.277,0.542,0.417,0.042,7.29,0.026,25077
世欧预,16.0,0.525,0.175,0.301,0.562,0.062,0.375,1.488,0.475,25077
亚冠,36.0,0.504,0.222,0.274,0.583,0.222,0.194,1.277,0.528,25077
友谊赛,22.0,0.624,0.198,0.178,0.636,0.273,0.091,1.577,0.454,25077
国王杯,5.0,0.452,0.247,0.301,0.0,0.4,0.6,4.223,0.121,25077
天皇杯,31.0,0.385,0.24,0.376,0.452,0.097,0.452,3.475,0.176,25077
奥运女足,22.0,0.468,0.214,0.318,0.5,0.045,0.455,4.264,0.119,25077
奥运男足,27.0,0.421,0.24,0.339,0.481,0.111,0.407,2.465,0.292,25077
德乙,65.0,0.432,0.252,0.317,0.431,0.185,0.385,2.106,0.349,25077
德国杯,17.0,0.454,0.215,0.33,0.706,0.118,0.176,4.334,0.115,25077
德甲,259.0,0.444,0.234,0.322,0.367,0.266,0.367,6.27,0.044,25077
德超杯,1.0,0.549,0.232,0.219,0.0,1.0,0.0,3.308,0.191,25077
意大利杯,19.0,0.573,0.228,0.198,0.579,0.158,0.263,0.815,0.665,25077
意甲,219.0,0.417,0.264,0.319,0.402,0.311,0.288,2.594,0.273,25077
意超杯,1.0,0.535,0.266,0.199,1.0,0.0,0.0,0.869,0.648,25077
挪超,63.0,0.462,0.236,0.301,0.381,0.333,0.286,3.457,0.178,25077
欧冠,185.0,0.459,0.228,0.313,0.481,0.178,0.341,2.642,0.267,25077
欧协联,74.0,0.469,0.241,0.289,0.432,0.257,0.311,0.409,0.815,25077
欧国联,131.0,0.448,0.248,0.304,0.435,0.252,0.313,0.085,0.959,25077
欧洲杯,51.0,0.41,0.256,0.333,0.333,0.373,0.294,3.65,0.161,25077
欧洲超级杯,1.0,0.615,0.211,0.174,1.0,0.0,0.0,0.627,0.731,25077
欧联,163.0,0.468,0.246,0.285,0.509,0.209,0.282,1.541,0.463,25077
法乙,119.0,0.418,0.281,0.301,0.462,0.277,0.261,1.203,0.548,25077
法国杯,5.0,0.422,0.265,0.313,0.6,0.4,0.0,2.286,0.319,25077
法甲,133.0,0.446,0.241,0.313,0.436,0.241,0.323,0.078,0.962,25077
瑞典超,50.0,0.465,0.244,0.291,0.6,0.08,0.32,7.606,0.022,25077
社区盾杯,1.0,0.508,0.243,0.249,0.0,1.0,0.0,3.117,0.21,25077
美洲杯,31.0,0.462,0.248,0.29,0.387,0.323,0.29,1.071,0.585,25077
美职,66.0,0.506,0.238,0.256,0.561,0.212,0.227,0.774,0.679,25077
英冠,120.0,0.427,0.27,0.302,0.458,0.2,0.342,3.089,0.213,25077
英甲,2.0,0.357,0.25,0.393,0.5,0.0,0.5,0.672,0.715,25077
英超,305.0,0.446,0.233,0.32,0.397,0.262,0.341,3.193,0.203,25077
荷乙,56.0,0.456,0.237,0.308,0.536,0.125,0.339,3.925,0.141,25077
荷兰杯,2.0,0.386,0.158,0.456,0.5,0.0,0.5,0.391,0.823,25077
荷甲,31.0,0.44,0.238,0.322,0.419,0.258,0.323,0.084,0.959,25077
葡萄牙杯,1.0,0.332,0.286,0.383,0.0,1.0,0.0,2.5,0.286,25077
葡超,50.0,0.445,0.243,0.312,0.36,0.32,0.32,2.031,0.362,25077
西甲,230.0,0.441,0.258,0.301,0.435,0.274,0.291,0.315,0.854,25077
解放者杯,17.0,0.464,0.267,0.269,0.353,0.353,0.294,0.962,0.618,25077
足总杯,21.0,0.481,0.221,0.298,0.524,0.238,0.238,0.364,0.833,25077
J2联赛,12.0,0.309,0.275,0.417,0.333,0.25,0.417,0.05,0.975,25078
J联赛,29.0,0.413,0.274,0.313,0.517,0.31,0.172,2.749,0.253,25078
世亚预,77.0,0.49,0.217,0.293,0.416,0.325,0.26,5.294,0.071,25078
世南美预,24.0,0.46,0.263,0.277,0.542,0.417,0.042,7.29,0.026,25078
世欧预,16.0,0.525,0.175,0.301,0.562,0.062,0.375,1.488,0.475,25078
亚冠,36.0,0.504,0.222,0.274,0.583,0.222,0.194,1.277,0.528,25078
友谊赛,22.0,0.624,0.198,0.178,0.636,0.273,0.091,1.577,0.454,25078
国王杯,5.0,0.452,0.247,0.301,0.0,0.4,0.6,4.223,0.121,25078
天皇杯,31.0,0.385,0.24,0.376,0.452,0.097,0.452,3.475,0.176,25078
奥运女足,22.0,0.468,0.214,0.318,0.5,0.045,0.455,4.264,0.119,25078
奥运男足,27.0,0.421,0.24,0.339,0.481,0.111,0.407,2.465,0.292,25078
德乙,65.0,0.432,0.252,0.317,0.431,0.185,0.385,2.106,0.349,25078
德国杯,17.0,0.454,0.215,0.33,0.706,0.118,0.176,4.334,0.115,25078
德甲,268.0,0.445,0.233,0.322,0.358,0.261,0.381,8.298,0.016,25078
德超杯,1.0,0.549,0.232,0.219,0.0,1.0,0.0,3.308,0.191,25078
意大利杯,19.0,0.573,0.228,0.198,0.579,0.158,0.263,0.815,0.665,25078
意甲,213.0,0.415,0.265,0.32,0.404,0.305,0.291,1.91,0.385,25078
意超杯,1.0,0.535,0.266,0.199,1.0,0.0,0.0,0.869,0.648,25078
挪超,60.0,0.457,0.237,0.306,0.367,0.35,0.283,4.378,0.112,25078
欧冠,185.0,0.459,0.228,0.313,0.481,0.178,0.341,2.642,0.267,25078
欧协联,74.0,0.469,0.241,0.289,0.432,0.257,0.311,0.409,0.815,25078
欧国联,131.0,0.448,0.248,0.304,0.435,0.252,0.313,0.085,0.959,25078
欧洲杯,51.0,0.41,0.256,0.333,0.333,0.373,0.294,3.65,0.161,25078
欧洲超级杯,1.0,0.615,0.211,0.174,1.0,0.0,0.0,0.627,0.731,25078
欧联,163.0,0.468,0.246,0.285,0.509,0.209,0.282,1.541,0.463,25078
法乙,119.0,0.418,0.281,0.301,0.462,0.277,0.261,1.203,0.548,25078
法国杯,5.0,0.422,0.265,0.313,0.6,0.4,0.0,2.286,0.319,25078
法甲,137.0,0.451,0.24,0.309,0.453,0.234,0.314,0.032,0.984,25078
瑞典超,50.0,0.465,0.244,0.291,0.6,0.08,0.32,7.606,0.022,25078
社区盾杯,1.0,0.508,0.243,0.249,0.0,1.0,0.0,3.117,0.21,25078
美洲杯,31.0,0.462,0.248,0.29,0.387,0.323,0.29,1.071,0.585,25078
美职,66.0,0.506,0.238,0.256,0.561,0.212,0.227,0.774,0.679,25078
英冠,119.0,0.427,0.27,0.302,0.462,0.202,0.336,2.862,0.239,25078
英甲,2.0,0.357,0.25,0.393,0.5,0.0,0.5,0.672,0.715,25078
英超,305.0,0.446,0.233,0.32,0.397,0.262,0.341,3.193,0.203,25078
荷乙,56.0,0.456,0.237,0.308,0.536,0.125,0.339,3.925,0.141,25078
荷兰杯,2.0,0.386,0.158,0.456,0.5,0.0,0.5,0.391,0.823,25078
荷甲,31.0,0.44,0.238,0.322,0.419,0.258,0.323,0.084,0.959,25078
葡超,50.0,0.445,0.243,0.312,0.36,0.32,0.32,2.031,0.362,25078
西甲,227.0,0.442,0.258,0.3,0.441,0.269,0.291,0.163,0.922,25078
解放者杯,17.0,0.464,0.267,0.269,0.353,0.353,0.294,0.962,0.618,25078
足总杯,22.0,0.47,0.222,0.308,0.545,0.227,0.227,0.739,0.691,25078
J2联赛,12.0,0.309,0.275,0.417,0.333,0.25,0.417,0.05,0.975,25079
J联赛,29.0,0.413,0.274,0.313,0.517,0.31,0.172,2.749,0.253,25079
世亚预,77.0,0.49,0.217,0.293,0.416,0.325,0.26,5.294,0.071,25079
世南美预,24.0,0.46,0.263,0.277,0.542,0.417,0.042,7.29,0.026,25079
世欧预,16.0,0.525,0.175,0.301,0.562,0.062,0.375,1.488,0.475,25079
亚冠,36.0,0.504,0.222,0.274,0.583,0.222,0.194,1.277,0.528,25079
友谊赛,22.0,0.624,0.198,0.178,0.636,0.273,0.091,1.577,0.454,25079
国王杯,5.0,0.452,0.247,0.301,0.0,0.4,0.6,4.223,0.121,25079
天皇杯,31.0,0.385,0.24,0.376,0.452,0.097,0.452,3.475,0.176,25079
奥运女足,22.0,0.468,0.214,0.318,0.5,0.045,0.455,4.264,0.119,25079
奥运男足,27.0,0.421,0.24,0.339,0.481,0.111,0.407,2.465,0.292,25079
德乙,64.0,0.431,0.251,0.318,0.438,0.188,0.375,1.703,0.427,25079
德国杯,17.0,0.454,0.215,0.33,0.706,0.118,0.176,4.334,0.115,25079
德甲,268.0,0.445,0.233,0.322,0.358,0.261,0.381,8.298,0.016,25079
德超杯,1.0,0.549,0.232,0.219,0.0,1.0,0.0,3.308,0.191,25079
意大利杯,19.0,0.573,0.228,0.198,0.579,0.158,0.263,0.815,0.665,25079
意甲,222.0,0.414,0.265,0.321,0.41,0.306,0.284,2.366,0.306,25079
意超杯,1.0,0.535,0.266,0.199,1.0,0.0,0.0,0.869,0.648,25079
挪超,57.0,0.446,0.24,0.314,0.351,0.351,0.298,4.143,0.126,25079
欧冠,185.0,0.459,0.228,0.313,0.481,0.178,0.341,2.642,0.267,25079
欧协联,73.0,0.472,0.24,0.288,0.438,0.247,0.315,0.377,0.828,25079
欧国联,131.0,0.448,0.248,0.304,0.435,0.252,0.313,0.085,0.959,25079
欧洲杯,51.0,0.41,0.256,0.333,0.333,0.373,0.294,3.65,0.161,25079
欧洲超级杯,1.0,0.615,0.211,0.174,1.0,0.0,0.0,0.627,0.731,25079
欧联,163.0,0.468,0.246,0.285,0.509,0.209,0.282,1.541,0.463,25079
法乙,119.0,0.418,0.281,0.301,0.462,0.277,0.261,1.203,0.548,25079
法国杯,5.0,0.422,0.265,0.313,0.6,0.4,0.0,2.286,0.319,25079
法甲,137.0,0.451,0.24,0.309,0.453,0.234,0.314,0.032,0.984,25079
瑞典超,49.0,0.458,0.245,0.297,0.571,0.102,0.327,5.593,0.061,25079
社区盾杯,1.0,0.508,0.243,0.249,0.0,1.0,0.0,3.117,0.21,25079
美洲杯,31.0,0.462,0.248,0.29,0.387,0.323,0.29,1.071,0.585,25079
美职,66.0,0.506,0.238,0.256,0.561,0.212,0.227,0.774,0.679,25079
英冠,119.0,0.427,0.27,0.302,0.462,0.202,0.336,2.862,0.239,25079
英甲,2.0,0.357,0.25,0.393,0.5,0.0,0.5,0.672,0.715,25079
英超,309.0,0.446,0.234,0.32,0.398,0.259,0.343,2.953,0.228,25079
荷乙,56.0,0.456,0.237,0.308,0.536,0.125,0.339,3.925,0.141,25079
荷兰杯,2.0,0.386,0.158,0.456,0.5,0.0,0.5,0.391,0.823,25079
荷甲,31.0,0.44,0.238,0.322,0.419,0.258,0.323,0.084,0.959,25079
葡超,50.0,0.445,0.243,0.312,0.36,0.32,0.32,2.031,0.362,25079
西甲,227.0,0.442,0.258,0.3,0.441,0.269,0.291,0.163,0.922,25079
解放者杯,10.0,0.375,0.29,0.335,0.2,0.3,0.5,1.636,0.441,25079
足总杯,22.0,0.47,0.222,0.308,0.545,0.227,0.227,0.739,0.691,25079
J2联赛,12.0,0.309,0.275,0.417,0.333,0.25,0.417,0.05,0.975,25080
J联赛,31.0,0.407,0.272,0.32,0.484,0.323,0.194,2.291,0.318,25080
世亚预,77.0,0.49,0.217,0.293,0.416,0.325,0.26,5.294,0.071,25080
世南美预,24.0,0.46,0.263,0.277,0.542,0.417,0.042,7.29,0.026,25080
世欧预,16.0,0.525,0.175,0.301,0.562,0.062,0.375,1.488,0.475,25080
亚冠,36.0,0.504,0.222,0.274,0.583,0.222,0.194,1.277,0.528,25080
友谊赛,22.0,0.624,0.198,0.178,0.636,0.273,0.091,1.577,0.454,25080
国王杯,5.0,0.452,0.247,0.301,0.0,0.4,0.6,4.223,0.121,25080
天皇杯,31.0,0.385,0.24,0.376,0.452,0.097,0.452,3.475,0.176,25080
奥运女足,22.0,0.468,0.214,0.318,0.5,0.045,0.455,4.264,0.119,25080
奥运男足,27.0,0.421,0.24,0.339,0.481,0.111,0.407,2.465,0.292,25080
德乙,64.0,0.431,0.251,0.318,0.438,0.188,0.375,1.703,0.427,25080
德国杯,17.0,0.454,0.215,0.33,0.706,0.118,0.176,4.334,0.115,25080
德甲,268.0,0.445,0.233,0.322,0.358,0.261,0.381,8.298,0.016,25080
德超杯,1.0,0.549,0.232,0.219,0.0,1.0,0.0,3.308,0.191,25080
意大利杯,19.0,0.573,0.228,0.198,0.579,0.158,0.263,0.815,0.665,25080
意甲,222.0,0.414,0.265,0.321,0.41,0.306,0.284,2.366,0.306,25080
意超杯,1.0,0.535,0.266,0.199,1.0,0.0,0.0,0.869,0.648,25080
挪超,56.0,0.451,0.24,0.309,0.357,0.357,0.286,4.389,0.111,25080
日联杯,7.0,0.294,0.289,0.417,0.143,0.286,0.571,0.944,0.624,25080
欧冠,184.0,0.461,0.228,0.311,0.484,0.179,0.337,2.5,0.286,25080
欧协联,73.0,0.472,0.24,0.288,0.438,0.247,0.315,0.377,0.828,25080
欧国联,131.0,0.448,0.248,0.304,0.435,0.252,0.313,0.085,0.959,25080
欧洲杯,51.0,0.41,0.256,0.333,0.333,0.373,0.294,3.65,0.161,25080
欧洲超级杯,1.0,0.615,0.211,0.174,1.0,0.0,0.0,0.627,0.731,25080
欧联,164.0,0.467,0.247,0.286,0.512,0.207,0.28,1.767,0.413,25080
法乙,119.0,0.418,0.281,0.301,0.462,0.277,0.261,1.203,0.548,25080
法国杯,5.0,0.422,0.265,0.313,0.6,0.4,0.0,2.286,0.319,25080
法甲,137.0,0.451,0.24,0.309,0.453,0.234,0.314,0.032,0.984,25080
瑞典超,49.0,0.465,0.244,0.291,0.531,0.122,0.347,3.969,0.137,25080
社区盾杯,1.0,0.508,0.243,0.249,0.0,1.0,0.0,3.117,0.21,25080
美洲杯,31.0,0.462,0.248,0.29,0.387,0.323,0.29,1.071,0.585,25080
美职,56.0,0.498,0.239,0.263,0.554,0.196,0.25,0.807,0.668,25080
英冠,119.0,0.427,0.27,0.302,0.462,0.202,0.336,2.862,0.239,25080
英甲,2.0,0.357,0.25,0.393,0.5,0.0,0.5,0.672,0.715,25080
英超,311.0,0.447,0.234,0.319,0.402,0.257,0.341,2.592,0.274,25080
荷乙,56.0,0.456,0.237,0.308,0.536,0.125,0.339,3.925,0.141,25080
荷兰杯,2.0,0.386,0.158,0.456,0.5,0.0,0.5,0.391,0.823,25080
荷甲,31.0,0.44,0.238,0.322,0.419,0.258,0.323,0.084,0.959,25080
葡超,50.0,0.445,0.243,0.312,0.36,0.32,0.32,2.031,0.362,25080
西甲,227.0,0.442,0.258,0.3,0.441,0.269,0.291,0.163,0.922,25080
解放者杯,10.0,0.375,0.29,0.335,0.2,0.3,0.5,1.636,0.441,25080
足总杯,22.0,0.47,0.222,0.308,0.545,0.227,0.227,0.739,0.691,25080
J2联赛,12.0,0.309,0.275,0.417,0.333,0.25,0.417,0.05,0.975,25081
J联赛,31.0,0.407,0.272,0.32,0.484,0.323,0.194,2.291,0.318,25081
世亚预,77.0,0.49,0.217,0.293,0.416,0.325,0.26,5.294,0.071,25081
世南美预,24.0,0.46,0.263,0.277,0.542,0.417,0.042,7.29,0.026,25081
世欧预,16.0,0.525,0.175,0.301,0.562,0.062,0.375,1.488,0.475,25081
亚冠,36.0,0.504,0.222,0.274,0.583,0.222,0.194,1.277,0.528,25081
友谊赛,22.0,0.624,0.198,0.178,0.636,0.273,0.091,1.577,0.454,25081
国王杯,5.0,0.452,0.247,0.301,0.0,0.4,0.6,4.223,0.121,25081
天皇杯,31.0,0.385,0.24,0.376,0.452,0.097,0.452,3.475,0.176,25081
奥运女足,22.0,0.468,0.214,0.318,0.5,0.045,0.455,4.264,0.119,25081
奥运男足,27.0,0.421,0.24,0.339,0.481,0.111,0.407,2.465,0.292,25081
德乙,64.0,0.431,0.251,0.318,0.438,0.188,0.375,1.703,0.427,25081
德国杯,18.0,0.436,0.214,0.35,0.667,0.111,0.222,3.912,0.141,25081
德甲,268.0,0.445,0.233,0.322,0.358,0.261,0.381,8.298,0.016,25081
德超杯,1.0,0.549,0.232,0.219,0.0,1.0,0.0,3.308,0.191,25081
意大利杯,19.0,0.573,0.228,0.198,0.579,0.158,0.263,0.815,0.665,25081
意甲,223.0,0.416,0.265,0.319,0.413,0.305,0.283,2.323,0.313,25081
意超杯,1.0,0.535,0.266,0.199,1.0,0.0,0.0,0.869,0.648,25081
挪超,51.0,0.455,0.239,0.306,0.412,0.314,0.275,1.55,0.461,25081
日联杯,7.0,0.294,0.289,0.417,0.143,0.286,0.571,0.944,0.624,25081
欧冠,184.0,0.461,0.228,0.311,0.484,0.179,0.337,2.5,0.286,25081
欧协联,73.0,0.472,0.24,0.288,0.438,0.247,0.315,0.377,0.828,25081
欧国联,131.0,0.448,0.248,0.304,0.435,0.252,0.313,0.085,0.959,25081
欧洲杯,51.0,0.41,0.256,0.333,0.333,0.373,0.294,3.65,0.161,25081
欧洲超级杯,1.0,0.615,0.211,0.174,1.0,0.0,0.0,0.627,0.731,25081
欧联,164.0,0.467,0.247,0.286,0.512,0.207,0.28,1.767,0.413,25081
法乙,119.0,0.418,0.281,0.301,0.462,0.277,0.261,1.203,0.548,25081
法国杯,6.0,0.489,0.241,0.271,0.667,0.333,0.0,2.228,0.328,25081
法甲,136.0,0.452,0.239,0.309,0.449,0.235,0.316,0.037,0.982,25081
瑞典超,46.0,0.468,0.243,0.289,0.565,0.13,0.304,3.373,0.185,25081
社区盾杯,1.0,0.508,0.243,0.249,0.0,1.0,0.0,3.117,0.21,25081
美洲杯,31.0,0.462,0.248,0.29,0.387,0.323,0.29,1.071,0.585,25081
美职,55.0,0.498,0.239,0.264,0.564,0.2,0.236,0.982,0.612,25081
英冠,120.0,0.427,0.271,0.302,0.458,0.2,0.342,3.113,0.211,25081
英甲,2.0,0.357,0.25,0.393,0.5,0.0,0.5,0.672,0.715,25081
英超,311.0,0.447,0.234,0.319,0.402,0.257,0.341,2.592,0.274,25081
荷乙,56.0,0.456,0.237,0.308,0.536,0.125,0.339,3.925,0.141,25081
荷兰杯,2.0,0.386,0.158,0.456,0.5,0.0,0.5,0.391,0.823,25081
荷甲,31.0,0.44,0.238,0.322,0.419,0.258,0.323,0.084,0.959,25081
葡超,50.0,0.445,0.243,0.312,0.36,0.32,0.32,2.031,0.362,25081
西甲,233.0,0.445,0.257,0.298,0.442,0.27,0.288,0.254,0.881,25081
解放者杯,10.0,0.375,0.29,0.335,0.2,0.3,0.5,1.636,0.441,25081
足总杯,22.0,0.47,0.222,0.308,0.545,0.227,0.227,0.739,0.691,25081
J2联赛,12.0,0.309,0.275,0.417,0.333,0.25,0.417,0.05,0.975,25082
J联赛,31.0,0.407,0.272,0.32,0.484,0.323,0.194,2.291,0.318,25082
世亚预,77.0,0.49,0.217,0.293,0.416,0.325,0.26,5.294,0.071,25082
世南美预,24.0,0.46,0.263,0.277,0.542,0.417,0.042,7.29,0.026,25082
世欧预,16.0,0.525,0.175,0.301,0.562,0.062,0.375,1.488,0.475,25082
亚冠,36.0,0.504,0.222,0.274,0.583,0.222,0.194,1.277,0.528,25082
友谊赛,9.0,0.553,0.211,0.236,0.444,0.333,0.222,0.841,0.657,25082
国王杯,5.0,0.452,0.247,0.301,0.0,0.4,0.6,4.223,0.121,25082
天皇杯,31.0,0.385,0.24,0.376,0.452,0.097,0.452,3.475,0.176,25082
奥运女足,22.0,0.468,0.214,0.318,0.5,0.045,0.455,4.264,0.119,25082
奥运男足,27.0,0.421,0.24,0.339,0.481,0.111,0.407,2.465,0.292,25082
德乙,64.0,0.431,0.251,0.318,0.438,0.188,0.375,1.703,0.427,25082
德国杯,18.0,0.436,0.214,0.35,0.667,0.111,0.222,3.912,0.141,25082
德甲,268.0,0.445,0.233,0.322,0.358,0.261,0.381,8.298,0.016,25082
德超杯,1.0,0.549,0.232,0.219,0.0,1.0,0.0,3.308,0.191,25082
意大利杯,19.0,0.573,0.228,0.198,0.579,0.158,0.263,0.815,0.665,25082
意甲,226.0,0.416,0.264,0.32,0.407,0.301,0.292,1.713,0.425,25082
意超杯,1.0,0.535,0.266,0.199,1.0,0.0,0.0,0.869,0.648,25082
挪超,51.0,0.455,0.239,0.306,0.412,0.314,0.275,1.55,0.461,25082
日联杯,7.0,0.294,0.289,0.417,0.143,0.286,0.571,0.944,0.624,25082
欧冠,184.0,0.461,0.228,0.311,0.484,0.179,0.337,2.5,0.286,25082
欧协联,73.0,0.472,0.24,0.288,0.438,0.247,0.315,0.377,0.828,25082
欧国联,131.0,0.448,0.248,0.304,0.435,0.252,0.313,0.085,0.959,25082
欧洲杯,51.0,0.41,0.256,0.333,0.333,0.373,0.294,3.65,0.161,25082
欧洲超级杯,1.0,0.615,0.211,0.174,1.0,0.0,0.0,0.627,0.731,25082
欧联,164.0,0.467,0.247,0.286,0.512,0.207,0.28,1.767,0.413,25082
法乙,119.0,0.418,0.281,0.301,0.462,0.277,0.261,1.203,0.548,25082
法国杯,6.0,0.489,0.241,0.271,0.667,0.333,0.0,2.228,0.328,25082
法甲,136.0,0.452,0.239,0.309,0.449,0.235,0.316,0.037,0.982,25082
瑞典超,46.0,0.468,0.243,0.289,0.565,0.13,0.304,3.373,0.185,25082
社区盾杯,1.0,0.508,0.243,0.249,0.0,1.0,0.0,3.117,0.21,25082
美洲杯,31.0,0.462,0.248,0.29,0.387,0.323,0.29,1.071,0.585,25082
美职,55.0,0.498,0.239,0.264,0.564,0.2,0.236,0.982,0.612,25082
英冠,120.0,0.427,0.271,0.302,0.458,0.2,0.342,3.113,0.211,25082
英甲,2.0,0.357,0.25,0.393,0.5,0.0,0.5,0.672,0.715,25082
英超,321.0,0.445,0.233,0.322,0.396,0.255,0.349,3.151,0.207,25082
荷乙,56.0,0.456,0.237,0.308,0.536,0.125,0.339,3.925,0.141,25082
荷兰杯,2.0,0.386,0.158,0.456,0.5,0.0,0.5,0.391,0.823,25082
荷甲,31.0,0.44,0.238,0.322,0.419,0.258,0.323,0.084,0.959,25082
葡超,50.0,0.445,0.243,0.312,0.36,0.32,0.32,2.031,0.362,25082
西甲,234.0,0.444,0.257,0.299,0.44,0.269,0.291,0.198,0.906,25082
解放者杯,9.0,0.385,0.289,0.326,0.222,0.333,0.444,1.069,0.586,25082
足总杯,22.0,0.47,0.222,0.308,0.545,0.227,0.227,0.739,0.691,25082
J2联赛,12.0,0.309,0.275,0.417,0.333,0.25,0.417,0.05,0.975,25083
J联赛,31.0,0.407,0.272,0.32,0.484,0.323,0.194,2.291,0.318,25083
世亚预,64.0,0.508,0.224,0.268,0.453,0.312,0.234,2.897,0.235,25083
世南美预,24.0,0.46,0.263,0.277,0.542,0.417,0.042,7.29,0.026,25083
世欧预,16.0,0.525,0.175,0.301,0.562,0.062,0.375,1.488,0.475,25083
亚冠,36.0,0.504,0.222,0.274,0.583,0.222,0.194,1.277,0.528,25083
友谊赛,8.0,0.538,0.213,0.249,0.375,0.375,0.25,1.387,0.5,25083
国王杯,5.0,0.452,0.247,0.301,0.0,0.4,0.6,4.223,0.121,25083
天皇杯,31.0,0.385,0.24,0.376,0.452,0.097,0.452,3.475,0.176,25083
奥运女足,22.0,0.468,0.214,0.318,0.5,0.045,0.455,4.264,0.119,25083
奥运男足,27.0,0.421,0.24,0.339,0.481,0.111,0.407,2.465,0.292,25083
德乙,64.0,0.431,0.251,0.318,0.438,0.188,0.375,1.703,0.427,25083
德国杯,18.0,0.436,0.214,0.35,0.667,0.111,0.222,3.912,0.141,25083
德甲,268.0,0.445,0.233,0.322,0.358,0.261,0.381,8.298,0.016,25083
德超杯,1.0,0.549,0.232,0.219,0.0,1.0,0.0,3.308,0.191,25083
意大利杯,19.0,0.573,0.228,0.198,0.579,0.158,0.263,0.815,0.665,25083
意甲,226.0,0.416,0.264,0.32,0.407,0.301,0.292,1.713,0.425,25083
意超杯,1.0,0.535,0.266,0.199,1.0,0.0,0.0,0.869,0.648,25083
挪超,53.0,0.457,0.239,0.304,0.396,0.302,0.302,1.298,0.523,25083
日联杯,7.0,0.294,0.289,0.417,0.143,0.286,0.571,0.944,0.624,25083
欧冠,184.0,0.461,0.228,0.311,0.484,0.179,0.337,2.5,0.286,25083
欧协联,74.0,0.468,0.241,0.291,0.432,0.243,0.324,0.49,0.783,25083
欧国联,131.0,0.448,0.248,0.304,0.435,0.252,0.313,0.085,0.959,25083
欧洲杯,51.0,0.41,0.256,0.333,0.333,0.373,0.294,3.65,0.161,25083
欧洲超级杯,1.0,0.615,0.211,0.174,1.0,0.0,0.0,0.627,0.731,25083
欧联,164.0,0.467,0.247,0.286,0.512,0.207,0.28,1.767,0.413,25083
法乙,119.0,0.418,0.281,0.301,0.462,0.277,0.261,1.203,0.548,25083
法国杯,6.0,0.489,0.241,0.271,0.667,0.333,0.0,2.228,0.328,25083
法甲,136.0,0.452,0.239,0.309,0.449,0.235,0.316,0.037,0.982,25083
瑞典超,46.0,0.468,0.243,0.289,0.565,0.13,0.304,3.373,0.185,25083
社区盾杯,1.0,0.508,0.243,0.249,0.0,1.0,0.0,3.117,0.21,25083
美洲杯,31.0,0.462,0.248,0.29,0.387,0.323,0.29,1.071,0.585,25083
美职,60.0,0.498,0.239,0.263,0.55,0.233,0.217,0.812,0.666,25083
英冠,120.0,0.427,0.271,0.302,0.458,0.2,0.342,3.113,0.211,25083
英甲,2.0,0.357,0.25,0.393,0.5,0.0,0.5,0.672,0.715,25083
英超,321.0,0.445,0.233,0.322,0.396,0.255,0.349,3.151,0.207,25083
荷乙,56.0,0.456,0.237,0.308,0.536,0.125,0.339,3.925,0.141,25083
荷兰杯,2.0,0.386,0.158,0.456,0.5,0.0,0.5,0.391,0.823,25083
荷甲,31.0,0.44,0.238,0.322,0.419,0.258,0.323,0.084,0.959,25083
葡超,50.0,0.445,0.243,0.312,0.36,0.32,0.32,2.031,0.362,25083
西甲,234.0,0.444,0.257,0.299,0.44,0.269,0.291,0.198,0.906,25083
解放者杯,15.0,0.482,0.256,0.262,0.533,0.2,0.267,0.271,0.873,25083
足总杯,22.0,0.47,0.222,0.308,0.545,0.227,0.227,0.739,0.691,25083
J2联赛,10.0,0.3,0.27,0.43,0.4,0.2,0.4,0.531,0.767,25084
J联赛,31.0,0.407,0.272,0.32,0.484,0.323,0.194,2.291,0.318,25084
世亚预,64.0,0.508,0.224,0.268,0.453,0.312,0.234,2.897,0.235,25084
世南美预,24.0,0.46,0.263,0.277,0.542,0.417,0.042,7.29,0.026,25084
世欧预,16.0,0.525,0.175,0.301,0.562,0.062,0.375,1.488,0.475,25084
亚冠,36.0,0.504,0.222,0.274,0.583,0.222,0.194,1.277,0.528,25084
友谊赛,1.0,0.12,0.182,0.697,0.0,1.0,0.0,4.489,0.106,25084
国王杯,5.0,0.452,0.247,0.301,0.0,0.4,0.6,4.223,0.121,25084
天皇杯,31.0,0.385,0.24,0.376,0.452,0.097,0.452,3.475,0.176,25084
奥运女足,22.0,0.468,0.214,0.318,0.5,0.045,0.455,4.264,0.119,25084
奥运男足,27.0,0.421,0.24,0.339,0.481,0.111,0.407,2.465,0.292,25084
德乙,64.0,0.431,0.251,0.318,0.438,0.188,0.375,1.703,0.427,25084
德国杯,18.0,0.436,0.214,0.35,0.667,0.111,0.222,3.912,0.141,25084
德甲,268.0,0.445,0.233,0.322,0.358,0.261,0.381,8.298,0.016,25084
德超杯,1.0,0.549,0.232,0.219,0.0,1.0,0.0,3.308,0.191,25084
意大利杯,19.0,0.573,0.228,0.198,0.579,0.158,0.263,0.815,0.665,25084
意甲,226.0,0.416,0.264,0.32,0.407,0.301,0.292,1.713,0.425,25084
意超杯,1.0,0.535,0.266,0.199,1.0,0.0,0.0,0.869,0.648,25084
挪超,55.0,0.459,0.239,0.301,0.4,0.291,0.309,1.038,0.595,25084
日联杯,7.0,0.294,0.289,0.417,0.143,0.286,0.571,0.944,0.624,25084
欧冠,185.0,0.461,0.228,0.311,0.486,0.178,0.335,2.616,0.27,25084
欧协联,74.0,0.468,0.241,0.291,0.432,0.243,0.324,0.49,0.783,25084
欧国联,131.0,0.448,0.248,0.304,0.435,0.252,0.313,0.085,0.959,25084
欧洲杯,51.0,0.41,0.256,0.333,0.333,0.373,0.294,3.65,0.161,25084
欧洲超级杯,1.0,0.615,0.211,0.174,1.0,0.0,0.0,0.627,0.731,25084
欧联,164.0,0.467,0.247,0.286,0.512,0.207,0.28,1.767,0.413,25084
法乙,119.0,0.418,0.281,0.301,0.462,0.277,0.261,1.203,0.548,25084
法国杯,6.0,0.489,0.241,0.271,0.667,0.333,0.0,2.228,0.328,25084
法甲,136.0,0.452,0.239,0.309,0.449,0.235,0.316,0.037,0.982,25084
瑞典超,49.0,0.464,0.244,0.292,0.531,0.122,0.347,3.958,0.138,25084
社区盾杯,1.0,0.508,0.243,0.249,0.0,1.0,0.0,3.117,0.21,25084
美洲杯,31.0,0.462,0.248,0.29,0.387,0.323,0.29,1.071,0.585,25084
美职,64.0,0.504,0.238,0.258,0.531,0.219,0.25,0.215,0.898,25084
英冠,120.0,0.427,0.271,0.302,0.458,0.2,0.342,3.113,0.211,25084
英甲,2.0,0.357,0.25,0.393,0.5,0.0,0.5,0.672,0.715,25084
英超,321.0,0.445,0.233,0.322,0.396,0.255,0.349,3.151,0.207,25084
荷乙,56.0,0.456,0.237,0.308,0.536,0.125,0.339,3.925,0.141,25084
荷兰杯,2.0,0.386,0.158,0.456,0.5,0.0,0.5,0.391,0.823,25084
荷甲,31.0,0.44,0.238,0.322,0.419,0.258,0.323,0.084,0.959,25084
葡超,50.0,0.445,0.243,0.312,0.36,0.32,0.32,2.031,0.362,25084
西甲,234.0,0.444,0.257,0.299,0.44,0.269,0.291,0.198,0.906,25084
解放者杯,14.0,0.472,0.258,0.27,0.571,0.143,0.286,1.021,0.6,25084
足总杯,22.0,0.47,0.222,0.308,0.545,0.227,0.227,0.739,0.691,25084
J2联赛,10.0,0.3,0.27,0.43,0.4,0.2,0.4,0.531,0.767,25085
J联赛,32.0,0.409,0.273,0.318,0.5,0.312,0.188,2.554,0.279,25085
世亚预,50.0,0.463,0.231,0.307,0.4,0.32,0.28,2.258,0.323,25085
世南美预,24.0,0.46,0.263,0.277,0.542,0.417,0.042,7.29,0.026,25085
世欧预,16.0,0.525,0.175,0.301,0.562,0.062,0.375,1.488,0.475,25085
亚冠,36.0,0.504,0.222,0.274,0.583,0.222,0.194,1.277,0.528,25085
友谊赛,1.0,0.12,0.182,0.697,0.0,1.0,0.0,4.489,0.106,25085
国王杯,5.0,0.452,0.247,0.301,0.0,0.4,0.6,4.223,0.121,25085
天皇杯,31.0,0.385,0.24,0.376,0.452,0.097,0.452,3.475,0.176,25085
奥运女足,22.0,0.468,0.214,0.318,0.5,0.045,0.455,4.264,0.119,25085
奥运男足,27.0,0.421,0.24,0.339,0.481,0.111,0.407,2.465,0.292,25085
德乙,64.0,0.431,0.251,0.318,0.438,0.188,0.375,1.703,0.427,25085
德国杯,18.0,0.436,0.214,0.35,0.667,0.111,0.222,3.912,0.141,25085
德甲,268.0,0.445,0.233,0.322,0.358,0.261,0.381,8.298,0.016,25085
德超杯,1.0,0.549,0.232,0.219,0.0,1.0,0.0,3.308,0.191,25085
意大利杯,19.0,0.573,0.228,0.198,0.579,0.158,0.263,0.815,0.665,25085
意甲,226.0,0.416,0.264,0.32,0.407,0.301,0.292,1.713,0.425,25085
意超杯,1.0,0.535,0.266,0.199,1.0,0.0,0.0,0.869,0.648,25085
挪超,61.0,0.456,0.238,0.306,0.393,0.295,0.311,1.359,0.507,25085
日联杯,7.0,0.294,0.289,0.417,0.143,0.286,0.571,0.944,0.624,25085
欧冠,185.0,0.461,0.228,0.311,0.486,0.178,0.335,2.616,0.27,25085
欧协联,74.0,0.468,0.241,0.291,0.432,0.243,0.324,0.49,0.783,25085
欧国联,131.0,0.448,0.248,0.304,0.435,0.252,0.313,0.085,0.959,25085
欧洲杯,51.0,0.41,0.256,0.333,0.333,0.373,0.294,3.65,0.161,25085
欧洲超级杯,1.0,0.615,0.211,0.174,1.0,0.0,0.0,0.627,0.731,25085
欧联,164.0,0.467,0.247,0.286,0.512,0.207,0.28,1.767,0.413,25085
法乙,119.0,0.418,0.281,0.301,0.462,0.277,0.261,1.203,0.548,25085
法国杯,6.0,0.489,0.241,0.271,0.667,0.333,0.0,2.228,0.328,25085
法甲,136.0,0.452,0.239,0.309,0.449,0.235,0.316,0.037,0.982,25085
瑞典超,54.0,0.46,0.245,0.295,0.556,0.111,0.333,5.305,0.07,25085
社区盾杯,1.0,0.508,0.243,0.249,0.0,1.0,0.0,3.117,0.21,25085
美洲杯,31.0,0.462,0.248,0.29,0.387,0.323,0.29,1.071,0.585,25085
美职,65.0,0.504,0.239,0.258,0.523,0.215,0.262,0.204,0.903,25085
英冠,120.0,0.427,0.271,0.302,0.458,0.2,0.342,3.113,0.211,25085
英甲,2.0,0.357,0.25,0.393,0.5,0.0,0.5,0.672,0.715,25085
英超,321.0,0.445,0.233,0.322,0.396,0.255,0.349,3.151,0.207,25085
荷乙,56.0,0.456,0.237,0.308,0.536,0.125,0.339,3.925,0.141,25085
荷兰杯,2.0,0.386,0.158,0.456,0.5,0.0,0.5,0.391,0.823,25085
荷甲,31.0,0.44,0.238,0.322,0.419,0.258,0.323,0.084,0.959,25085
葡超,51.0,0.446,0.243,0.311,0.353,0.333,0.314,2.687,0.261,25085
西甲,234.0,0.444,0.257,0.299,0.44,0.269,0.291,0.198,0.906,25085
解放者杯,14.0,0.472,0.258,0.27,0.571,0.143,0.286,1.021,0.6,25085
足总杯,22.0,0.47,0.222,0.308,0.545,0.227,0.227,0.739,0.691,25085
J2联赛,10.0,0.3,0.27,0.43,0.4,0.2,0.4,0.531,0.767,25086
J联赛,32.0,0.409,0.273,0.318,0.5,0.312,0.188,2.554,0.279,25086
世亚预,56.0,0.449,0.238,0.313,0.393,0.304,0.304,1.418,0.492,25086
世南美预,27.0,0.437,0.27,0.293,0.519,0.407,0.074,6.728,0.035,25086
世欧预,19.0,0.504,0.182,0.314,0.579,0.105,0.316,0.825,0.662,25086
亚冠,36.0,0.504,0.222,0.274,0.583,0.222,0.194,1.277,0.528,25086
国王杯,5.0,0.452,0.247,0.301,0.0,0.4,0.6,4.223,0.121,25086
天皇杯,18.0,0.281,0.247,0.472,0.333,0.056,0.611,3.597,0.166,25086
奥运女足,22.0,0.468,0.214,0.318,0.5,0.045,0.455,4.264,0.119,25086
奥运男足,27.0,0.421,0.24,0.339,0.481,0.111,0.407,2.465,0.292,25086
德乙,64.0,0.431,0.251,0.318,0.438,0.188,0.375,1.703,0.427,25086
德国杯,18.0,0.436,0.214,0.35,0.667,0.111,0.222,3.912,0.141,25086
德甲,268.0,0.445,0.233,0.322,0.358,0.261,0.381,8.298,0.016,25086
德超杯,1.0,0.549,0.232,0.219,0.0,1.0,0.0,3.308,0.191,25086
意大利杯,19.0,0.573,0.228,0.198,0.579,0.158,0.263,0.815,0.665,25086
意甲,226.0,0.416,0.264,0.32,0.407,0.301,0.292,1.713,0.425,25086
意超杯,1.0,0.535,0.266,0.199,1.0,0.0,0.0,0.869,0.648,25086
挪超,61.0,0.456,0.238,0.306,0.393,0.295,0.311,1.359,0.507,25086
日联杯,7.0,0.294,0.289,0.417,0.143,0.286,0.571,0.944,0.624,25086
欧冠,185.0,0.461,0.228,0.311,0.486,0.178,0.335,2.616,0.27,25086
欧协联,74.0,0.468,0.241,0.291,0.432,0.243,0.324,0.49,0.783,25086
欧国联,133.0,0.447,0.249,0.304,0.436,0.248,0.316,0.1,0.951,25086
欧洲杯,51.0,0.41,0.256,0.333,0.333,0.373,0.294,3.65,0.161,25086
欧洲超级杯,1.0,0.615,0.211,0.174,1.0,0.0,0.0,0.627,0.731,25086
欧联,164.0,0.467,0.247,0.286,0.512,0.207,0.28,1.767,0.413,25086
法乙,119.0,0.418,0.281,0.301,0.462,0.277,0.261,1.203,0.548,25086
法国杯,6.0,0.489,0.241,0.271,0.667,0.333,0.0,2.228,0.328,25086
法甲,136.0,0.452,0.239,0.309,0.449,0.235,0.316,0.037,0.982,25086
瑞典超,54.0,0.46,0.245,0.295,0.556,0.111,0.333,5.305,0.07,25086
社区盾杯,1.0,0.508,0.243,0.249,0.0,1.0,0.0,3.117,0.21,25086
美洲杯,31.0,0.462,0.248,0.29,0.387,0.323,0.29,1.071,0.585,25086
美职,65.0,0.504,0.239,0.258,0.523,0.215,0.262,0.204,0.903,25086
英冠,120.0,0.427,0.271,0.302,0.458,0.2,0.342,3.113,0.211,25086
英甲,2.0,0.357,0.25,0.393,0.5,0.0,0.5,0.672,0.715,25086
英超,321.0,0.445,0.233,0.322,0.396,0.255,0.349,3.151,0.207,25086
荷乙,56.0,0.456,0.237,0.308,0.536,0.125,0.339,3.925,0.141,25086
荷兰杯,2.0,0.386,0.158,0.456,0.5,0.0,0.5,0.391,0.823,25086
荷甲,31.0,0.44,0.238,0.322,0.419,0.258,0.323,0.084,0.959,25086
葡超,51.0,0.446,0.243,0.311,0.353,0.333,0.314,2.687,0.261,25086
西甲,234.0,0.444,0.257,0.299,0.44,0.269,0.291,0.198,0.906,25086
解放者杯,14.0,0.472,0.258,0.27,0.571,0.143,0.286,1.021,0.6,25086
足总杯,22.0,0.47,0.222,0.308,0.545,0.227,0.227,0.739,0.691,25086
J2联赛,8.0,0.318,0.271,0.411,0.375,0.25,0.375,0.119,0.942,25087
J联赛,28.0,0.405,0.275,0.321,0.464,0.357,0.179,2.701,0.259,25087
世亚预,56.0,0.449,0.238,0.313,0.393,0.304,0.304,1.418,0.492,25087
世南美预,27.0,0.437,0.27,0.293,0.519,0.407,0.074,6.728,0.035,25087
世欧预,29.0,0.473,0.182,0.345,0.552,0.103,0.345,1.369,0.504,25087
亚冠,36.0,0.504,0.222,0.274,0.583,0.222,0.194,1.277,0.528,25087
国王杯,5.0,0.452,0.247,0.301,0.0,0.4,0.6,4.223,0.121,25087
天皇杯,18.0,0.281,0.247,0.472,0.333,0.056,0.611,3.597,0.166,25087
奥运女足,22.0,0.468,0.214,0.318,0.5,0.045,0.455,4.264,0.119,25087
奥运男足,27.0,0.421,0.24,0.339,0.481,0.111,0.407,2.465,0.292,25087
德乙,64.0,0.431,0.251,0.318,0.438,0.188,0.375,1.703,0.427,25087
德国杯,18.0,0.436,0.214,0.35,0.667,0.111,0.222,3.912,0.141,25087
德甲,268.0,0.445,0.233,0.322,0.358,0.261,0.381,8.298,0.016,25087
德超杯,1.0,0.549,0.232,0.219,0.0,1.0,0.0,3.308,0.191,25087
意大利杯,19.0,0.573,0.228,0.198,0.579,0.158,0.263,0.815,0.665,25087
意甲,226.0,0.416,0.264,0.32,0.407,0.301,0.292,1.713,0.425,25087
意超杯,1.0,0.535,0.266,0.199,1.0,0.0,0.0,0.869,0.648,25087
挪超,61.0,0.456,0.238,0.306,0.393,0.295,0.311,1.359,0.507,25087
日联杯,9.0,0.339,0.286,0.375,0.333,0.222,0.444,0.247,0.884,25087
欧冠,185.0,0.461,0.228,0.311,0.486,0.178,0.335,2.616,0.27,25087
欧协联,74.0,0.468,0.241,0.291,0.432,0.243,0.324,0.49,0.783,25087
欧国联,135.0,0.446,0.249,0.306,0.43,0.252,0.319,0.154,0.926,25087
欧洲杯,47.0,0.398,0.258,0.344,0.298,0.404,0.298,5.35,0.069,25087
欧洲超级杯,1.0,0.615,0.211,0.174,1.0,0.0,0.0,0.627,0.731,25087
欧联,164.0,0.467,0.247,0.286,0.512,0.207,0.28,1.767,0.413,25087
法乙,119.0,0.418,0.281,0.301,0.462,0.277,0.261,1.203,0.548,25087
法国杯,6.0,0.489,0.241,0.271,0.667,0.333,0.0,2.228,0.328,25087
法甲,136.0,0.452,0.239,0.309,0.449,0.235,0.316,0.037,0.982,25087
瑞典超,54.0,0.46,0.245,0.295,0.556,0.111,0.333,5.305,0.07,25087
社区盾杯,1.0,0.508,0.243,0.249,0.0,1.0,0.0,3.117,0.21,25087
美洲杯,31.0,0.462,0.248,0.29,0.387,0.323,0.29,1.071,0.585,25087
美职,61.0,0.505,0.238,0.256,0.525,0.213,0.262,0.218,0.897,25087
英冠,120.0,0.427,0.271,0.302,0.458,0.2,0.342,3.113,0.211,25087
英甲,2.0,0.357,0.25,0.393,0.5,0.0,0.5,0.672,0.715,25087
英超,321.0,0.445,0.233,0.322,0.396,0.255,0.349,3.151,0.207,25087
荷乙,56.0,0.456,0.237,0.308,0.536,0.125,0.339,3.925,0.141,25087
荷兰杯,2.0,0.386,0.158,0.456,0.5,0.0,0.5,0.391,0.823,25087
荷甲,31.0,0.44,0.238,0.322,0.419,0.258,0.323,0.084,0.959,25087
葡超,51.0,0.446,0.243,0.311,0.353,0.333,0.314,2.687,0.261,25087
西甲,234.0,0.444,0.257,0.299,0.44,0.269,0.291,0.198,0.906,25087
解放者杯,14.0,0.472,0.258,0.27,0.571,0.143,0.286,1.021,0.6,25087
足总杯,22.0,0.47,0.222,0.308,0.545,0.227,0.227,0.739,0.691,25087
J2联赛,4.0,0.311,0.28,0.409,0.25,0.25,0.5,0.143,0.931,25088
J联赛,24.0,0.394,0.274,0.332,0.5,0.292,0.208,1.822,0.402,25088
世亚预,62.0,0.459,0.237,0.304,0.419,0.29,0.29,0.992,0.609,25088
世南美预,32.0,0.452,0.27,0.278,0.531,0.406,0.062,7.989,0.018,25088
世欧预,32.0,0.487,0.183,0.33,0.594,0.094,0.312,2.174,0.337,25088
亚冠,36.0,0.504,0.222,0.274,0.583,0.222,0.194,1.277,0.528,25088
国王杯,5.0,0.452,0.247,0.301,0.0,0.4,0.6,4.223,0.121,25088
天皇杯,18.0,0.281,0.247,0.472,0.333,0.056,0.611,3.597,0.166,25088
奥运女足,22.0,0.468,0.214,0.318,0.5,0.045,0.455,4.264,0.119,25088
奥运男足,27.0,0.421,0.24,0.339,0.481,0.111,0.407,2.465,0.292,25088
德乙,64.0,0.431,0.251,0.318,0.438,0.188,0.375,1.703,0.427,25088
德国杯,18.0,0.436,0.214,0.35,0.667,0.111,0.222,3.912,0.141,25088
德甲,268.0,0.445,0.233,0.322,0.358,0.261,0.381,8.298,0.016,25088
德超杯,1.0,0.549,0.232,0.219,0.0,1.0,0.0,3.308,0.191,25088
意大利杯,19.0,0.573,0.228,0.198,0.579,0.158,0.263,0.815,0.665,25088
意甲,226.0,0.416,0.264,0.32,0.407,0.301,0.292,1.713,0.425,25088
意超杯,1.0,0.535,0.266,0.199,1.0,0.0,0.0,0.869,0.648,25088
挪超,61.0,0.456,0.238,0.306,0.393,0.295,0.311,1.359,0.507,25088
日联杯,9.0,0.339,0.286,0.375,0.333,0.222,0.444,0.247,0.884,25088
欧冠,185.0,0.461,0.228,0.311,0.486,0.178,0.335,2.616,0.27,25088
欧协联,74.0,0.468,0.241,0.291,0.432,0.243,0.324,0.49,0.783,25088
欧国联,135.0,0.446,0.249,0.306,0.43,0.252,0.319,0.154,0.926,25088
欧洲杯,41.0,0.42,0.262,0.318,0.317,0.439,0.244,6.691,0.035,25088
欧洲超级杯,1.0,0.615,0.211,0.174,1.0,0.0,0.0,0.627,0.731,25088
欧联,164.0,0.467,0.247,0.286,0.512,0.207,0.28,1.767,0.413,25088
法乙,119.0,0.418,0.281,0.301,0.462,0.277,0.261,1.203,0.548,25088
法国杯,6.0,0.489,0.241,0.271,0.667,0.333,0.0,2.228,0.328,25088
法甲,136.0,0.452,0.239,0.309,0.449,0.235,0.316,0.037,0.982,25088
瑞典超,54.0,0.46,0.245,0.295,0.556,0.111,0.333,5.305,0.07,25088
社区盾杯,1.0,0.508,0.243,0.249,0.0,1.0,0.0,3.117,0.21,25088
美洲杯,31.0,0.462,0.248,0.29,0.387,0.323,0.29,1.071,0.585,25088
美职,61.0,0.505,0.238,0.256,0.525,0.213,0.262,0.218,0.897,25088
英冠,120.0,0.427,0.271,0.302,0.458,0.2,0.342,3.113,0.211,25088
英甲,2.0,0.357,0.25,0.393,0.5,0.0,0.5,0.672,0.715,25088
英超,321.0,0.445,0.233,0.322,0.396,0.255,0.349,3.151,0.207,25088
荷乙,56.0,0.456,0.237,0.308,0.536,0.125,0.339,3.925,0.141,25088
荷兰杯,2.0,0.386,0.158,0.456,0.5,0.0,0.5,0.391,0.823,25088
荷甲,31.0,0.44,0.238,0.322,0.419,0.258,0.323,0.084,0.959,25088
葡超,51.0,0.446,0.243,0.311,0.353,0.333,0.314,2.687,0.261,25088
西甲,234.0,0.444,0.257,0.299,0.44,0.269,0.291,0.198,0.906,25088
解放者杯,14.0,0.472,0.258,0.27,0.571,0.143,0.286,1.021,0.6,25088
足总杯,22.0,0.47,0.222,0.308,0.545,0.227,0.227,0.739,0.691,25088
J2联赛,4.0,0.311,0.28,0.409,0.25,0.25,0.5,0.143,0.931,25089
J联赛,23.0,0.4,0.276,0.325,0.478,0.304,0.217,1.236,0.539,25089
世亚预,62.0,0.459,0.237,0.304,0.419,0.29,0.29,0.992,0.609,25089
世俱杯,5.0,0.515,0.228,0.257,0.6,0.4,0.0,2.004,0.367,25089
世南美预,32.0,0.452,0.27,0.278,0.531,0.406,0.062,7.989,0.018,25089
世欧预,32.0,0.487,0.183,0.33,0.594,0.094,0.312,2.174,0.337,25089
亚冠,36.0,0.504,0.222,0.274,0.583,0.222,0.194,1.277,0.528,25089
国王杯,5.0,0.452,0.247,0.301,0.0,0.4,0.6,4.223,0.121,25089
天皇杯,18.0,0.281,0.247,0.472,0.333,0.056,0.611,3.597,0.166,25089
奥运女足,22.0,0.468,0.214,0.318,0.5,0.045,0.455,4.264,0.119,25089
奥运男足,27.0,0.421,0.24,0.339,0.481,0.111,0.407,2.465,0.292,25089
德乙,64.0,0.431,0.251,0.318,0.438,0.188,0.375,1.703,0.427,25089
德国杯,18.0,0.436,0.214,0.35,0.667,0.111,0.222,3.912,0.141,25089
德甲,268.0,0.445,0.233,0.322,0.358,0.261,0.381,8.298,0.016,25089
德超杯,1.0,0.549,0.232,0.219,0.0,1.0,0.0,3.308,0.191,25089
意大利杯,19.0,0.573,0.228,0.198,0.579,0.158,0.263,0.815,0.665,25089
意甲,226.0,0.416,0.264,0.32,0.407,0.301,0.292,1.713,0.425,25089
意超杯,1.0,0.535,0.266,0.199,1.0,0.0,0.0,0.869,0.648,25089
挪超,61.0,0.456,0.238,0.306,0.393,0.295,0.311,1.359,0.507,25089
日联杯,9.0,0.339,0.286,0.375,0.333,0.222,0.444,0.247,0.884,25089
欧冠,185.0,0.461,0.228,0.311,0.486,0.178,0.335,2.616,0.27,25089
欧协联,74.0,0.468,0.241,0.291,0.432,0.243,0.324,0.49,0.783,25089
欧国联,135.0,0.446,0.249,0.306,0.43,0.252,0.319,0.154,0.926,25089
欧洲杯,30.0,0.425,0.263,0.312,0.3,0.433,0.267,4.606,0.1,25089
欧洲超级杯,1.0,0.615,0.211,0.174,1.0,0.0,0.0,0.627,0.731,25089
欧联,164.0,0.467,0.247,0.286,0.512,0.207,0.28,1.767,0.413,25089
法乙,119.0,0.418,0.281,0.301,0.462,0.277,0.261,1.203,0.548,25089
法国杯,6.0,0.489,0.241,0.271,0.667,0.333,0.0,2.228,0.328,25089
法甲,136.0,0.452,0.239,0.309,0.449,0.235,0.316,0.037,0.982,25089
瑞典超,54.0,0.46,0.245,0.295,0.556,0.111,0.333,5.305,0.07,25089
社区盾杯,1.0,0.508,0.243,0.249,0.0,1.0,0.0,3.117,0.21,25089
美洲杯,30.0,0.469,0.246,0.285,0.4,0.3,0.3,0.69,0.708,25089
美职,65.0,0.497,0.241,0.262,0.492,0.215,0.292,0.405,0.817,25089
英冠,120.0,0.427,0.271,0.302,0.458,0.2,0.342,3.113,0.211,25089
英甲,2.0,0.357,0.25,0.393,0.5,0.0,0.5,0.672,0.715,25089
英超,321.0,0.445,0.233,0.322,0.396,0.255,0.349,3.151,0.207,25089
荷乙,56.0,0.456,0.237,0.308,0.536,0.125,0.339,3.925,0.141,25089
荷兰杯,2.0,0.386,0.158,0.456,0.5,0.0,0.5,0.391,0.823,25089
荷甲,31.0,0.44,0.238,0.322,0.419,0.258,0.323,0.084,0.959,25089
葡超,51.0,0.446,0.243,0.311,0.353,0.333,0.314,2.687,0.261,25089
西甲,234.0,0.444,0.257,0.299,0.44,0.269,0.291,0.198,0.906,25089
解放者杯,14.0,0.472,0.258,0.27,0.571,0.143,0.286,1.021,0.6,25089
足总杯,22.0,0.47,0.222,0.308,0.545,0.227,0.227,0.739,0.691,25089
金杯赛,4.0,0.639,0.175,0.187,0.75,0.0,0.25,0.864,0.649,25089
J2联赛,4.0,0.311,0.28,0.409,0.25,0.25,0.5,0.143,0.931,25090
J联赛,23.0,0.4,0.276,0.325,0.478,0.304,0.217,1.236,0.539,25090
世亚预,62.0,0.459,0.237,0.304,0.419,0.29,0.29,0.992,0.609,25090
世俱杯,16.0,0.468,0.217,0.316,0.438,0.375,0.188,2.716,0.257,25090
世南美预,32.0,0.452,0.27,0.278,0.531,0.406,0.062,7.989,0.018,25090
世欧预,32.0,0.487,0.183,0.33,0.594,0.094,0.312,2.174,0.337,25090
亚冠,36.0,0.504,0.222,0.274,0.583,0.222,0.194,1.277,0.528,25090
国王杯,5.0,0.452,0.247,0.301,0.0,0.4,0.6,4.223,0.121,25090
天皇杯,18.0,0.281,0.247,0.472,0.333,0.056,0.611,3.597,0.166,25090
奥运女足,22.0,0.468,0.214,0.318,0.5,0.045,0.455,4.264,0.119,25090
奥运男足,27.0,0.421,0.24,0.339,0.481,0.111,0.407,2.465,0.292,25090
德乙,64.0,0.431,0.251,0.318,0.438,0.188,0.375,1.703,0.427,25090
德国杯,18.0,0.436,0.214,0.35,0.667,0.111,0.222,3.912,0.141,25090
德甲,268.0,0.445,0.233,0.322,0.358,0.261,0.381,8.298,0.016,25090
德超杯,1.0,0.549,0.232,0.219,0.0,1.0,0.0,3.308,0.191,25090
意大利杯,19.0,0.573,0.228,0.198,0.579,0.158,0.263,0.815,0.665,25090
意甲,226.0,0.416,0.264,0.32,0.407,0.301,0.292,1.713,0.425,25090
意超杯,1.0,0.535,0.266,0.199,1.0,0.0,0.0,0.869,0.648,25090
挪超,61.0,0.456,0.238,0.306,0.393,0.295,0.311,1.359,0.507,25090
日联杯,9.0,0.339,0.286,0.375,0.333,0.222,0.444,0.247,0.884,25090
欧冠,185.0,0.461,0.228,0.311,0.486,0.178,0.335,2.616,0.27,25090
欧协联,74.0,0.468,0.241,0.291,0.432,0.243,0.324,0.49,0.783,25090
欧国联,135.0,0.446,0.249,0.306,0.43,0.252,0.319,0.154,0.926,25090
欧洲杯,27.0,0.432,0.267,0.3,0.296,0.444,0.259,4.476,0.107,25090
欧洲超级杯,1.0,0.615,0.211,0.174,1.0,0.0,0.0,0.627,0.731,25090
欧联,164.0,0.467,0.247,0.286,0.512,0.207,0.28,1.767,0.413,25090
法乙,119.0,0.418,0.281,0.301,0.462,0.277,0.261,1.203,0.548,25090
法国杯,6.0,0.489,0.241,0.271,0.667,0.333,0.0,2.228,0.328,25090
法甲,136.0,0.452,0.239,0.309,0.449,0.235,0.316,0.037,0.982,25090
瑞典超,54.0,0.46,0.245,0.295,0.556,0.111,0.333,5.305,0.07,25090
社区盾杯,1.0,0.508,0.243,0.249,0.0,1.0,0.0,3.117,0.21,25090
美洲杯,28.0,0.463,0.245,0.292,0.393,0.321,0.286,0.978,0.613,25090
美职,56.0,0.493,0.241,0.265,0.5,0.232,0.268,0.027,0.987,25090
英冠,120.0,0.427,0.271,0.302,0.458,0.2,0.342,3.113,0.211,25090
英甲,2.0,0.357,0.25,0.393,0.5,0.0,0.5,0.672,0.715,25090
英超,321.0,0.445,0.233,0.322,0.396,0.255,0.349,3.151,0.207,25090
荷乙,56.0,0.456,0.237,0.308,0.536,0.125,0.339,3.925,0.141,25090
荷兰杯,2.0,0.386,0.158,0.456,0.5,0.0,0.5,0.391,0.823,25090
荷甲,31.0,0.44,0.238,0.322,0.419,0.258,0.323,0.084,0.959,25090
葡超,51.0,0.446,0.243,0.311,0.353,0.333,0.314,2.687,0.261,25090
西甲,234.0,0.444,0.257,0.299,0.44,0.269,0.291,0.198,0.906,25090
解放者杯,14.0,0.472,0.258,0.27,0.571,0.143,0.286,1.021,0.6,25090
足总杯,22.0,0.47,0.222,0.308,0.545,0.227,0.227,0.739,0.691,25090
金杯赛,7.0,0.564,0.177,0.259,0.714,0.0,0.286,1.539,0.463,25090
J2联赛,4.0,0.311,0.28,0.409,0.25,0.25,0.5,0.143,0.931,25091
J联赛,23.0,0.4,0.276,0.325,0.478,0.304,0.217,1.236,0.539,25091
世亚预,62.0,0.459,0.237,0.304,0.419,0.29,0.29,0.992,0.609,25091
世俱杯,28.0,0.483,0.214,0.302,0.5,0.25,0.25,0.439,0.803,25091
世南美预,32.0,0.452,0.27,0.278,0.531,0.406,0.062,7.989,0.018,25091
世欧预,32.0,0.487,0.183,0.33,0.594,0.094,0.312,2.174,0.337,25091
亚冠,36.0,0.504,0.222,0.274,0.583,0.222,0.194,1.277,0.528,25091
国王杯,5.0,0.452,0.247,0.301,0.0,0.4,0.6,4.223,0.121,25091
天皇杯,18.0,0.281,0.247,0.472,0.333,0.056,0.611,3.597,0.166,25091
奥运女足,22.0,0.468,0.214,0.318,0.5,0.045,0.455,4.264,0.119,25091
奥运男足,27.0,0.421,0.24,0.339,0.481,0.111,0.407,2.465,0.292,25091
德乙,64.0,0.431,0.251,0.318,0.438,0.188,0.375,1.703,0.427,25091
德国杯,18.0,0.436,0.214,0.35,0.667,0.111,0.222,3.912,0.141,25091
德甲,268.0,0.445,0.233,0.322,0.358,0.261,0.381,8.298,0.016,25091
德超杯,1.0,0.549,0.232,0.219,0.0,1.0,0.0,3.308,0.191,25091
意大利杯,19.0,0.573,0.228,0.198,0.579,0.158,0.263,0.815,0.665,25091
意甲,226.0,0.416,0.264,0.32,0.407,0.301,0.292,1.713,0.425,25091
意超杯,1.0,0.535,0.266,0.199,1.0,0.0,0.0,0.869,0.648,25091
挪超,61.0,0.456,0.238,0.306,0.393,0.295,0.311,1.359,0.507,25091
日联杯,9.0,0.339,0.286,0.375,0.333,0.222,0.444,0.247,0.884,25091
欧冠,185.0,0.461,0.228,0.311,0.486,0.178,0.335,2.616,0.27,25091
欧协联,74.0,0.468,0.241,0.291,0.432,0.243,0.324,0.49,0.783,25091
欧国联,135.0,0.446,0.249,0.306,0.43,0.252,0.319,0.154,0.926,25091
欧洲杯,19.0,0.411,0.279,0.309,0.421,0.368,0.211,1.144,0.564,25091
欧洲超级杯,1.0,0.615,0.211,0.174,1.0,0.0,0.0,0.627,0.731,25091
欧联,164.0,0.467,0.247,0.286,0.512,0.207,0.28,1.767,0.413,25091
法乙,119.0,0.418,0.281,0.301,0.462,0.277,0.261,1.203,0.548,25091
法国杯,6.0,0.489,0.241,0.271,0.667,0.333,0.0,2.228,0.328,25091
法甲,136.0,0.452,0.239,0.309,0.449,0.235,0.316,0.037,0.982,25091
瑞典超,54.0,0.46,0.245,0.295,0.556,0.111,0.333,5.305,0.07,25091
社区盾杯,1.0,0.508,0.243,0.249,0.0,1.0,0.0,3.117,0.21,25091
美洲杯,22.0,0.435,0.257,0.308,0.364,0.364,0.273,1.324,0.516,25091
美职,56.0,0.493,0.241,0.265,0.5,0.232,0.268,0.027,0.987,25091
英冠,120.0,0.427,0.271,0.302,0.458,0.2,0.342,3.113,0.211,25091
英甲,2.0,0.357,0.25,0.393,0.5,0.0,0.5,0.672,0.715,25091
英超,321.0,0.445,0.233,0.322,0.396,0.255,0.349,3.151,0.207,25091
荷乙,56.0,0.456,0.237,0.308,0.536,0.125,0.339,3.925,0.141,25091
荷兰杯,2.0,0.386,0.158,0.456,0.5,0.0,0.5,0.391,0.823,25091
荷甲,31.0,0.44,0.238,0.322,0.419,0.258,0.323,0.084,0.959,25091
葡超,51.0,0.446,0.243,0.311,0.353,0.333,0.314,2.687,0.261,25091
西甲,234.0,0.444,0.257,0.299,0.44,0.269,0.291,0.198,0.906,25091
解放者杯,14.0,0.472,0.258,0.27,0.571,0.143,0.286,1.021,0.6,25091
足总杯,22.0,0.47,0.222,0.308,0.545,0.227,0.227,0.739,0.691,25091
金杯赛,9.0,0.465,0.18,0.355,0.556,0.111,0.333,0.406,0.816,25091
J2联赛,4.0,0.311,0.28,0.409,0.25,0.25,0.5,0.143,0.931,25092
J联赛,19.0,0.397,0.273,0.33,0.526,0.263,0.211,1.637,0.441,25092
世亚预,62.0,0.459,0.237,0.304,0.419,0.29,0.29,0.992,0.609,25092
世俱杯,36.0,0.487,0.212,0.302,0.5,0.278,0.222,1.515,0.469,25092
世南美预,32.0,0.452,0.27,0.278,0.531,0.406,0.062,7.989,0.018,25092
世欧预,32.0,0.487,0.183,0.33,0.594,0.094,0.312,2.174,0.337,25092
亚冠,36.0,0.504,0.222,0.274,0.583,0.222,0.194,1.277,0.528,25092
国王杯,5.0,0.452,0.247,0.301,0.0,0.4,0.6,4.223,0.121,25092
天皇杯,18.0,0.281,0.247,0.472,0.333,0.056,0.611,3.597,0.166,25092
奥运女足,22.0,0.468,0.214,0.318,0.5,0.045,0.455,4.264,0.119,25092
奥运男足,27.0,0.421,0.24,0.339,0.481,0.111,0.407,2.465,0.292,25092
德乙,64.0,0.431,0.251,0.318,0.438,0.188,0.375,1.703,0.427,25092
德国杯,18.0,0.436,0.214,0.35,0.667,0.111,0.222,3.912,0.141,25092
德甲,268.0,0.445,0.233,0.322,0.358,0.261,0.381,8.298,0.016,25092
德超杯,1.0,0.549,0.232,0.219,0.0,1.0,0.0,3.308,0.191,25092
意大利杯,19.0,0.573,0.228,0.198,0.579,0.158,0.263,0.815,0.665,25092
意甲,226.0,0.416,0.264,0.32,0.407,0.301,0.292,1.713,0.425,25092
意超杯,1.0,0.535,0.266,0.199,1.0,0.0,0.0,0.869,0.648,25092
挪超,61.0,0.454,0.238,0.308,0.393,0.295,0.311,1.322,0.516,25092
日联杯,9.0,0.339,0.286,0.375,0.333,0.222,0.444,0.247,0.884,25092
欧冠,185.0,0.461,0.228,0.311,0.486,0.178,0.335,2.616,0.27,25092
欧协联,74.0,0.468,0.241,0.291,0.432,0.243,0.324,0.49,0.783,25092
欧国联,135.0,0.446,0.249,0.306,0.43,0.252,0.319,0.154,0.926,25092
欧洲杯,15.0,0.456,0.276,0.268,0.467,0.333,0.2,0.437,0.804,25092
欧洲超级杯,1.0,0.615,0.211,0.174,1.0,0.0,0.0,0.627,0.731,25092
欧联,164.0,0.467,0.247,0.286,0.512,0.207,0.28,1.767,0.413,25092
法乙,119.0,0.418,0.281,0.301,0.462,0.277,0.261,1.203,0.548,25092
法国杯,6.0,0.489,0.241,0.271,0.667,0.333,0.0,2.228,0.328,25092
法甲,136.0,0.452,0.239,0.309,0.449,0.235,0.316,0.037,0.982,25092
瑞典超,54.0,0.46,0.245,0.295,0.556,0.111,0.333,5.305,0.07,25092
社区盾杯,1.0,0.508,0.243,0.249,0.0,1.0,0.0,3.117,0.21,25092
美洲杯,18.0,0.399,0.266,0.336,0.278,0.444,0.278,3.01,0.222,25092
美职,56.0,0.493,0.241,0.265,0.5,0.232,0.268,0.027,0.987,25092
英冠,120.0,0.427,0.271,0.302,0.458,0.2,0.342,3.113,0.211,25092
英甲,2.0,0.357,0.25,0.393,0.5,0.0,0.5,0.672,0.715,25092
英超,321.0,0.445,0.233,0.322,0.396,0.255,0.349,3.151,0.207,25092
荷乙,56.0,0.456,0.237,0.308,0.536,0.125,0.339,3.925,0.141,25092
荷兰杯,2.0,0.386,0.158,0.456,0.5,0.0,0.5,0.391,0.823,25092
荷甲,31.0,0.44,0.238,0.322,0.419,0.258,0.323,0.084,0.959,25092
葡超,51.0,0.446,0.243,0.311,0.353,0.333,0.314,2.687,0.261,25092
西甲,234.0,0.444,0.257,0.299,0.44,0.269,0.291,0.198,0.906,25092
解放者杯,14.0,0.472,0.258,0.27,0.571,0.143,0.286,1.021,0.6,25092
足总杯,22.0,0.47,0.222,0.308,0.545,0.227,0.227,0.739,0.691,25092
金杯赛,13.0,0.502,0.191,0.307,0.462,0.308,0.231,1.222,0.543,25092
J2联赛,4.0,0.311,0.28,0.409,0.25,0.25,0.5,0.143,0.931,25093
J联赛,19.0,0.397,0.273,0.33,0.526,0.263,0.211,1.637,0.441,25093
世亚预,62.0,0.459,0.237,0.304,0.419,0.29,0.29,0.992,0.609,25093
世俱杯,48.0,0.44,0.214,0.346,0.458,0.271,0.271,1.556,0.459,25093
世南美预,32.0,0.452,0.27,0.278,0.531,0.406,0.062,7.989,0.018,25093
世欧预,32.0,0.487,0.183,0.33,0.594,0.094,0.312,2.174,0.337,25093
亚冠,36.0,0.504,0.222,0.274,0.583,0.222,0.194,1.277,0.528,25093
国王杯,5.0,0.452,0.247,0.301,0.0,0.4,0.6,4.223,0.121,25093
天皇杯,18.0,0.281,0.247,0.472,0.333,0.056,0.611,3.597,0.166,25093
奥运女足,22.0,0.468,0.214,0.318,0.5,0.045,0.455,4.264,0.119,25093
奥运男足,27.0,0.421,0.24,0.339,0.481,0.111,0.407,2.465,0.292,25093
德乙,64.0,0.431,0.251,0.318,0.438,0.188,0.375,1.703,0.427,25093
德国杯,18.0,0.436,0.214,0.35,0.667,0.111,0.222,3.912,0.141,25093
德甲,268.0,0.445,0.233,0.322,0.358,0.261,0.381,8.298,0.016,25093
德超杯,1.0,0.549,0.232,0.219,0.0,1.0,0.0,3.308,0.191,25093
意大利杯,19.0,0.573,0.228,0.198,0.579,0.158,0.263,0.815,0.665,25093
意甲,226.0,0.416,0.264,0.32,0.407,0.301,0.292,1.713,0.425,25093
意超杯,1.0,0.535,0.266,0.199,1.0,0.0,0.0,0.869,0.648,25093
挪超,57.0,0.457,0.239,0.305,0.421,0.281,0.298,0.582,0.748,25093
日联杯,9.0,0.339,0.286,0.375,0.333,0.222,0.444,0.247,0.884,25093
欧冠,185.0,0.461,0.228,0.311,0.486,0.178,0.335,2.616,0.27,25093
欧协联,74.0,0.468,0.241,0.291,0.432,0.243,0.324,0.49,0.783,25093
欧国联,135.0,0.446,0.249,0.306,0.43,0.252,0.319,0.154,0.926,25093
欧洲杯,13.0,0.458,0.274,0.268,0.385,0.385,0.231,0.799,0.671,25093
欧洲超级杯,1.0,0.615,0.211,0.174,1.0,0.0,0.0,0.627,0.731,25093
欧联,164.0,0.467,0.247,0.286,0.512,0.207,0.28,1.767,0.413,25093
法乙,119.0,0.418,0.281,0.301,0.462,0.277,0.261,1.203,0.548,25093
法国杯,6.0,0.489,0.241,0.271,0.667,0.333,0.0,2.228,0.328,25093
法甲,136.0,0.452,0.239,0.309,0.449,0.235,0.316,0.037,0.982,25093
瑞典超,54.0,0.46,0.245,0.295,0.556,0.111,0.333,5.305,0.07,25093
社区盾杯,1.0,0.508,0.243,0.249,0.0,1.0,0.0,3.117,0.21,25093
美洲杯,14.0,0.388,0.276,0.336,0.214,0.5,0.286,3.728,0.155,25093
美职,52.0,0.488,0.242,0.269,0.481,0.231,0.288,0.105,0.949,25093
英冠,120.0,0.427,0.271,0.302,0.458,0.2,0.342,3.113,0.211,25093
英甲,2.0,0.357,0.25,0.393,0.5,0.0,0.5,0.672,0.715,25093
英超,321.0,0.445,0.233,0.322,0.396,0.255,0.349,3.151,0.207,25093
荷乙,56.0,0.456,0.237,0.308,0.536,0.125,0.339,3.925,0.141,25093
荷兰杯,2.0,0.386,0.158,0.456,0.5,0.0,0.5,0.391,0.823,25093
荷甲,31.0,0.44,0.238,0.322,0.419,0.258,0.323,0.084,0.959,25093
葡超,51.0,0.446,0.243,0.311,0.353,0.333,0.314,2.687,0.261,25093
西甲,234.0,0.444,0.257,0.299,0.44,0.269,0.291,0.198,0.906,25093
解放者杯,14.0,0.472,0.258,0.27,0.571,0.143,0.286,1.021,0.6,25093
足总杯,22.0,0.47,0.222,0.308,0.545,0.227,0.227,0.739,0.691,25093
金杯赛,15.0,0.513,0.196,0.291,0.533,0.267,0.2,0.821,0.663,25093
J2联赛,4.0,0.311,0.28,0.409,0.25,0.25,0.5,0.143,0.931,25094
J联赛,18.0,0.392,0.272,0.335,0.5,0.278,0.222,1.221,0.543,25094
世亚预,62.0,0.459,0.237,0.304,0.419,0.29,0.29,0.992,0.609,25094
世俱杯,50.0,0.436,0.217,0.347,0.44,0.3,0.26,2.65,0.266,25094
世南美预,32.0,0.452,0.27,0.278,0.531,0.406,0.062,7.989,0.018,25094
世欧预,32.0,0.487,0.183,0.33,0.594,0.094,0.312,2.174,0.337,25094
亚冠,36.0,0.504,0.222,0.274,0.583,0.222,0.194,1.277,0.528,25094
国王杯,5.0,0.452,0.247,0.301,0.0,0.4,0.6,4.223,0.121,25094
天皇杯,18.0,0.281,0.247,0.472,0.333,0.056,0.611,3.597,0.166,25094
奥运女足,22.0,0.468,0.214,0.318,0.5,0.045,0.455,4.264,0.119,25094
奥运男足,27.0,0.421,0.24,0.339,0.481,0.111,0.407,2.465,0.292,25094
德乙,64.0,0.431,0.251,0.318,0.438,0.188,0.375,1.703,0.427,25094
德国杯,18.0,0.436,0.214,0.35,0.667,0.111,0.222,3.912,0.141,25094
德甲,268.0,0.445,0.233,0.322,0.358,0.261,0.381,8.298,0.016,25094
德超杯,1.0,0.549,0.232,0.219,0.0,1.0,0.0,3.308,0.191,25094
意大利杯,19.0,0.573,0.228,0.198,0.579,0.158,0.263,0.815,0.665,25094
意甲,226.0,0.416,0.264,0.32,0.407,0.301,0.292,1.713,0.425,25094
意超杯,1.0,0.535,0.266,0.199,1.0,0.0,0.0,0.869,0.648,25094
挪超,57.0,0.453,0.24,0.307,0.404,0.298,0.298,1.147,0.564,25094
日联杯,9.0,0.339,0.286,0.375,0.333,0.222,0.444,0.247,0.884,25094
欧冠,185.0,0.461,0.228,0.311,0.486,0.178,0.335,2.616,0.27,25094
欧协联,74.0,0.468,0.241,0.291,0.432,0.243,0.324,0.49,0.783,25094
欧国联,135.0,0.446,0.249,0.306,0.43,0.252,0.319,0.154,0.926,25094
欧洲杯,7.0,0.385,0.317,0.298,0.429,0.429,0.143,0.877,0.645,25094
欧洲超级杯,1.0,0.615,0.211,0.174,1.0,0.0,0.0,0.627,0.731,25094
欧联,164.0,0.467,0.247,0.286,0.512,0.207,0.28,1.767,0.413,25094
法乙,119.0,0.418,0.281,0.301,0.462,0.277,0.261,1.203,0.548,25094
法国杯,6.0,0.489,0.241,0.271,0.667,0.333,0.0,2.228,0.328,25094
法甲,136.0,0.452,0.239,0.309,0.449,0.235,0.316,0.037,0.982,25094
瑞典超,55.0,0.458,0.246,0.296,0.545,0.127,0.327,4.243,0.12,25094
社区盾杯,1.0,0.508,0.243,0.249,0.0,1.0,0.0,3.117,0.21,25094
美洲杯,8.0,0.462,0.269,0.269,0.25,0.625,0.125,5.144,0.076,25094
美职,57.0,0.484,0.243,0.272,0.491,0.246,0.263,0.023,0.988,25094
芬超,3.0,0.295,0.262,0.443,0.667,0.0,0.333,2.274,0.321,25094
英冠,120.0,0.427,0.271,0.302,0.458,0.2,0.342,3.113,0.211,25094
英甲,2.0,0.357,0.25,0.393,0.5,0.0,0.5,0.672,0.715,25094
英超,321.0,0.445,0.233,0.322,0.396,0.255,0.349,3.151,0.207,25094
荷乙,56.0,0.456,0.237,0.308,0.536,0.125,0.339,3.925,0.141,25094
荷兰杯,2.0,0.386,0.158,0.456,0.5,0.0,0.5,0.391,0.823,25094
荷甲,31.0,0.44,0.238,0.322,0.419,0.258,0.323,0.084,0.959,25094
葡超,51.0,0.446,0.243,0.311,0.353,0.333,0.314,2.687,0.261,25094
西甲,234.0,0.444,0.257,0.299,0.44,0.269,0.291,0.198,0.906,25094
解放者杯,14.0,0.472,0.258,0.27,0.571,0.143,0.286,1.021,0.6,25094
足总杯,22.0,0.47,0.222,0.308,0.545,0.227,0.227,0.739,0.691,25094
金杯赛,17.0,0.52,0.203,0.277,0.529,0.294,0.176,1.321,0.516,25094
J2联赛,4.0,0.311,0.28,0.409,0.25,0.25,0.5,0.143,0.931,25095
J联赛,18.0,0.392,0.272,0.335,0.5,0.278,0.222,1.221,0.543,25095
世亚预,62.0,0.459,0.237,0.304,0.419,0.29,0.29,0.992,0.609,25095
世俱杯,56.0,0.45,0.217,0.333,0.446,0.286,0.268,1.919,0.383,25095
世南美预,32.0,0.452,0.27,0.278,0.531,0.406,0.062,7.989,0.018,25095
世欧预,32.0,0.487,0.183,0.33,0.594,0.094,0.312,2.174,0.337,25095
亚冠,36.0,0.504,0.222,0.274,0.583,0.222,0.194,1.277,0.528,25095
国王杯,5.0,0.452,0.247,0.301,0.0,0.4,0.6,4.223,0.121,25095
天皇杯,18.0,0.281,0.247,0.472,0.333,0.056,0.611,3.597,0.166,25095
奥运女足,22.0,0.468,0.214,0.318,0.5,0.045,0.455,4.264,0.119,25095
奥运男足,27.0,0.421,0.24,0.339,0.481,0.111,0.407,2.465,0.292,25095
德乙,64.0,0.431,0.251,0.318,0.438,0.188,0.375,1.703,0.427,25095
德国杯,18.0,0.436,0.214,0.35,0.667,0.111,0.222,3.912,0.141,25095
德甲,268.0,0.445,0.233,0.322,0.358,0.261,0.381,8.298,0.016,25095
德超杯,1.0,0.549,0.232,0.219,0.0,1.0,0.0,3.308,0.191,25095
意大利杯,19.0,0.573,0.228,0.198,0.579,0.158,0.263,0.815,0.665,25095
意甲,226.0,0.416,0.264,0.32,0.407,0.301,0.292,1.713,0.425,25095
意超杯,1.0,0.535,0.266,0.199,1.0,0.0,0.0,0.869,0.648,25095
挪超,60.0,0.454,0.24,0.306,0.4,0.3,0.3,1.287,0.525,25095
日联杯,9.0,0.339,0.286,0.375,0.333,0.222,0.444,0.247,0.884,25095
欧冠,185.0,0.461,0.228,0.311,0.486,0.178,0.335,2.616,0.27,25095
欧协联,74.0,0.468,0.241,0.291,0.432,0.243,0.324,0.49,0.783,25095
欧国联,135.0,0.446,0.249,0.306,0.43,0.252,0.319,0.154,0.926,25095
欧洲杯,7.0,0.385,0.317,0.298,0.429,0.429,0.143,0.877,0.645,25095
欧洲超级杯,1.0,0.615,0.211,0.174,1.0,0.0,0.0,0.627,0.731,25095
欧联,164.0,0.467,0.247,0.286,0.512,0.207,0.28,1.767,0.413,25095
法乙,119.0,0.418,0.281,0.301,0.462,0.277,0.261,1.203,0.548,25095
法国杯,6.0,0.489,0.241,0.271,0.667,0.333,0.0,2.228,0.328,25095
法甲,136.0,0.452,0.239,0.309,0.449,0.235,0.316,0.037,0.982,25095
瑞典超,57.0,0.459,0.246,0.295,0.526,0.158,0.316,2.454,0.293,25095
社区盾杯,1.0,0.508,0.243,0.249,0.0,1.0,0.0,3.117,0.21,25095
美洲杯,7.0,0.435,0.274,0.291,0.286,0.571,0.143,3.155,0.207,25095
美职,45.0,0.486,0.245,0.269,0.444,0.311,0.244,1.072,0.585,25095
芬超,3.0,0.295,0.262,0.443,0.667,0.0,0.333,2.274,0.321,25095
英冠,120.0,0.427,0.271,0.302,0.458,0.2,0.342,3.113,0.211,25095
英甲,2.0,0.357,0.25,0.393,0.5,0.0,0.5,0.672,0.715,25095
英超,321.0,0.445,0.233,0.322,0.396,0.255,0.349,3.151,0.207,25095
荷乙,56.0,0.456,0.237,0.308,0.536,0.125,0.339,3.925,0.141,25095
荷兰杯,2.0,0.386,0.158,0.456,0.5,0.0,0.5,0.391,0.823,25095
荷甲,31.0,0.44,0.238,0.322,0.419,0.258,0.323,0.084,0.959,25095
葡超,51.0,0.446,0.243,0.311,0.353,0.333,0.314,2.687,0.261,25095
西甲,234.0,0.444,0.257,0.299,0.44,0.269,0.291,0.198,0.906,25095
解放者杯,14.0,0.472,0.258,0.27,0.571,0.143,0.286,1.021,0.6,25095
足总杯,22.0,0.47,0.222,0.308,0.545,0.227,0.227,0.739,0.691,25095
金杯赛,19.0,0.537,0.203,0.26,0.474,0.368,0.158,3.46,0.177,25095
J2联赛,4.0,0.311,0.28,0.409,0.25,0.25,0.5,0.143,0.931,25096
J联赛,13.0,0.378,0.276,0.346,0.462,0.231,0.308,0.389,0.823,25096
世亚预,62.0,0.459,0.237,0.304,0.419,0.29,0.29,0.992,0.609,25096
世俱杯,60.0,0.445,0.221,0.334,0.467,0.267,0.267,1.452,0.484,25096
世南美预,32.0,0.452,0.27,0.278,0.531,0.406,0.062,7.989,0.018,25096
世欧预,32.0,0.487,0.183,0.33,0.594,0.094,0.312,2.174,0.337,25096
亚冠,36.0,0.504,0.222,0.274,0.583,0.222,0.194,1.277,0.528,25096
国王杯,5.0,0.452,0.247,0.301,0.0,0.4,0.6,4.223,0.121,25096
天皇杯,18.0,0.281,0.247,0.472,0.333,0.056,0.611,3.597,0.166,25096
奥运女足,22.0,0.468,0.214,0.318,0.5,0.045,0.455,4.264,0.119,25096
奥运男足,27.0,0.421,0.24,0.339,0.481,0.111,0.407,2.465,0.292,25096
德乙,64.0,0.431,0.251,0.318,0.438,0.188,0.375,1.703,0.427,25096
德国杯,18.0,0.436,0.214,0.35,0.667,0.111,0.222,3.912,0.141,25096
德甲,268.0,0.445,0.233,0.322,0.358,0.261,0.381,8.298,0.016,25096
德超杯,1.0,0.549,0.232,0.219,0.0,1.0,0.0,3.308,0.191,25096
意大利杯,19.0,0.573,0.228,0.198,0.579,0.158,0.263,0.815,0.665,25096
意甲,226.0,0.416,0.264,0.32,0.407,0.301,0.292,1.713,0.425,25096
意超杯,1.0,0.535,0.266,0.199,1.0,0.0,0.0,0.869,0.648,25096
挪超,64.0,0.455,0.24,0.306,0.406,0.312,0.281,1.872,0.392,25096
日联杯,9.0,0.339,0.286,0.375,0.333,0.222,0.444,0.247,0.884,25096
欧冠,185.0,0.461,0.228,0.311,0.486,0.178,0.335,2.616,0.27,25096
欧协联,74.0,0.468,0.241,0.291,0.432,0.243,0.324,0.49,0.783,25096
欧国联,135.0,0.446,0.249,0.306,0.43,0.252,0.319,0.154,0.926,25096
欧洲杯,3.0,0.349,0.339,0.312,0.667,0.0,0.333,1.893,0.388,25096
欧洲超级杯,1.0,0.615,0.211,0.174,1.0,0.0,0.0,0.627,0.731,25096
欧联,164.0,0.467,0.247,0.286,0.512,0.207,0.28,1.767,0.413,25096
法乙,119.0,0.418,0.281,0.301,0.462,0.277,0.261,1.203,0.548,25096
法国杯,6.0,0.489,0.241,0.271,0.667,0.333,0.0,2.228,0.328,25096
法甲,136.0,0.452,0.239,0.309,0.449,0.235,0.316,0.037,0.982,25096
瑞典超,58.0,0.454,0.245,0.301,0.5,0.172,0.328,1.653,0.438,25096
社区盾杯,1.0,0.508,0.243,0.249,0.0,1.0,0.0,3.117,0.21,25096
美洲杯,4.0,0.414,0.268,0.318,0.25,0.5,0.25,1.119,0.572,25096
美职,45.0,0.486,0.245,0.269,0.444,0.311,0.244,1.072,0.585,25096
芬超,6.0,0.297,0.258,0.446,0.333,0.333,0.333,0.329,0.848,25096
英冠,120.0,0.427,0.271,0.302,0.458,0.2,0.342,3.113,0.211,25096
英甲,2.0,0.357,0.25,0.393,0.5,0.0,0.5,0.672,0.715,25096
英超,321.0,0.445,0.233,0.322,0.396,0.255,0.349,3.151,0.207,25096
荷乙,56.0,0.456,0.237,0.308,0.536,0.125,0.339,3.925,0.141,25096
荷兰杯,2.0,0.386,0.158,0.456,0.5,0.0,0.5,0.391,0.823,25096
荷甲,31.0,0.44,0.238,0.322,0.419,0.258,0.323,0.084,0.959,25096
葡超,51.0,0.446,0.243,0.311,0.353,0.333,0.314,2.687,0.261,25096
西甲,234.0,0.444,0.257,0.299,0.44,0.269,0.291,0.198,0.906,25096
解放者杯,14.0,0.472,0.258,0.27,0.571,0.143,0.286,1.021,0.6,25096
足总杯,22.0,0.47,0.222,0.308,0.545,0.227,0.227,0.739,0.691,25096
金杯赛,19.0,0.537,0.203,0.26,0.474,0.368,0.158,3.46,0.177,25096
J2联赛,5.0,0.309,0.28,0.41,0.2,0.2,0.6,0.748,0.688,25097
J联赛,13.0,0.378,0.276,0.346,0.462,0.231,0.308,0.389,0.823,25097
世亚预,62.0,0.459,0.237,0.304,0.419,0.29,0.29,0.992,0.609,25097
世俱杯,60.0,0.445,0.221,0.334,0.467,0.267,0.267,1.452,0.484,25097
世南美预,32.0,0.452,0.27,0.278,0.531,0.406,0.062,7.989,0.018,25097
世欧预,32.0,0.487,0.183,0.33,0.594,0.094,0.312,2.174,0.337,25097
亚冠,36.0,0.504,0.222,0.274,0.583,0.222,0.194,1.277,0.528,25097
国王杯,5.0,0.452,0.247,0.301,0.0,0.4,0.6,4.223,0.121,25097
天皇杯,18.0,0.281,0.247,0.472,0.333,0.056,0.611,3.597,0.166,25097
奥运女足,22.0,0.468,0.214,0.318,0.5,0.045,0.455,4.264,0.119,25097
奥运男足,27.0,0.421,0.24,0.339,0.481,0.111,0.407,2.465,0.292,25097
德乙,64.0,0.431,0.251,0.318,0.438,0.188,0.375,1.703,0.427,25097
德国杯,18.0,0.436,0.214,0.35,0.667,0.111,0.222,3.912,0.141,25097
德甲,268.0,0.445,0.233,0.322,0.358,0.261,0.381,8.298,0.016,25097
德超杯,1.0,0.549,0.232,0.219,0.0,1.0,0.0,3.308,0.191,25097
意大利杯,19.0,0.573,0.228,0.198,0.579,0.158,0.263,0.815,0.665,25097
意甲,226.0,0.416,0.264,0.32,0.407,0.301,0.292,1.713,0.425,25097
意超杯,1.0,0.535,0.266,0.199,1.0,0.0,0.0,0.869,0.648,25097
挪超,61.0,0.457,0.239,0.305,0.41,0.328,0.262,2.682,0.262,25097
日联杯,9.0,0.339,0.286,0.375,0.333,0.222,0.444,0.247,0.884,25097
欧冠,185.0,0.461,0.228,0.311,0.486,0.178,0.335,2.616,0.27,25097
欧协联,74.0,0.468,0.241,0.291,0.432,0.243,0.324,0.49,0.783,25097
欧国联,135.0,0.446,0.249,0.306,0.43,0.252,0.319,0.154,0.926,25097
欧洲杯,3.0,0.349,0.339,0.312,0.667,0.0,0.333,1.893,0.388,25097
欧洲超级杯,1.0,0.615,0.211,0.174,1.0,0.0,0.0,0.627,0.731,25097
欧联,164.0,0.467,0.247,0.286,0.512,0.207,0.28,1.767,0.413,25097
法乙,119.0,0.418,0.281,0.301,0.462,0.277,0.261,1.203,0.548,25097
法国杯,6.0,0.489,0.241,0.271,0.667,0.333,0.0,2.228,0.328,25097
法甲,136.0,0.452,0.239,0.309,0.449,0.235,0.316,0.037,0.982,25097
瑞典超,59.0,0.446,0.247,0.308,0.508,0.153,0.339,2.835,0.242,25097
社区盾杯,1.0,0.508,0.243,0.249,0.0,1.0,0.0,3.117,0.21,25097
美洲杯,4.0,0.414,0.268,0.318,0.25,0.5,0.25,1.119,0.572,25097
美职,43.0,0.479,0.247,0.274,0.395,0.349,0.256,2.506,0.286,25097
芬超,9.0,0.31,0.251,0.439,0.222,0.444,0.333,1.785,0.41,25097
英冠,120.0,0.427,0.271,0.302,0.458,0.2,0.342,3.113,0.211,25097
英甲,2.0,0.357,0.25,0.393,0.5,0.0,0.5,0.672,0.715,25097
英超,321.0,0.445,0.233,0.322,0.396,0.255,0.349,3.151,0.207,25097
荷乙,56.0,0.456,0.237,0.308,0.536,0.125,0.339,3.925,0.141,25097
荷兰杯,2.0,0.386,0.158,0.456,0.5,0.0,0.5,0.391,0.823,25097
荷甲,31.0,0.44,0.238,0.322,0.419,0.258,0.323,0.084,0.959,25097
葡超,51.0,0.446,0.243,0.311,0.353,0.333,0.314,2.687,0.261,25097
西甲,234.0,0.444,0.257,0.299,0.44,0.269,0.291,0.198,0.906,25097
解放者杯,14.0,0.472,0.258,0.27,0.571,0.143,0.286,1.021,0.6,25097
足总杯,22.0,0.47,0.222,0.308,0.545,0.227,0.227,0.739,0.691,25097
金杯赛,20.0,0.525,0.21,0.265,0.45,0.35,0.2,2.42,0.298,25097
J2联赛,5.0,0.309,0.28,0.41,0.2,0.2,0.6,0.748,0.688,25098
J联赛,13.0,0.378,0.276,0.346,0.462,0.231,0.308,0.389,0.823,25098
世亚预,62.0,0.459,0.237,0.304,0.419,0.29,0.29,0.992,0.609,25098
世俱杯,62.0,0.44,0.222,0.338,0.468,0.258,0.274,1.205,0.547,25098
世南美预,32.0,0.452,0.27,0.278,0.531,0.406,0.062,7.989,0.018,25098
世欧预,32.0,0.487,0.183,0.33,0.594,0.094,0.312,2.174,0.337,25098
亚冠,36.0,0.504,0.222,0.274,0.583,0.222,0.194,1.277,0.528,25098
国王杯,5.0,0.452,0.247,0.301,0.0,0.4,0.6,4.223,0.121,25098
天皇杯,8.0,0.294,0.249,0.457,0.375,0.0,0.625,2.667,0.264,25098
奥运女足,22.0,0.468,0.214,0.318,0.5,0.045,0.455,4.264,0.119,25098
奥运男足,27.0,0.421,0.24,0.339,0.481,0.111,0.407,2.465,0.292,25098
德乙,64.0,0.431,0.251,0.318,0.438,0.188,0.375,1.703,0.427,25098
德国杯,18.0,0.436,0.214,0.35,0.667,0.111,0.222,3.912,0.141,25098
德甲,268.0,0.445,0.233,0.322,0.358,0.261,0.381,8.298,0.016,25098
德超杯,1.0,0.549,0.232,0.219,0.0,1.0,0.0,3.308,0.191,25098
意大利杯,19.0,0.573,0.228,0.198,0.579,0.158,0.263,0.815,0.665,25098
意甲,226.0,0.416,0.264,0.32,0.407,0.301,0.292,1.713,0.425,25098
意超杯,1.0,0.535,0.266,0.199,1.0,0.0,0.0,0.869,0.648,25098
挪超,61.0,0.457,0.239,0.305,0.41,0.328,0.262,2.682,0.262,25098
日联杯,9.0,0.339,0.286,0.375,0.333,0.222,0.444,0.247,0.884,25098
欧冠,192.0,0.461,0.227,0.311,0.479,0.182,0.339,2.302,0.316,25098
欧协联,75.0,0.468,0.241,0.291,0.427,0.24,0.333,0.737,0.692,25098
欧国联,135.0,0.446,0.249,0.306,0.43,0.252,0.319,0.154,0.926,25098
欧洲杯,1.0,0.394,0.337,0.27,1.0,0.0,0.0,1.541,0.463,25098
欧洲超级杯,1.0,0.615,0.211,0.174,1.0,0.0,0.0,0.627,0.731,25098
欧联,168.0,0.465,0.247,0.288,0.506,0.208,0.286,1.621,0.445,25098
法乙,119.0,0.418,0.281,0.301,0.462,0.277,0.261,1.203,0.548,25098
法国杯,6.0,0.489,0.241,0.271,0.667,0.333,0.0,2.228,0.328,25098
法甲,136.0,0.452,0.239,0.309,0.449,0.235,0.316,0.037,0.982,25098
瑞典超,59.0,0.446,0.247,0.308,0.508,0.153,0.339,2.835,0.242,25098
社区盾杯,1.0,0.508,0.243,0.249,0.0,1.0,0.0,3.117,0.21,25098
美洲杯,2.0,0.294,0.268,0.438,0.0,1.0,0.0,5.461,0.065,25098
美职,43.0,0.479,0.247,0.274,0.395,0.349,0.256,2.506,0.286,25098
芬超,9.0,0.31,0.251,0.439,0.222,0.444,0.333,1.785,0.41,25098
英冠,120.0,0.427,0.271,0.302,0.458,0.2,0.342,3.113,0.211,25098
英甲,2.0,0.357,0.25,0.393,0.5,0.0,0.5,0.672,0.715,25098
英超,321.0,0.445,0.233,0.322,0.396,0.255,0.349,3.151,0.207,25098
荷乙,56.0,0.456,0.237,0.308,0.536,0.125,0.339,3.925,0.141,25098
荷兰杯,2.0,0.386,0.158,0.456,0.5,0.0,0.5,0.391,0.823,25098
荷甲,31.0,0.44,0.238,0.322,0.419,0.258,0.323,0.084,0.959,25098
葡超,51.0,0.446,0.243,0.311,0.353,0.333,0.314,2.687,0.261,25098
西甲,234.0,0.444,0.257,0.299,0.44,0.269,0.291,0.198,0.906,25098
解放者杯,14.0,0.472,0.258,0.27,0.571,0.143,0.286,1.021,0.6,25098
足总杯,22.0,0.47,0.222,0.308,0.545,0.227,0.227,0.739,0.691,25098
金杯赛,20.0,0.525,0.21,0.265,0.45,0.35,0.2,2.42,0.298,25098
J2联赛,5.0,0.309,0.28,0.41,0.2,0.2,0.6,0.748,0.688,25099
J联赛,13.0,0.378,0.276,0.346,0.462,0.231,0.308,0.389,0.823,25099
世亚预,62.0,0.459,0.237,0.304,0.419,0.29,0.29,0.992,0.609,25099
世俱杯,62.0,0.44,0.222,0.338,0.468,0.258,0.274,1.205,0.547,25099
世南美预,32.0,0.452,0.27,0.278,0.531,0.406,0.062,7.989,0.018,25099
世欧预,32.0,0.487,0.183,0.33,0.594,0.094,0.312,2.174,0.337,25099
亚冠,36.0,0.504,0.222,0.274,0.583,0.222,0.194,1.277,0.528,25099
国王杯,5.0,0.452,0.247,0.301,0.0,0.4,0.6,4.223,0.121,25099
天皇杯,8.0,0.294,0.249,0.457,0.375,0.0,0.625,2.667,0.264,25099
奥运女足,22.0,0.468,0.214,0.318,0.5,0.045,0.455,4.264,0.119,25099
奥运男足,27.0,0.421,0.24,0.339,0.481,0.111,0.407,2.465,0.292,25099
德乙,64.0,0.431,0.251,0.318,0.438,0.188,0.375,1.703,0.427,25099
德国杯,18.0,0.436,0.214,0.35,0.667,0.111,0.222,3.912,0.141,25099
德甲,268.0,0.445,0.233,0.322,0.358,0.261,0.381,8.298,0.016,25099
德超杯,1.0,0.549,0.232,0.219,0.0,1.0,0.0,3.308,0.191,25099
意大利杯,19.0,0.573,0.228,0.198,0.579,0.158,0.263,0.815,0.665,25099
意甲,226.0,0.416,0.264,0.32,0.407,0.301,0.292,1.713,0.425,25099
意超杯,1.0,0.535,0.266,0.199,1.0,0.0,0.0,0.869,0.648,25099
挪超,56.0,0.46,0.239,0.301,0.429,0.321,0.25,2.186,0.335,25099
日联杯,9.0,0.339,0.286,0.375,0.333,0.222,0.444,0.247,0.884,25099
欧冠,192.0,0.461,0.227,0.311,0.479,0.182,0.339,2.302,0.316,25099
欧协联,75.0,0.468,0.241,0.291,0.427,0.24,0.333,0.737,0.692,25099
欧国联,135.0,0.446,0.249,0.306,0.43,0.252,0.319,0.154,0.926,25099
欧洲杯,1.0,0.394,0.337,0.27,1.0,0.0,0.0,1.541,0.463,25099
欧洲超级杯,1.0,0.615,0.211,0.174,1.0,0.0,0.0,0.627,0.731,25099
欧联,168.0,0.465,0.247,0.288,0.506,0.208,0.286,1.621,0.445,25099
法乙,119.0,0.418,0.281,0.301,0.462,0.277,0.261,1.203,0.548,25099
法国杯,6.0,0.489,0.241,0.271,0.667,0.333,0.0,2.228,0.328,25099
法甲,136.0,0.452,0.239,0.309,0.449,0.235,0.316,0.037,0.982,25099
瑞典超,59.0,0.454,0.246,0.3,0.492,0.153,0.356,2.877,0.237,25099
社区盾杯,1.0,0.508,0.243,0.249,0.0,1.0,0.0,3.117,0.21,25099
美洲杯,1.0,0.444,0.33,0.226,0.0,1.0,0.0,2.03,0.362,25099
美职,48.0,0.479,0.245,0.276,0.396,0.333,0.271,2.219,0.33,25099
芬超,10.0,0.351,0.244,0.405,0.3,0.4,0.3,1.348,0.51,25099
英冠,120.0,0.427,0.271,0.302,0.458,0.2,0.342,3.113,0.211,25099
英甲,2.0,0.357,0.25,0.393,0.5,0.0,0.5,0.672,0.715,25099
英超,321.0,0.445,0.233,0.322,0.396,0.255,0.349,3.151,0.207,25099
荷乙,56.0,0.456,0.237,0.308,0.536,0.125,0.339,3.925,0.141,25099
荷兰杯,2.0,0.386,0.158,0.456,0.5,0.0,0.5,0.391,0.823,25099
荷甲,31.0,0.44,0.238,0.322,0.419,0.258,0.323,0.084,0.959,25099
葡超,51.0,0.446,0.243,0.311,0.353,0.333,0.314,2.687,0.261,25099
西甲,234.0,0.444,0.257,0.299,0.44,0.269,0.291,0.198,0.906,25099
解放者杯,14.0,0.472,0.258,0.27,0.571,0.143,0.286,1.021,0.6,25099
足总杯,22.0,0.47,0.222,0.308,0.545,0.227,0.227,0.739,0.691,25099
金杯赛,20.0,0.525,0.21,0.265,0.45,0.35,0.2,2.42,0.298,25099
J2联赛,1.0,0.301,0.283,0.416,0.0,0.0,1.0,1.405,0.495,25100
J联赛,9.0,0.377,0.281,0.341,0.444,0.222,0.333,0.221,0.895,25100
世亚预,62.0,0.459,0.237,0.304,0.419,0.29,0.29,0.992,0.609,25100
世俱杯,63.0,0.436,0.223,0.341,0.476,0.254,0.27,1.454,0.483,25100
世南美预,32.0,0.452,0.27,0.278,0.531,0.406,0.062,7.989,0.018,25100
世欧预,32.0,0.487,0.183,0.33,0.594,0.094,0.312,2.174,0.337,25100
亚冠,36.0,0.504,0.222,0.274,0.583,0.222,0.194,1.277,0.528,25100
国王杯,5.0,0.452,0.247,0.301,0.0,0.4,0.6,4.223,0.121,25100
天皇杯,8.0,0.294,0.249,0.457,0.375,0.0,0.625,2.667,0.264,25100
奥运女足,22.0,0.468,0.214,0.318,0.5,0.045,0.455,4.264,0.119,25100
奥运男足,27.0,0.421,0.24,0.339,0.481,0.111,0.407,2.465,0.292,25100
德乙,64.0,0.431,0.251,0.318,0.438,0.188,0.375,1.703,0.427,25100
德国杯,18.0,0.436,0.214,0.35,0.667,0.111,0.222,3.912,0.141,25100
德甲,268.0,0.445,0.233,0.322,0.358,0.261,0.381,8.298,0.016,25100
德超杯,1.0,0.549,0.232,0.219,0.0,1.0,0.0,3.308,0.191,25100
意大利杯,19.0,0.573,0.228,0.198,0.579,0.158,0.263,0.815,0.665,25100
意甲,226.0,0.416,0.264,0.32,0.407,0.301,0.292,1.713,0.425,25100
意超杯,1.0,0.535,0.266,0.199,1.0,0.0,0.0,0.869,0.648,25100
挪超,62.0,0.452,0.241,0.308,0.435,0.306,0.258,1.645,0.439,25100
日联杯,9.0,0.339,0.286,0.375,0.333,0.222,0.444,0.247,0.884,25100
欧冠,192.0,0.461,0.227,0.311,0.479,0.182,0.339,2.302,0.316,25100
欧协联,75.0,0.468,0.241,0.291,0.427,0.24,0.333,0.737,0.692,25100
欧国联,135.0,0.446,0.249,0.306,0.43,0.252,0.319,0.154,0.926,25100
欧洲超级杯,1.0,0.615,0.211,0.174,1.0,0.0,0.0,0.627,0.731,25100
欧联,168.0,0.465,0.247,0.288,0.506,0.208,0.286,1.621,0.445,25100
法乙,119.0,0.418,0.281,0.301,0.462,0.277,0.261,1.203,0.548,25100
法国杯,6.0,0.489,0.241,0.271,0.667,0.333,0.0,2.228,0.328,25100
法甲,136.0,0.452,0.239,0.309,0.449,0.235,0.316,0.037,0.982,25100
瑞典超,60.0,0.451,0.246,0.303,0.533,0.15,0.317,3.203,0.202,25100
社区盾杯,1.0,0.508,0.243,0.249,0.0,1.0,0.0,3.117,0.21,25100
美职,48.0,0.479,0.245,0.276,0.396,0.333,0.271,2.219,0.33,25100
芬超,12.0,0.373,0.245,0.382,0.417,0.333,0.25,0.993,0.609,25100
英冠,120.0,0.427,0.271,0.302,0.458,0.2,0.342,3.113,0.211,25100
英甲,2.0,0.357,0.25,0.393,0.5,0.0,0.5,0.672,0.715,25100
英超,321.0,0.445,0.233,0.322,0.396,0.255,0.349,3.151,0.207,25100
荷乙,56.0,0.456,0.237,0.308,0.536,0.125,0.339,3.925,0.141,25100
荷兰杯,2.0,0.386,0.158,0.456,0.5,0.0,0.5,0.391,0.823,25100
荷甲,31.0,0.44,0.238,0.322,0.419,0.258,0.323,0.084,0.959,25100
葡超,51.0,0.446,0.243,0.311,0.353,0.333,0.314,2.687,0.261,25100
西甲,234.0,0.444,0.257,0.299,0.44,0.269,0.291,0.198,0.906,25100
解放者杯,14.0,0.472,0.258,0.27,0.571,0.143,0.286,1.021,0.6,25100
足总杯,22.0,0.47,0.222,0.308,0.545,0.227,0.227,0.739,0.691,25100
金杯赛,20.0,0.525,0.21,0.265,0.45,0.35,0.2,2.42,0.298,25100
J2联赛,1.0,0.301,0.283,0.416,0.0,0.0,1.0,1.405,0.495,25101
J联赛,9.0,0.377,0.281,0.341,0.444,0.222,0.333,0.221,0.895,25101
世亚预,62.0,0.459,0.237,0.304,0.419,0.29,0.29,0.992,0.609,25101
世俱杯,63.0,0.436,0.223,0.341,0.476,0.254,0.27,1.454,0.483,25101
世南美预,32.0,0.452,0.27,0.278,0.531,0.406,0.062,7.989,0.018,25101
世欧预,32.0,0.487,0.183,0.33,0.594,0.094,0.312,2.174,0.337,25101
亚冠,36.0,0.504,0.222,0.274,0.583,0.222,0.194,1.277,0.528,25101
国王杯,5.0,0.452,0.247,0.301,0.0,0.4,0.6,4.223,0.121,25101
天皇杯,10.0,0.321,0.253,0.427,0.3,0.2,0.5,0.25,0.883,25101
奥运女足,22.0,0.468,0.214,0.318,0.5,0.045,0.455,4.264,0.119,25101
奥运男足,27.0,0.421,0.24,0.339,0.481,0.111,0.407,2.465,0.292,25101
德乙,64.0,0.431,0.251,0.318,0.438,0.188,0.375,1.703,0.427,25101
德国杯,18.0,0.436,0.214,0.35,0.667,0.111,0.222,3.912,0.141,25101
德甲,268.0,0.445,0.233,0.322,0.358,0.261,0.381,8.298,0.016,25101
德超杯,1.0,0.549,0.232,0.219,0.0,1.0,0.0,3.308,0.191,25101
意大利杯,19.0,0.573,0.228,0.198,0.579,0.158,0.263,0.815,0.665,25101
意甲,226.0,0.416,0.264,0.32,0.407,0.301,0.292,1.713,0.425,25101
意超杯,1.0,0.535,0.266,0.199,1.0,0.0,0.0,0.869,0.648,25101
挪超,63.0,0.447,0.24,0.312,0.429,0.302,0.27,1.391,0.499,25101
日联杯,9.0,0.339,0.286,0.375,0.333,0.222,0.444,0.247,0.884,25101
欧冠,195.0,0.462,0.227,0.311,0.492,0.179,0.328,2.547,0.28,25101
欧协联,75.0,0.468,0.241,0.291,0.427,0.24,0.333,0.737,0.692,25101
欧国联,135.0,0.446,0.249,0.306,0.43,0.252,0.319,0.154,0.926,25101
欧洲超级杯,1.0,0.615,0.211,0.174,1.0,0.0,0.0,0.627,0.731,25101
欧联,172.0,0.467,0.247,0.287,0.506,0.209,0.285,1.542,0.462,25101
法乙,119.0,0.418,0.281,0.301,0.462,0.277,0.261,1.203,0.548,25101
法国杯,6.0,0.489,0.241,0.271,0.667,0.333,0.0,2.228,0.328,25101
法甲,136.0,0.452,0.239,0.309,0.449,0.235,0.316,0.037,0.982,25101
瑞典超,60.0,0.451,0.246,0.303,0.533,0.15,0.317,3.203,0.202,25101
社区盾杯,1.0,0.508,0.243,0.249,0.0,1.0,0.0,3.117,0.21,25101
美职,38.0,0.463,0.249,0.288,0.395,0.316,0.289,1.069,0.586,25101
芬超,12.0,0.373,0.245,0.382,0.417,0.333,0.25,0.993,0.609,25101
英冠,120.0,0.427,0.271,0.302,0.458,0.2,0.342,3.113,0.211,25101
英甲,2.0,0.357,0.25,0.393,0.5,0.0,0.5,0.672,0.715,25101
英超,321.0,0.445,0.233,0.322,0.396,0.255,0.349,3.151,0.207,25101
荷乙,56.0,0.456,0.237,0.308,0.536,0.125,0.339,3.925,0.141,25101
荷兰杯,2.0,0.386,0.158,0.456,0.5,0.0,0.5,0.391,0.823,25101
荷甲,31.0,0.44,0.238,0.322,0.419,0.258,0.323,0.084,0.959,25101
葡超,51.0,0.446,0.243,0.311,0.353,0.333,0.314,2.687,0.261,25101
西甲,234.0,0.444,0.257,0.299,0.44,0.269,0.291,0.198,0.906,25101
解放者杯,14.0,0.472,0.258,0.27,0.571,0.143,0.286,1.021,0.6,25101
足总杯,22.0,0.47,0.222,0.308,0.545,0.227,0.227,0.739,0.691,25101
金杯赛,20.0,0.525,0.21,0.265,0.45,0.35,0.2,2.42,0.298,25101
J2联赛,1.0,0.301,0.283,0.416,0.0,0.0,1.0,1.405,0.495,25102
J联赛,9.0,0.377,0.281,0.341,0.444,0.222,0.333,0.221,0.895,25102
世亚预,62.0,0.459,0.237,0.304,0.419,0.29,0.29,0.992,0.609,25102
世俱杯,63.0,0.436,0.223,0.341,0.476,0.254,0.27,1.454,0.483,25102
世南美预,32.0,0.452,0.27,0.278,0.531,0.406,0.062,7.989,0.018,25102
世欧预,32.0,0.487,0.183,0.33,0.594,0.094,0.312,2.174,0.337,25102
亚冠,36.0,0.504,0.222,0.274,0.583,0.222,0.194,1.277,0.528,25102
国王杯,5.0,0.452,0.247,0.301,0.0,0.4,0.6,4.223,0.121,25102
天皇杯,10.0,0.321,0.253,0.427,0.3,0.2,0.5,0.25,0.883,25102
奥运女足,22.0,0.468,0.214,0.318,0.5,0.045,0.455,4.264,0.119,25102
奥运男足,27.0,0.421,0.24,0.339,0.481,0.111,0.407,2.465,0.292,25102
德乙,64.0,0.431,0.251,0.318,0.438,0.188,0.375,1.703,0.427,25102
德国杯,18.0,0.436,0.214,0.35,0.667,0.111,0.222,3.912,0.141,25102
德甲,268.0,0.445,0.233,0.322,0.358,0.261,0.381,8.298,0.016,25102
德超杯,1.0,0.549,0.232,0.219,0.0,1.0,0.0,3.308,0.191,25102
意大利杯,19.0,0.573,0.228,0.198,0.579,0.158,0.263,0.815,0.665,25102
意甲,226.0,0.416,0.264,0.32,0.407,0.301,0.292,1.713,0.425,25102
意超杯,1.0,0.535,0.266,0.199,1.0,0.0,0.0,0.869,0.648,25102
挪超,61.0,0.452,0.239,0.308,0.459,0.295,0.246,1.559,0.459,25102
日联杯,9.0,0.339,0.286,0.375,0.333,0.222,0.444,0.247,0.884,25102
欧冠,195.0,0.462,0.227,0.311,0.492,0.179,0.328,2.547,0.28,25102
欧协联,75.0,0.468,0.241,0.291,0.427,0.24,0.333,0.737,0.692,25102
欧国联,135.0,0.446,0.249,0.306,0.43,0.252,0.319,0.154,0.926,25102
欧洲超级杯,1.0,0.615,0.211,0.174,1.0,0.0,0.0,0.627,0.731,25102
欧联,172.0,0.467,0.247,0.287,0.506,0.209,0.285,1.542,0.462,25102
法乙,119.0,0.418,0.281,0.301,0.462,0.277,0.261,1.203,0.548,25102
法国杯,6.0,0.489,0.241,0.271,0.667,0.333,0.0,2.228,0.328,25102
法甲,136.0,0.452,0.239,0.309,0.449,0.235,0.316,0.037,0.982,25102
瑞典超,57.0,0.448,0.246,0.307,0.526,0.123,0.351,4.644,0.098,25102
社区盾杯,1.0,0.508,0.243,0.249,0.0,1.0,0.0,3.117,0.21,25102
美职,43.0,0.466,0.248,0.286,0.349,0.326,0.326,2.537,0.281,25102
芬超,13.0,0.367,0.246,0.387,0.385,0.385,0.231,1.838,0.399,25102
英冠,120.0,0.427,0.271,0.302,0.458,0.2,0.342,3.113,0.211,25102
英甲,2.0,0.357,0.25,0.393,0.5,0.0,0.5,0.672,0.715,25102
英超,321.0,0.445,0.233,0.322,0.396,0.255,0.349,3.151,0.207,25102
荷乙,56.0,0.456,0.237,0.308,0.536,0.125,0.339,3.925,0.141,25102
荷兰杯,2.0,0.386,0.158,0.456,0.5,0.0,0.5,0.391,0.823,25102
荷甲,31.0,0.44,0.238,0.322,0.419,0.258,0.323,0.084,0.959,25102
葡超,51.0,0.446,0.243,0.311,0.353,0.333,0.314,2.687,0.261,25102
西甲,234.0,0.444,0.257,0.299,0.44,0.269,0.291,0.198,0.906,25102
解放者杯,14.0,0.472,0.258,0.27,0.571,0.143,0.286,1.021,0.6,25102
足总杯,22.0,0.47,0.222,0.308,0.545,0.227,0.227,0.739,0.691,25102
金杯赛,20.0,0.525,0.21,0.265,0.45,0.35,0.2,2.42,0.298,25102
J2联赛,1.0,0.301,0.283,0.416,0.0,0.0,1.0,1.405,0.495,25103
J联赛,12.0,0.357,0.281,0.362,0.5,0.167,0.333,1.273,0.529,25103
世亚预,62.0,0.459,0.237,0.304,0.419,0.29,0.29,0.992,0.609,25103
世俱杯,63.0,0.436,0.223,0.341,0.476,0.254,0.27,1.454,0.483,25103
世南美预,32.0,0.452,0.27,0.278,0.531,0.406,0.062,7.989,0.018,25103
世欧预,32.0,0.487,0.183,0.33,0.594,0.094,0.312,2.174,0.337,25103
亚冠,36.0,0.504,0.222,0.274,0.583,0.222,0.194,1.277,0.528,25103
国王杯,5.0,0.452,0.247,0.301,0.0,0.4,0.6,4.223,0.121,25103
天皇杯,10.0,0.321,0.253,0.427,0.3,0.2,0.5,0.25,0.883,25103
奥运女足,16.0,0.414,0.223,0.363,0.375,0.062,0.562,3.653,0.161,25103
奥运男足,21.0,0.425,0.238,0.337,0.476,0.143,0.381,1.043,0.594,25103
德乙,64.0,0.431,0.251,0.318,0.438,0.188,0.375,1.703,0.427,25103
德国杯,18.0,0.436,0.214,0.35,0.667,0.111,0.222,3.912,0.141,25103
德甲,268.0,0.445,0.233,0.322,0.358,0.261,0.381,8.298,0.016,25103
德超杯,1.0,0.549,0.232,0.219,0.0,1.0,0.0,3.308,0.191,25103
意大利杯,19.0,0.573,0.228,0.198,0.579,0.158,0.263,0.815,0.665,25103
意甲,226.0,0.416,0.264,0.32,0.407,0.301,0.292,1.713,0.425,25103
意超杯,1.0,0.535,0.266,0.199,1.0,0.0,0.0,0.869,0.648,25103
挪超,65.0,0.46,0.238,0.302,0.477,0.292,0.231,1.913,0.384,25103
日联杯,9.0,0.339,0.286,0.375,0.333,0.222,0.444,0.247,0.884,25103
欧冠,193.0,0.461,0.227,0.312,0.492,0.176,0.332,2.884,0.236,25103
欧协联,75.0,0.468,0.241,0.291,0.427,0.24,0.333,0.737,0.692,25103
欧国联,135.0,0.446,0.249,0.306,0.43,0.252,0.319,0.154,0.926,25103
欧洲超级杯,1.0,0.615,0.211,0.174,1.0,0.0,0.0,0.627,0.731,25103
欧联,172.0,0.467,0.247,0.287,0.506,0.209,0.285,1.542,0.462,25103
法乙,119.0,0.418,0.281,0.301,0.462,0.277,0.261,1.203,0.548,25103
法国杯,6.0,0.489,0.241,0.271,0.667,0.333,0.0,2.228,0.328,25103
法甲,136.0,0.452,0.239,0.309,0.449,0.235,0.316,0.037,0.982,25103
瑞典超,61.0,0.445,0.247,0.308,0.525,0.131,0.344,4.429,0.109,25103
社区盾杯,1.0,0.508,0.243,0.249,0.0,1.0,0.0,3.117,0.21,25103
美职,43.0,0.466,0.248,0.286,0.349,0.326,0.326,2.537,0.281,25103
芬超,16.0,0.379,0.242,0.378,0.438,0.312,0.25,1.166,0.558,25103
英冠,120.0,0.427,0.271,0.302,0.458,0.2,0.342,3.113,0.211,25103
英甲,2.0,0.357,0.25,0.393,0.5,0.0,0.5,0.672,0.715,25103
英超,321.0,0.445,0.233,0.322,0.396,0.255,0.349,3.151,0.207,25103
荷乙,56.0,0.456,0.237,0.308,0.536,0.125,0.339,3.925,0.141,25103
荷兰杯,2.0,0.386,0.158,0.456,0.5,0.0,0.5,0.391,0.823,25103
荷甲,31.0,0.44,0.238,0.322,0.419,0.258,0.323,0.084,0.959,25103
葡超,51.0,0.446,0.243,0.311,0.353,0.333,0.314,2.687,0.261,25103
西甲,234.0,0.444,0.257,0.299,0.44,0.269,0.291,0.198,0.906,25103
解放者杯,14.0,0.472,0.258,0.27,0.571,0.143,0.286,1.021,0.6,25103
足总杯,22.0,0.47,0.222,0.308,0.545,0.227,0.227,0.739,0.691,25103
金杯赛,20.0,0.525,0.21,0.265,0.45,0.35,0.2,2.42,0.298,25103
J2联赛,1.0,0.301,0.283,0.416,0.0,0.0,1.0,1.405,0.495,25104
J联赛,12.0,0.357,0.281,0.362,0.5,0.167,0.333,1.273,0.529,25104
世亚预,62.0,0.459,0.237,0.304,0.419,0.29,0.29,0.992,0.609,25104
世俱杯,63.0,0.436,0.223,0.341,0.476,0.254,0.27,1.454,0.483,25104
世南美预,32.0,0.452,0.27,0.278,0.531,0.406,0.062,7.989,0.018,25104
世欧预,32.0,0.487,0.183,0.33,0.594,0.094,0.312,2.174,0.337,25104
亚冠,36.0,0.504,0.222,0.274,0.583,0.222,0.194,1.277,0.528,25104
国王杯,5.0,0.452,0.247,0.301,0.0,0.4,0.6,4.223,0.121,25104
天皇杯,10.0,0.321,0.253,0.427,0.3,0.2,0.5,0.25,0.883,25104
奥运女足,16.0,0.414,0.223,0.363,0.375,0.062,0.562,3.653,0.161,25104
奥运男足,13.0,0.43,0.259,0.312,0.462,0.231,0.308,0.07,0.966,25104
德乙,64.0,0.431,0.251,0.318,0.438,0.188,0.375,1.703,0.427,25104
德国杯,18.0,0.436,0.214,0.35,0.667,0.111,0.222,3.912,0.141,25104
德甲,268.0,0.445,0.233,0.322,0.358,0.261,0.381,8.298,0.016,25104
德超杯,1.0,0.549,0.232,0.219,0.0,1.0,0.0,3.308,0.191,25104
意大利杯,19.0,0.573,0.228,0.198,0.579,0.158,0.263,0.815,0.665,25104
意甲,226.0,0.416,0.264,0.32,0.407,0.301,0.292,1.713,0.425,25104
意超杯,1.0,0.535,0.266,0.199,1.0,0.0,0.0,0.869,0.648,25104
挪超,63.0,0.464,0.238,0.298,0.492,0.27,0.238,1.144,0.564,25104
日联杯,9.0,0.339,0.286,0.375,0.333,0.222,0.444,0.247,0.884,25104
欧冠,202.0,0.457,0.228,0.315,0.49,0.173,0.337,3.476,0.176,25104
欧协联,75.0,0.468,0.241,0.291,0.427,0.24,0.333,0.737,0.692,25104
欧国联,135.0,0.446,0.249,0.306,0.43,0.252,0.319,0.154,0.926,25104
欧洲超级杯,1.0,0.615,0.211,0.174,1.0,0.0,0.0,0.627,0.731,25104
欧联,177.0,0.466,0.246,0.288,0.497,0.22,0.282,0.872,0.647,25104
法乙,119.0,0.418,0.281,0.301,0.462,0.277,0.261,1.203,0.548,25104
法国杯,6.0,0.489,0.241,0.271,0.667,0.333,0.0,2.228,0.328,25104
法甲,136.0,0.452,0.239,0.309,0.449,0.235,0.316,0.037,0.982,25104
瑞典超,57.0,0.443,0.247,0.31,0.526,0.14,0.333,3.613,0.164,25104
社区盾杯,1.0,0.508,0.243,0.249,0.0,1.0,0.0,3.117,0.21,25104
美职,43.0,0.466,0.248,0.286,0.349,0.326,0.326,2.537,0.281,25104
芬超,16.0,0.379,0.242,0.378,0.438,0.312,0.25,1.166,0.558,25104
英冠,120.0,0.427,0.271,0.302,0.458,0.2,0.342,3.113,0.211,25104
英甲,2.0,0.357,0.25,0.393,0.5,0.0,0.5,0.672,0.715,25104
英超,321.0,0.445,0.233,0.322,0.396,0.255,0.349,3.151,0.207,25104
荷乙,56.0,0.456,0.237,0.308,0.536,0.125,0.339,3.925,0.141,25104
荷兰杯,2.0,0.386,0.158,0.456,0.5,0.0,0.5,0.391,0.823,25104
荷甲,31.0,0.44,0.238,0.322,0.419,0.258,0.323,0.084,0.959,25104
葡超,51.0,0.446,0.243,0.311,0.353,0.333,0.314,2.687,0.261,25104
西甲,234.0,0.444,0.257,0.299,0.44,0.269,0.291,0.198,0.906,25104
解放者杯,14.0,0.472,0.258,0.27,0.571,0.143,0.286,1.021,0.6,25104
足总杯,22.0,0.47,0.222,0.308,0.545,0.227,0.227,0.739,0.691,25104
金杯赛,20.0,0.525,0.21,0.265,0.45,0.35,0.2,2.42,0.298,25104
J2联赛,1.0,0.301,0.283,0.416,0.0,0.0,1.0,1.405,0.495,25105
J联赛,12.0,0.357,0.281,0.362,0.5,0.167,0.333,1.273,0.529,25105
世亚预,62.0,0.459,0.237,0.304,0.419,0.29,0.29,0.992,0.609,25105
世俱杯,63.0,0.436,0.223,0.341,0.476,0.254,0.27,1.454,0.483,25105
世南美预,32.0,0.452,0.27,0.278,0.531,0.406,0.062,7.989,0.018,25105
世欧预,32.0,0.487,0.183,0.33,0.594,0.094,0.312,2.174,0.337,25105
亚冠,36.0,0.504,0.222,0.274,0.583,0.222,0.194,1.277,0.528,25105
国王杯,5.0,0.452,0.247,0.301,0.0,0.4,0.6,4.223,0.121,25105
天皇杯,10.0,0.321,0.253,0.427,0.3,0.2,0.5,0.25,0.883,25105
奥运女足,10.0,0.346,0.226,0.429,0.3,0.1,0.6,1.441,0.486,25105
奥运男足,13.0,0.43,0.259,0.312,0.462,0.231,0.308,0.07,0.966,25105
德乙,64.0,0.431,0.251,0.318,0.438,0.188,0.375,1.703,0.427,25105
德国杯,18.0,0.436,0.214,0.35,0.667,0.111,0.222,3.912,0.141,25105
德甲,268.0,0.445,0.233,0.322,0.358,0.261,0.381,8.298,0.016,25105
德超杯,1.0,0.549,0.232,0.219,0.0,1.0,0.0,3.308,0.191,25105
意大利杯,19.0,0.573,0.228,0.198,0.579,0.158,0.263,0.815,0.665,25105
意甲,226.0,0.416,0.264,0.32,0.407,0.301,0.292,1.713,0.425,25105
意超杯,1.0,0.535,0.266,0.199,1.0,0.0,0.0,0.869,0.648,25105
挪超,64.0,0.458,0.238,0.304,0.484,0.234,0.281,0.203,0.903,25105
日联杯,9.0,0.339,0.286,0.375,0.333,0.222,0.444,0.247,0.884,25105
欧冠,202.0,0.457,0.228,0.315,0.49,0.173,0.337,3.476,0.176,25105
欧协联,75.0,0.468,0.241,0.291,0.427,0.24,0.333,0.737,0.692,25105
欧国联,135.0,0.446,0.249,0.306,0.43,0.252,0.319,0.154,0.926,25105
欧洲超级杯,1.0,0.615,0.211,0.174,1.0,0.0,0.0,0.627,0.731,25105
欧联,177.0,0.466,0.246,0.288,0.497,0.22,0.282,0.872,0.647,25105
法乙,119.0,0.418,0.281,0.301,0.462,0.277,0.261,1.203,0.548,25105
法国杯,6.0,0.489,0.241,0.271,0.667,0.333,0.0,2.228,0.328,25105
法甲,136.0,0.452,0.239,0.309,0.449,0.235,0.316,0.037,0.982,25105
瑞典超,61.0,0.44,0.246,0.314,0.492,0.164,0.344,2.205,0.332,25105
社区盾杯,1.0,0.508,0.243,0.249,0.0,1.0,0.0,3.117,0.21,25105
美职,43.0,0.466,0.248,0.286,0.349,0.326,0.326,2.537,0.281,25105
芬超,17.0,0.388,0.242,0.37,0.471,0.294,0.235,1.321,0.517,25105
英冠,120.0,0.427,0.271,0.302,0.458,0.2,0.342,3.113,0.211,25105
英甲,2.0,0.357,0.25,0.393,0.5,0.0,0.5,0.672,0.715,25105
英超,321.0,0.445,0.233,0.322,0.396,0.255,0.349,3.151,0.207,25105
荷乙,56.0,0.456,0.237,0.308,0.536,0.125,0.339,3.925,0.141,25105
荷兰杯,2.0,0.386,0.158,0.456,0.5,0.0,0.5,0.391,0.823,25105
荷甲,31.0,0.44,0.238,0.322,0.419,0.258,0.323,0.084,0.959,25105
葡超,51.0,0.446,0.243,0.311,0.353,0.333,0.314,2.687,0.261,25105
西甲,234.0,0.444,0.257,0.299,0.44,0.269,0.291,0.198,0.906,25105
解放者杯,14.0,0.472,0.258,0.27,0.571,0.143,0.286,1.021,0.6,25105
足总杯,22.0,0.47,0.222,0.308,0.545,0.227,0.227,0.739,0.691,25105
金杯赛,20.0,0.525,0.21,0.265,0.45,0.35,0.2,2.42,0.298,25105
J2联赛,1.0,0.301,0.283,0.416,0.0,0.0,1.0,1.405,0.495,25106
J联赛,12.0,0.357,0.281,0.362,0.5,0.167,0.333,1.273,0.529,25106
世亚预,62.0,0.459,0.237,0.304,0.419,0.29,0.29,0.992,0.609,25106
世俱杯,63.0,0.436,0.223,0.341,0.476,0.254,0.27,1.454,0.483,25106
世南美预,32.0,0.452,0.27,0.278,0.531,0.406,0.062,7.989,0.018,25106
世欧预,32.0,0.487,0.183,0.33,0.594,0.094,0.312,2.174,0.337,25106
亚冠,36.0,0.504,0.222,0.274,0.583,0.222,0.194,1.277,0.528,25106
国王杯,5.0,0.452,0.247,0.301,0.0,0.4,0.6,4.223,0.121,25106
天皇杯,10.0,0.321,0.253,0.427,0.3,0.2,0.5,0.25,0.883,25106
奥运女足,10.0,0.346,0.226,0.429,0.3,0.1,0.6,1.441,0.486,25106
奥运男足,5.0,0.383,0.291,0.325,0.4,0.4,0.2,0.448,0.799,25106
德乙,64.0,0.431,0.251,0.318,0.438,0.188,0.375,1.703,0.427,25106
德国杯,18.0,0.436,0.214,0.35,0.667,0.111,0.222,3.912,0.141,25106
德甲,268.0,0.445,0.233,0.322,0.358,0.261,0.381,8.298,0.016,25106
德超杯,1.0,0.549,0.232,0.219,0.0,1.0,0.0,3.308,0.191,25106
意大利杯,19.0,0.573,0.228,0.198,0.579,0.158,0.263,0.815,0.665,25106
意甲,226.0,0.416,0.264,0.32,0.407,0.301,0.292,1.713,0.425,25106
意超杯,1.0,0.535,0.266,0.199,1.0,0.0,0.0,0.869,0.648,25106
挪超,64.0,0.458,0.238,0.304,0.484,0.234,0.281,0.203,0.903,25106
日联杯,9.0,0.339,0.286,0.375,0.333,0.222,0.444,0.247,0.884,25106
欧冠,205.0,0.462,0.228,0.31,0.478,0.185,0.337,2.248,0.325,25106
欧协联,75.0,0.468,0.241,0.291,0.427,0.24,0.333,0.737,0.692,25106
欧国联,135.0,0.446,0.249,0.306,0.43,0.252,0.319,0.154,0.926,25106
欧洲超级杯,1.0,0.615,0.211,0.174,1.0,0.0,0.0,0.627,0.731,25106
欧联,182.0,0.466,0.246,0.288,0.495,0.231,0.275,0.61,0.737,25106
法乙,119.0,0.418,0.281,0.301,0.462,0.277,0.261,1.203,0.548,25106
法国杯,6.0,0.489,0.241,0.271,0.667,0.333,0.0,2.228,0.328,25106
法甲,136.0,0.452,0.239,0.309,0.449,0.235,0.316,0.037,0.982,25106
瑞典超,61.0,0.44,0.246,0.314,0.492,0.164,0.344,2.205,0.332,25106
社区盾杯,1.0,0.508,0.243,0.249,0.0,1.0,0.0,3.117,0.21,25106
美职,43.0,0.466,0.248,0.286,0.349,0.326,0.326,2.537,0.281,25106
芬超,17.0,0.388,0.242,0.37,0.471,0.294,0.235,1.321,0.517,25106
英冠,120.0,0.427,0.271,0.302,0.458,0.2,0.342,3.113,0.211,25106
英甲,2.0,0.357,0.25,0.393,0.5,0.0,0.5,0.672,0.715,25106
英超,321.0,0.445,0.233,0.322,0.396,0.255,0.349,3.151,0.207,25106
荷乙,56.0,0.456,0.237,0.308,0.536,0.125,0.339,3.925,0.141,25106
荷兰杯,2.0,0.386,0.158,0.456,0.5,0.0,0.5,0.391,0.823,25106
荷甲,31.0,0.44,0.238,0.322,0.419,0.258,0.323,0.084,0.959,25106
葡超,51.0,0.446,0.243,0.311,0.353,0.333,0.314,2.687,0.261,25106
西甲,234.0,0.444,0.257,0.299,0.44,0.269,0.291,0.198,0.906,25106
解放者杯,14.0,0.472,0.258,0.27,0.571,0.143,0.286,1.021,0.6,25106
足总杯,22.0,0.47,0.222,0.308,0.545,0.227,0.227,0.739,0.691,25106
金杯赛,20.0,0.525,0.21,0.265,0.45,0.35,0.2,2.42,0.298,25106
J2联赛,4.0,0.46,0.266,0.274,0.25,0.25,0.5,1.133,0.568,25107
J联赛,12.0,0.357,0.281,0.362,0.5,0.167,0.333,1.273,0.529,25107
世亚预,62.0,0.459,0.237,0.304,0.419,0.29,0.29,0.992,0.609,25107
世俱杯,63.0,0.436,0.223,0.341,0.476,0.254,0.27,1.454,0.483,25107
世南美预,32.0,0.452,0.27,0.278,0.531,0.406,0.062,7.989,0.018,25107
世欧预,32.0,0.487,0.183,0.33,0.594,0.094,0.312,2.174,0.337,25107
亚冠,36.0,0.504,0.222,0.274,0.583,0.222,0.194,1.277,0.528,25107
国王杯,5.0,0.452,0.247,0.301,0.0,0.4,0.6,4.223,0.121,25107
天皇杯,10.0,0.321,0.253,0.427,0.3,0.2,0.5,0.25,0.883,25107
奥运女足,4.0,0.329,0.268,0.403,0.25,0.25,0.5,0.174,0.916,25107
奥运男足,5.0,0.383,0.291,0.325,0.4,0.4,0.2,0.448,0.799,25107
德乙,69.0,0.43,0.252,0.318,0.478,0.174,0.348,2.248,0.325,25107
德国杯,18.0,0.436,0.214,0.35,0.667,0.111,0.222,3.912,0.141,25107
德甲,268.0,0.445,0.233,0.322,0.358,0.261,0.381,8.298,0.016,25107
德超杯,1.0,0.549,0.232,0.219,0.0,1.0,0.0,3.308,0.191,25107
意大利杯,19.0,0.573,0.228,0.198,0.579,0.158,0.263,0.815,0.665,25107
意甲,226.0,0.416,0.264,0.32,0.407,0.301,0.292,1.713,0.425,25107
意超杯,1.0,0.535,0.266,0.199,1.0,0.0,0.0,0.869,0.648,25107
挪超,66.0,0.458,0.238,0.303,0.47,0.242,0.288,0.076,0.963,25107
日联杯,9.0,0.339,0.286,0.375,0.333,0.222,0.444,0.247,0.884,25107
欧冠,201.0,0.463,0.229,0.308,0.483,0.189,0.328,1.85,0.397,25107
欧协联,75.0,0.468,0.241,0.291,0.427,0.24,0.333,0.737,0.692,25107
欧国联,135.0,0.446,0.249,0.306,0.43,0.252,0.319,0.154,0.926,25107
欧洲超级杯,1.0,0.615,0.211,0.174,1.0,0.0,0.0,0.627,0.731,25107
欧联,178.0,0.468,0.246,0.286,0.494,0.236,0.27,0.514,0.774,25107
法乙,119.0,0.418,0.281,0.301,0.462,0.277,0.261,1.203,0.548,25107
法国杯,6.0,0.489,0.241,0.271,0.667,0.333,0.0,2.228,0.328,25107
法甲,136.0,0.452,0.239,0.309,0.449,0.235,0.316,0.037,0.982,25107
瑞典超,63.0,0.438,0.245,0.316,0.492,0.175,0.333,1.75,0.417,25107
社区盾杯,1.0,0.508,0.243,0.249,0.0,1.0,0.0,3.117,0.21,25107
美职,43.0,0.466,0.248,0.286,0.349,0.326,0.326,2.537,0.281,25107
芬超,19.0,0.404,0.242,0.354,0.474,0.263,0.263,0.707,0.702,25107
英冠,120.0,0.427,0.271,0.302,0.458,0.2,0.342,3.113,0.211,25107
英甲,2.0,0.357,0.25,0.393,0.5,0.0,0.5,0.672,0.715,25107
英超,321.0,0.445,0.233,0.322,0.396,0.255,0.349,3.151,0.207,25107
荷乙,56.0,0.456,0.237,0.308,0.536,0.125,0.339,3.925,0.141,25107
荷兰杯,2.0,0.386,0.158,0.456,0.5,0.0,0.5,0.391,0.823,25107
荷甲,31.0,0.44,0.238,0.322,0.419,0.258,0.323,0.084,0.959,25107
葡超,51.0,0.446,0.243,0.311,0.353,0.333,0.314,2.687,0.261,25107
西甲,234.0,0.444,0.257,0.299,0.44,0.269,0.291,0.198,0.906,25107
解放者杯,14.0,0.472,0.258,0.27,0.571,0.143,0.286,1.021,0.6,25107
足总杯,22.0,0.47,0.222,0.308,0.545,0.227,0.227,0.739,0.691,25107
金杯赛,20.0,0.525,0.21,0.265,0.45,0.35,0.2,2.42,0.298,25107
J2联赛,4.0,0.46,0.266,0.274,0.25,0.25,0.5,1.133,0.568,25108
J联赛,12.0,0.357,0.281,0.362,0.5,0.167,0.333,1.273,0.529,25108
世亚预,62.0,0.459,0.237,0.304,0.419,0.29,0.29,0.992,0.609,25108
世俱杯,63.0,0.436,0.223,0.341,0.476,0.254,0.27,1.454,0.483,25108
世南美预,32.0,0.452,0.27,0.278,0.531,0.406,0.062,7.989,0.018,25108
世欧预,32.0,0.487,0.183,0.33,0.594,0.094,0.312,2.174,0.337,25108
亚冠,36.0,0.504,0.222,0.274,0.583,0.222,0.194,1.277,0.528,25108
国王杯,5.0,0.452,0.247,0.301,0.0,0.4,0.6,4.223,0.121,25108
天皇杯,10.0,0.321,0.253,0.427,0.3,0.2,0.5,0.25,0.883,25108
奥运女足,4.0,0.329,0.268,0.403,0.25,0.25,0.5,0.174,0.916,25108
奥运男足,1.0,0.393,0.308,0.298,0.0,1.0,0.0,2.244,0.326,25108
德乙,65.0,0.425,0.253,0.322,0.477,0.169,0.354,2.415,0.299,25108
德国杯,18.0,0.436,0.214,0.35,0.667,0.111,0.222,3.912,0.141,25108
德甲,268.0,0.445,0.233,0.322,0.358,0.261,0.381,8.298,0.016,25108
德超杯,1.0,0.549,0.232,0.219,0.0,1.0,0.0,3.308,0.191,25108
意大利杯,19.0,0.573,0.228,0.198,0.579,0.158,0.263,0.815,0.665,25108
意甲,226.0,0.416,0.264,0.32,0.407,0.301,0.292,1.713,0.425,25108
意超杯,1.0,0.535,0.266,0.199,1.0,0.0,0.0,0.869,0.648,25108
挪超,70.0,0.453,0.238,0.309,0.486,0.229,0.286,0.312,0.856,25108
日联杯,9.0,0.339,0.286,0.375,0.333,0.222,0.444,0.247,0.884,25108
欧冠,201.0,0.463,0.229,0.308,0.483,0.189,0.328,1.85,0.397,25108
欧协联,75.0,0.468,0.241,0.291,0.427,0.24,0.333,0.737,0.692,25108
欧国联,135.0,0.446,0.249,0.306,0.43,0.252,0.319,0.154,0.926,25108
欧洲超级杯,1.0,0.615,0.211,0.174,1.0,0.0,0.0,0.627,0.731,25108
欧联,178.0,0.468,0.246,0.286,0.494,0.236,0.27,0.514,0.774,25108
法乙,119.0,0.418,0.281,0.301,0.462,0.277,0.261,1.203,0.548,25108
法国杯,6.0,0.489,0.241,0.271,0.667,0.333,0.0,2.228,0.328,25108
法甲,136.0,0.452,0.239,0.309,0.449,0.235,0.316,0.037,0.982,25108
瑞典超,64.0,0.442,0.243,0.314,0.484,0.203,0.312,0.682,0.711,25108
社区盾杯,1.0,0.508,0.243,0.249,0.0,1.0,0.0,3.117,0.21,25108
美职,43.0,0.466,0.248,0.286,0.349,0.326,0.326,2.537,0.281,25108
芬超,22.0,0.425,0.238,0.337,0.455,0.273,0.273,0.429,0.807,25108
英冠,120.0,0.427,0.271,0.302,0.458,0.2,0.342,3.113,0.211,25108
英甲,2.0,0.357,0.25,0.393,0.5,0.0,0.5,0.672,0.715,25108
英超,321.0,0.445,0.233,0.322,0.396,0.255,0.349,3.151,0.207,25108
荷乙,56.0,0.456,0.237,0.308,0.536,0.125,0.339,3.925,0.141,25108
荷兰杯,2.0,0.386,0.158,0.456,0.5,0.0,0.5,0.391,0.823,25108
荷甲,31.0,0.44,0.238,0.322,0.419,0.258,0.323,0.084,0.959,25108
葡超,51.0,0.446,0.243,0.311,0.353,0.333,0.314,2.687,0.261,25108
西甲,234.0,0.444,0.257,0.299,0.44,0.269,0.291,0.198,0.906,25108
解放者杯,14.0,0.472,0.258,0.27,0.571,0.143,0.286,1.021,0.6,25108
足总杯,22.0,0.47,0.222,0.308,0.545,0.227,0.227,0.739,0.691,25108
金杯赛,20.0,0.525,0.21,0.265,0.45,0.35,0.2,2.42,0.298,25108
J2联赛,4.0,0.46,0.266,0.274,0.25,0.25,0.5,1.133,0.568,25109
J联赛,10.0,0.351,0.282,0.367,0.5,0.1,0.4,1.84,0.398,25109
世亚预,62.0,0.459,0.237,0.304,0.419,0.29,0.29,0.992,0.609,25109
世俱杯,63.0,0.436,0.223,0.341,0.476,0.254,0.27,1.454,0.483,25109
世南美预,32.0,0.452,0.27,0.278,0.531,0.406,0.062,7.989,0.018,25109
世欧预,32.0,0.487,0.183,0.33,0.594,0.094,0.312,2.174,0.337,25109
亚冠,36.0,0.504,0.222,0.274,0.583,0.222,0.194,1.277,0.528,25109
国王杯,5.0,0.452,0.247,0.301,0.0,0.4,0.6,4.223,0.121,25109
天皇杯,10.0,0.321,0.253,0.427,0.3,0.2,0.5,0.25,0.883,25109
奥运女足,2.0,0.349,0.264,0.387,0.0,0.0,1.0,3.166,0.205,25109
奥运男足,1.0,0.393,0.308,0.298,0.0,1.0,0.0,2.244,0.326,25109
德乙,65.0,0.425,0.253,0.322,0.477,0.169,0.354,2.415,0.299,25109
德国杯,18.0,0.436,0.214,0.35,0.667,0.111,0.222,3.912,0.141,25109
德甲,268.0,0.445,0.233,0.322,0.358,0.261,0.381,8.298,0.016,25109
德超杯,1.0,0.549,0.232,0.219,0.0,1.0,0.0,3.308,0.191,25109
意大利杯,19.0,0.573,0.228,0.198,0.579,0.158,0.263,0.815,0.665,25109
意甲,226.0,0.416,0.264,0.32,0.407,0.301,0.292,1.713,0.425,25109
意超杯,1.0,0.535,0.266,0.199,1.0,0.0,0.0,0.869,0.648,25109
挪超,70.0,0.453,0.238,0.309,0.486,0.229,0.286,0.312,0.856,25109
日联杯,9.0,0.339,0.286,0.375,0.333,0.222,0.444,0.247,0.884,25109
欧冠,199.0,0.458,0.229,0.313,0.477,0.186,0.337,2.175,0.337,25109
欧协联,75.0,0.468,0.241,0.291,0.427,0.24,0.333,0.737,0.692,25109
欧国联,135.0,0.446,0.249,0.306,0.43,0.252,0.319,0.154,0.926,25109
欧洲超级杯,1.0,0.615,0.211,0.174,1.0,0.0,0.0,0.627,0.731,25109
欧联,184.0,0.464,0.246,0.289,0.478,0.239,0.283,0.144,0.93,25109
法乙,119.0,0.418,0.281,0.301,0.462,0.277,0.261,1.203,0.548,25109
法国杯,6.0,0.489,0.241,0.271,0.667,0.333,0.0,2.228,0.328,25109
法甲,136.0,0.452,0.239,0.309,0.449,0.235,0.316,0.037,0.982,25109
瑞典超,64.0,0.442,0.243,0.314,0.484,0.203,0.312,0.682,0.711,25109
社区盾杯,1.0,0.508,0.243,0.249,0.0,1.0,0.0,3.117,0.21,25109
美职,43.0,0.466,0.248,0.286,0.349,0.326,0.326,2.537,0.281,25109
芬超,22.0,0.425,0.238,0.337,0.455,0.273,0.273,0.429,0.807,25109
英冠,120.0,0.427,0.271,0.302,0.458,0.2,0.342,3.113,0.211,25109
英甲,2.0,0.357,0.25,0.393,0.5,0.0,0.5,0.672,0.715,25109
英超,321.0,0.445,0.233,0.322,0.396,0.255,0.349,3.151,0.207,25109
荷乙,56.0,0.456,0.237,0.308,0.536,0.125,0.339,3.925,0.141,25109
荷兰杯,2.0,0.386,0.158,0.456,0.5,0.0,0.5,0.391,0.823,25109
荷甲,31.0,0.44,0.238,0.322,0.419,0.258,0.323,0.084,0.959,25109
葡超,51.0,0.446,0.243,0.311,0.353,0.333,0.314,2.687,0.261,25109
西甲,234.0,0.444,0.257,0.299,0.44,0.269,0.291,0.198,0.906,25109
解放者杯,14.0,0.472,0.258,0.27,0.571,0.143,0.286,1.021,0.6,25109
足总杯,22.0,0.47,0.222,0.308,0.545,0.227,0.227,0.739,0.691,25109
金杯赛,20.0,0.525,0.21,0.265,0.45,0.35,0.2,2.42,0.298,25109
J2联赛,4.0,0.46,0.266,0.274,0.25,0.25,0.5,1.133,0.568,25110
J联赛,10.0,0.351,0.282,0.367,0.5,0.1,0.4,1.84,0.398,25110
世亚预,62.0,0.459,0.237,0.304,0.419,0.29,0.29,0.992,0.609,25110
世俱杯,63.0,0.436,0.223,0.341,0.476,0.254,0.27,1.454,0.483,25110
世南美预,32.0,0.452,0.27,0.278,0.531,0.406,0.062,7.989,0.018,25110
世欧预,32.0,0.487,0.183,0.33,0.594,0.094,0.312,2.174,0.337,25110
亚冠,36.0,0.504,0.222,0.274,0.583,0.222,0.194,1.277,0.528,25110
国王杯,5.0,0.452,0.247,0.301,0.0,0.4,0.6,4.223,0.121,25110
天皇杯,10.0,0.321,0.253,0.427,0.3,0.2,0.5,0.25,0.883,25110
奥运女足,2.0,0.349,0.264,0.387,0.0,0.0,1.0,3.166,0.205,25110
奥运男足,1.0,0.393,0.308,0.298,0.0,1.0,0.0,2.244,0.326,25110
德乙,65.0,0.425,0.253,0.322,0.477,0.169,0.354,2.415,0.299,25110
德国杯,18.0,0.436,0.214,0.35,0.667,0.111,0.222,3.912,0.141,25110
德甲,268.0,0.445,0.233,0.322,0.358,0.261,0.381,8.298,0.016,25110
德超杯,1.0,0.549,0.232,0.219,0.0,1.0,0.0,3.308,0.191,25110
意大利杯,19.0,0.573,0.228,0.198,0.579,0.158,0.263,0.815,0.665,25110
意甲,226.0,0.416,0.264,0.32,0.407,0.301,0.292,1.713,0.425,25110
意超杯,1.0,0.535,0.266,0.199,1.0,0.0,0.0,0.869,0.648,25110
挪超,72.0,0.459,0.237,0.304,0.486,0.236,0.278,0.273,0.872,25110
日联杯,9.0,0.339,0.286,0.375,0.333,0.222,0.444,0.247,0.884,25110
欧冠,199.0,0.458,0.229,0.313,0.477,0.186,0.337,2.175,0.337,25110
欧协联,70.0,0.469,0.239,0.292,0.443,0.229,0.329,0.448,0.799,25110
欧国联,135.0,0.446,0.249,0.306,0.43,0.252,0.319,0.154,0.926,25110
欧洲超级杯,1.0,0.615,0.211,0.174,1.0,0.0,0.0,0.627,0.731,25110
欧联,175.0,0.464,0.246,0.29,0.486,0.24,0.274,0.351,0.839,25110
法乙,119.0,0.418,0.281,0.301,0.462,0.277,0.261,1.203,0.548,25110
法国杯,6.0,0.489,0.241,0.271,0.667,0.333,0.0,2.228,0.328,25110
法甲,136.0,0.452,0.239,0.309,0.449,0.235,0.316,0.037,0.982,25110
瑞典超,64.0,0.442,0.243,0.314,0.484,0.203,0.312,0.682,0.711,25110
社区盾杯,1.0,0.508,0.243,0.249,0.0,1.0,0.0,3.117,0.21,25110
美职,43.0,0.466,0.248,0.286,0.349,0.326,0.326,2.537,0.281,25110
芬超,22.0,0.425,0.238,0.337,0.455,0.273,0.273,0.429,0.807,25110
英冠,127.0,0.428,0.272,0.3,0.457,0.197,0.346,3.751,0.153,25110
英甲,2.0,0.357,0.25,0.393,0.5,0.0,0.5,0.672,0.715,25110
英超,321.0,0.445,0.233,0.322,0.396,0.255,0.349,3.151,0.207,25110
荷乙,56.0,0.456,0.237,0.308,0.536,0.125,0.339,3.925,0.141,25110
荷兰杯,2.0,0.386,0.158,0.456,0.5,0.0,0.5,0.391,0.823,25110
荷甲,34.0,0.463,0.232,0.305,0.441,0.265,0.294,0.199,0.905,25110
葡超,53.0,0.446,0.245,0.309,0.358,0.321,0.321,2.169,0.338,25110
西甲,234.0,0.444,0.257,0.299,0.44,0.269,0.291,0.198,0.906,25110
解放者杯,14.0,0.472,0.258,0.27,0.571,0.143,0.286,1.021,0.6,25110
足总杯,22.0,0.47,0.222,0.308,0.545,0.227,0.227,0.739,0.691,25110
金杯赛,20.0,0.525,0.21,0.265,0.45,0.35,0.2,2.42,0.298,25110
J2联赛,4.0,0.46,0.266,0.274,0.25,0.25,0.5,1.133,0.568,25111
J联赛,10.0,0.351,0.282,0.367,0.5,0.1,0.4,1.84,0.398,25111
世亚预,62.0,0.459,0.237,0.304,0.419,0.29,0.29,0.992,0.609,25111
世俱杯,63.0,0.436,0.223,0.341,0.476,0.254,0.27,1.454,0.483,25111
世南美预,32.0,0.452,0.27,0.278,0.531,0.406,0.062,7.989,0.018,25111
世欧预,32.0,0.487,0.183,0.33,0.594,0.094,0.312,2.174,0.337,25111
亚冠,36.0,0.504,0.222,0.274,0.583,0.222,0.194,1.277,0.528,25111
国王杯,5.0,0.452,0.247,0.301,0.0,0.4,0.6,4.223,0.121,25111
天皇杯,10.0,0.321,0.253,0.427,0.3,0.2,0.5,0.25,0.883,25111
奥运女足,1.0,0.191,0.273,0.536,0.0,0.0,1.0,0.867,0.648,25111
德乙,63.0,0.425,0.252,0.323,0.476,0.159,0.365,2.926,0.232,25111
德国杯,18.0,0.436,0.214,0.35,0.667,0.111,0.222,3.912,0.141,25111
德甲,268.0,0.445,0.233,0.322,0.358,0.261,0.381,8.298,0.016,25111
德超杯,1.0,0.549,0.232,0.219,0.0,1.0,0.0,3.308,0.191,25111
意大利杯,19.0,0.573,0.228,0.198,0.579,0.158,0.263,0.815,0.665,25111
意甲,226.0,0.416,0.264,0.32,0.407,0.301,0.292,1.713,0.425,25111
意超杯,1.0,0.535,0.266,0.199,1.0,0.0,0.0,0.869,0.648,25111
挪超,74.0,0.453,0.237,0.31,0.486,0.23,0.284,0.363,0.834,25111
日联杯,9.0,0.339,0.286,0.375,0.333,0.222,0.444,0.247,0.884,25111
欧冠,199.0,0.458,0.229,0.313,0.477,0.186,0.337,2.175,0.337,25111
欧协联,70.0,0.469,0.239,0.292,0.443,0.229,0.329,0.448,0.799,25111
欧国联,135.0,0.446,0.249,0.306,0.43,0.252,0.319,0.154,0.926,25111
欧洲超级杯,1.0,0.615,0.211,0.174,1.0,0.0,0.0,0.627,0.731,25111
欧联,175.0,0.464,0.246,0.29,0.486,0.24,0.274,0.351,0.839,25111
法乙,119.0,0.418,0.281,0.301,0.462,0.277,0.261,1.203,0.548,25111
法国杯,6.0,0.489,0.241,0.271,0.667,0.333,0.0,2.228,0.328,25111
法甲,136.0,0.452,0.239,0.309,0.449,0.235,0.316,0.037,0.982,25111
瑞典超,68.0,0.434,0.245,0.321,0.456,0.235,0.309,0.129,0.938,25111
社区盾杯,2.0,0.353,0.235,0.411,0.0,1.0,0.0,6.503,0.039,25111
美职,43.0,0.466,0.248,0.286,0.349,0.326,0.326,2.537,0.281,25111
芬超,22.0,0.425,0.238,0.337,0.455,0.273,0.273,0.429,0.807,25111
英冠,125.0,0.429,0.271,0.299,0.456,0.2,0.344,3.386,0.184,25111
英甲,2.0,0.357,0.25,0.393,0.5,0.0,0.5,0.672,0.715,25111
英超,321.0,0.445,0.233,0.322,0.396,0.255,0.349,3.151,0.207,25111
荷乙,51.0,0.461,0.235,0.303,0.549,0.137,0.314,2.949,0.229,25111
荷兰杯,2.0,0.386,0.158,0.456,0.5,0.0,0.5,0.391,0.823,25111
荷甲,36.0,0.48,0.228,0.292,0.472,0.25,0.278,0.107,0.948,25111
葡超,55.0,0.443,0.249,0.308,0.382,0.309,0.309,1.25,0.535,25111
西甲,234.0,0.444,0.257,0.299,0.44,0.269,0.291,0.198,0.906,25111
解放者杯,14.0,0.472,0.258,0.27,0.571,0.143,0.286,1.021,0.6,25111
足总杯,22.0,0.47,0.222,0.308,0.545,0.227,0.227,0.739,0.691,25111
金杯赛,20.0,0.525,0.21,0.265,0.45,0.35,0.2,2.42,0.298,25111
J2联赛,4.0,0.46,0.266,0.274,0.25,0.25,0.5,1.133,0.568,25112
J联赛,10.0,0.351,0.282,0.367,0.5,0.1,0.4,1.84,0.398,25112
世亚预,62.0,0.459,0.237,0.304,0.419,0.29,0.29,0.992,0.609,25112
世俱杯,63.0,0.436,0.223,0.341,0.476,0.254,0.27,1.454,0.483,25112
世南美预,32.0,0.452,0.27,0.278,0.531,0.406,0.062,7.989,0.018,25112
世欧预,32.0,0.487,0.183,0.33,0.594,0.094,0.312,2.174,0.337,25112
亚冠,36.0,0.504,0.222,0.274,0.583,0.222,0.194,1.277,0.528,25112
国王杯,5.0,0.452,0.247,0.301,0.0,0.4,0.6,4.223,0.121,25112
天皇杯,10.0,0.321,0.253,0.427,0.3,0.2,0.5,0.25,0.883,25112
德乙,63.0,0.425,0.252,0.323,0.476,0.159,0.365,2.926,0.232,25112
德国杯,18.0,0.436,0.214,0.35,0.667,0.111,0.222,3.912,0.141,25112
德甲,268.0,0.445,0.233,0.322,0.358,0.261,0.381,8.298,0.016,25112
德超杯,1.0,0.549,0.232,0.219,0.0,1.0,0.0,3.308,0.191,25112
意大利杯,19.0,0.573,0.228,0.198,0.579,0.158,0.263,0.815,0.665,25112
意甲,226.0,0.416,0.264,0.32,0.407,0.301,0.292,1.713,0.425,25112
意超杯,1.0,0.535,0.266,0.199,1.0,0.0,0.0,0.869,0.648,25112
挪超,72.0,0.455,0.237,0.308,0.5,0.222,0.278,0.597,0.742,25112
日联杯,9.0,0.339,0.286,0.375,0.333,0.222,0.444,0.247,0.884,25112
欧冠,207.0,0.463,0.229,0.307,0.498,0.179,0.324,3.009,0.222,25112
欧协联,71.0,0.469,0.239,0.292,0.437,0.239,0.324,0.399,0.819,25112
欧国联,135.0,0.446,0.249,0.306,0.43,0.252,0.319,0.154,0.926,25112
欧洲超级杯,2.0,0.646,0.2,0.154,0.5,0.5,0.0,1.271,0.53,25112
欧联,175.0,0.464,0.246,0.29,0.486,0.24,0.274,0.351,0.839,25112
法乙,119.0,0.418,0.281,0.301,0.462,0.277,0.261,1.203,0.548,25112
法国杯,6.0,0.489,0.241,0.271,0.667,0.333,0.0,2.228,0.328,25112
法甲,136.0,0.452,0.239,0.309,0.449,0.235,0.316,0.037,0.982,25112
瑞典超,66.0,0.44,0.245,0.315,0.455,0.242,0.303,0.06,0.97,25112
社区盾杯,1.0,0.199,0.228,0.574,0.0,1.0,0.0,3.395,0.183,25112
美职,43.0,0.466,0.248,0.286,0.349,0.326,0.326,2.537,0.281,25112
芬超,22.0,0.425,0.238,0.337,0.455,0.273,0.273,0.429,0.807,25112
英冠,117.0,0.429,0.272,0.299,0.462,0.197,0.342,3.427,0.18,25112
英甲,2.0,0.357,0.25,0.393,0.5,0.0,0.5,0.672,0.715,25112
英联杯,4.0,0.402,0.247,0.35,0.5,0.5,0.0,2.529,0.282,25112
英超,321.0,0.445,0.233,0.322,0.396,0.255,0.349,3.151,0.207,25112
荷乙,51.0,0.461,0.235,0.303,0.549,0.137,0.314,2.949,0.229,25112
荷兰杯,2.0,0.386,0.158,0.456,0.5,0.0,0.5,0.391,0.823,25112
荷甲,36.0,0.48,0.228,0.292,0.472,0.25,0.278,0.107,0.948,25112
葡超,55.0,0.443,0.249,0.308,0.382,0.309,0.309,1.25,0.535,25112
西甲,234.0,0.444,0.257,0.299,0.44,0.269,0.291,0.198,0.906,25112
解放者杯,14.0,0.472,0.258,0.27,0.571,0.143,0.286,1.021,0.6,25112
足总杯,22.0,0.47,0.222,0.308,0.545,0.227,0.227,0.739,0.691,25112
金杯赛,20.0,0.525,0.21,0.265,0.45,0.35,0.2,2.42,0.298,25112
J2联赛,4.0,0.46,0.266,0.274,0.25,0.25,0.5,1.133,0.568,25113
J联赛,10.0,0.351,0.282,0.367,0.5,0.1,0.4,1.84,0.398,25113
世亚预,62.0,0.459,0.237,0.304,0.419,0.29,0.29,0.992,0.609,25113
世俱杯,63.0,0.436,0.223,0.341,0.476,0.254,0.27,1.454,0.483,25113
世南美预,32.0,0.452,0.27,0.278,0.531,0.406,0.062,7.989,0.018,25113
世欧预,32.0,0.487,0.183,0.33,0.594,0.094,0.312,2.174,0.337,25113
亚冠,36.0,0.504,0.222,0.274,0.583,0.222,0.194,1.277,0.528,25113
国王杯,5.0,0.452,0.247,0.301,0.0,0.4,0.6,4.223,0.121,25113
天皇杯,10.0,0.321,0.253,0.427,0.3,0.2,0.5,0.25,0.883,25113
德乙,63.0,0.425,0.252,0.323,0.476,0.159,0.365,2.926,0.232,25113
德国杯,18.0,0.436,0.214,0.35,0.667,0.111,0.222,3.912,0.141,25113
德甲,268.0,0.445,0.233,0.322,0.358,0.261,0.381,8.298,0.016,25113
德超杯,1.0,0.549,0.232,0.219,0.0,1.0,0.0,3.308,0.191,25113
意大利杯,19.0,0.573,0.228,0.198,0.579,0.158,0.263,0.815,0.665,25113
意甲,226.0,0.416,0.264,0.32,0.407,0.301,0.292,1.713,0.425,25113
意超杯,1.0,0.535,0.266,0.199,1.0,0.0,0.0,0.869,0.648,25113
挪超,69.0,0.459,0.236,0.306,0.507,0.217,0.275,0.662,0.718,25113
日联杯,9.0,0.339,0.286,0.375,0.333,0.222,0.444,0.247,0.884,25113
欧冠,207.0,0.463,0.229,0.307,0.498,0.179,0.324,3.009,0.222,25113
欧协联,78.0,0.474,0.238,0.289,0.423,0.244,0.333,0.978,0.613,25113
欧国联,135.0,0.446,0.249,0.306,0.43,0.252,0.319,0.154,0.926,25113
欧洲超级杯,2.0,0.646,0.2,0.154,0.5,0.5,0.0,1.271,0.53,25113
欧联,182.0,0.467,0.246,0.287,0.489,0.236,0.275,0.365,0.833,25113
法乙,119.0,0.418,0.281,0.301,0.462,0.277,0.261,1.203,0.548,25113
法国杯,6.0,0.489,0.241,0.271,0.667,0.333,0.0,2.228,0.328,25113
法甲,136.0,0.452,0.239,0.309,0.449,0.235,0.316,0.037,0.982,25113
瑞典超,63.0,0.434,0.246,0.32,0.429,0.254,0.317,0.024,0.988,25113
社区盾杯,1.0,0.199,0.228,0.574,0.0,1.0,0.0,3.395,0.183,25113
美职,43.0,0.466,0.248,0.286,0.349,0.326,0.326,2.537,0.281,25113
芬超,22.0,0.425,0.238,0.337,0.455,0.273,0.273,0.429,0.807,25113
英冠,116.0,0.428,0.272,0.3,0.457,0.198,0.345,3.313,0.191,25113
英甲,2.0,0.357,0.25,0.393,0.5,0.0,0.5,0.672,0.715,25113
英联杯,4.0,0.402,0.247,0.35,0.5,0.5,0.0,2.529,0.282,25113
英超,321.0,0.445,0.233,0.322,0.396,0.255,0.349,3.151,0.207,25113
荷乙,51.0,0.461,0.235,0.303,0.549,0.137,0.314,2.949,0.229,25113
荷兰杯,2.0,0.386,0.158,0.456,0.5,0.0,0.5,0.391,0.823,25113
荷甲,33.0,0.47,0.228,0.302,0.455,0.273,0.273,0.397,0.82,25113
葡超,51.0,0.447,0.249,0.304,0.392,0.314,0.294,1.234,0.539,25113
西甲,234.0,0.444,0.257,0.299,0.44,0.269,0.291,0.198,0.906,25113
解放者杯,14.0,0.472,0.258,0.27,0.571,0.143,0.286,1.021,0.6,25113
足总杯,22.0,0.47,0.222,0.308,0.545,0.227,0.227,0.739,0.691,25113
金杯赛,20.0,0.525,0.21,0.265,0.45,0.35,0.2,2.42,0.298,25113
J2联赛,4.0,0.46,0.266,0.274,0.25,0.25,0.5,1.133,0.568,25114
J联赛,10.0,0.351,0.282,0.367,0.5,0.1,0.4,1.84,0.398,25114
世亚预,62.0,0.459,0.237,0.304,0.419,0.29,0.29,0.992,0.609,25114
世俱杯,63.0,0.436,0.223,0.341,0.476,0.254,0.27,1.454,0.483,25114
世南美预,32.0,0.452,0.27,0.278,0.531,0.406,0.062,7.989,0.018,25114
世欧预,32.0,0.487,0.183,0.33,0.594,0.094,0.312,2.174,0.337,25114
亚冠,35.0,0.509,0.22,0.271,0.6,0.2,0.2,1.296,0.523,25114
国王杯,5.0,0.452,0.247,0.301,0.0,0.4,0.6,4.223,0.121,25114
天皇杯,10.0,0.321,0.253,0.427,0.3,0.2,0.5,0.25,0.883,25114
德乙,63.0,0.425,0.252,0.323,0.476,0.159,0.365,2.926,0.232,25114
德国杯,18.0,0.436,0.214,0.35,0.667,0.111,0.222,3.912,0.141,25114
德甲,268.0,0.445,0.233,0.322,0.358,0.261,0.381,8.298,0.016,25114
德超杯,1.0,0.549,0.232,0.219,0.0,1.0,0.0,3.308,0.191,25114
意大利杯,19.0,0.573,0.228,0.198,0.579,0.158,0.263,0.815,0.665,25114
意甲,226.0,0.416,0.264,0.32,0.407,0.301,0.292,1.713,0.425,25114
意超杯,1.0,0.535,0.266,0.199,1.0,0.0,0.0,0.869,0.648,25114
挪超,70.0,0.454,0.235,0.311,0.5,0.214,0.286,0.599,0.741,25114
日联杯,9.0,0.339,0.286,0.375,0.333,0.222,0.444,0.247,0.884,25114
欧冠,197.0,0.464,0.228,0.308,0.513,0.168,0.32,4.214,0.122,25114
欧协联,78.0,0.474,0.238,0.289,0.423,0.244,0.333,0.978,0.613,25114
欧国联,135.0,0.446,0.249,0.306,0.43,0.252,0.319,0.154,0.926,25114
欧洲超级杯,1.0,0.677,0.189,0.134,0.0,1.0,0.0,4.284,0.117,25114
欧联,182.0,0.467,0.246,0.287,0.489,0.236,0.275,0.365,0.833,25114
法乙,123.0,0.419,0.281,0.301,0.455,0.285,0.26,1.073,0.585,25114
法国杯,6.0,0.489,0.241,0.271,0.667,0.333,0.0,2.228,0.328,25114
法甲,137.0,0.45,0.24,0.31,0.453,0.234,0.314,0.028,0.986,25114
瑞典超,63.0,0.434,0.246,0.32,0.429,0.254,0.317,0.024,0.988,25114
社区盾杯,1.0,0.199,0.228,0.574,0.0,1.0,0.0,3.395,0.183,25114
美职,43.0,0.466,0.248,0.286,0.349,0.326,0.326,2.537,0.281,25114
芬超,23.0,0.427,0.239,0.334,0.435,0.304,0.261,0.787,0.675,25114
英冠,116.0,0.428,0.272,0.3,0.457,0.198,0.345,3.313,0.191,25114
英甲,2.0,0.357,0.25,0.393,0.5,0.0,0.5,0.672,0.715,25114
英联杯,4.0,0.402,0.247,0.35,0.5,0.5,0.0,2.529,0.282,25114
英超,322.0,0.446,0.233,0.321,0.398,0.255,0.348,3.033,0.219,25114
荷乙,53.0,0.464,0.235,0.301,0.566,0.132,0.302,3.585,0.167,25114
荷兰杯,2.0,0.386,0.158,0.456,0.5,0.0,0.5,0.391,0.823,25114
荷甲,34.0,0.467,0.23,0.303,0.441,0.265,0.294,0.242,0.886,25114
葡超,52.0,0.445,0.25,0.305,0.385,0.308,0.308,1.13,0.568,25114
西甲,236.0,0.445,0.257,0.298,0.441,0.267,0.292,0.128,0.938,25114
解放者杯,12.0,0.486,0.245,0.269,0.583,0.083,0.333,1.7,0.427,25114
足总杯,22.0,0.47,0.222,0.308,0.545,0.227,0.227,0.739,0.691,25114
金杯赛,20.0,0.525,0.21,0.265,0.45,0.35,0.2,2.42,0.298,25114
J2联赛,4.0,0.46,0.266,0.274,0.25,0.25,0.5,1.133,0.568,25115
J联赛,10.0,0.351,0.282,0.367,0.5,0.1,0.4,1.84,0.398,25115
世亚预,62.0,0.459,0.237,0.304,0.419,0.29,0.29,0.992,0.609,25115
世俱杯,63.0,0.436,0.223,0.341,0.476,0.254,0.27,1.454,0.483,25115
世南美预,32.0,0.452,0.27,0.278,0.531,0.406,0.062,7.989,0.018,25115
世欧预,32.0,0.487,0.183,0.33,0.594,0.094,0.312,2.174,0.337,25115
亚冠,35.0,0.509,0.22,0.271,0.6,0.2,0.2,1.296,0.523,25115
国王杯,5.0,0.452,0.247,0.301,0.0,0.4,0.6,4.223,0.121,25115
天皇杯,10.0,0.321,0.253,0.427,0.3,0.2,0.5,0.25,0.883,25115
德乙,63.0,0.425,0.252,0.323,0.476,0.159,0.365,2.926,0.232,25115
德国杯,18.0,0.436,0.214,0.35,0.667,0.111,0.222,3.912,0.141,25115
德甲,268.0,0.445,0.233,0.322,0.358,0.261,0.381,8.298,0.016,25115
德超杯,2.0,0.368,0.217,0.415,0.0,0.5,0.5,1.509,0.47,25115
意大利杯,19.0,0.573,0.228,0.198,0.579,0.158,0.263,0.815,0.665,25115
意甲,226.0,0.416,0.264,0.32,0.407,0.301,0.292,1.713,0.425,25115
意超杯,1.0,0.535,0.266,0.199,1.0,0.0,0.0,0.869,0.648,25115
挪超,70.0,0.454,0.235,0.311,0.5,0.214,0.286,0.599,0.741,25115
日联杯,9.0,0.339,0.286,0.375,0.333,0.222,0.444,0.247,0.884,25115
欧冠,197.0,0.464,0.228,0.308,0.513,0.168,0.32,4.214,0.122,25115
欧协联,74.0,0.472,0.237,0.291,0.432,0.243,0.324,0.538,0.764,25115
欧国联,135.0,0.446,0.249,0.306,0.43,0.252,0.319,0.154,0.926,25115
欧洲超级杯,1.0,0.677,0.189,0.134,0.0,1.0,0.0,4.284,0.117,25115
欧联,174.0,0.467,0.246,0.287,0.483,0.247,0.27,0.265,0.876,25115
法乙,123.0,0.419,0.281,0.301,0.455,0.285,0.26,1.073,0.585,25115
法国杯,6.0,0.489,0.241,0.271,0.667,0.333,0.0,2.228,0.328,25115
法甲,139.0,0.453,0.239,0.308,0.453,0.23,0.317,0.079,0.961,25115
瑞典超,63.0,0.434,0.246,0.32,0.429,0.254,0.317,0.024,0.988,25115
社区盾杯,1.0,0.199,0.228,0.574,0.0,1.0,0.0,3.395,0.183,25115
美职,43.0,0.466,0.248,0.286,0.349,0.326,0.326,2.537,0.281,25115
芬超,23.0,0.427,0.239,0.334,0.435,0.304,0.261,0.787,0.675,25115
英冠,116.0,0.428,0.272,0.3,0.457,0.198,0.345,3.313,0.191,25115
英甲,2.0,0.357,0.25,0.393,0.5,0.0,0.5,0.672,0.715,25115
英联杯,4.0,0.402,0.247,0.35,0.5,0.5,0.0,2.529,0.282,25115
英超,326.0,0.445,0.233,0.322,0.399,0.255,0.347,2.841,0.242,25115
荷乙,53.0,0.464,0.235,0.301,0.566,0.132,0.302,3.585,0.167,25115
荷兰杯,2.0,0.386,0.158,0.456,0.5,0.0,0.5,0.391,0.823,25115
荷甲,37.0,0.454,0.231,0.314,0.432,0.243,0.324,0.073,0.964,25115
葡超,53.0,0.447,0.25,0.303,0.396,0.302,0.302,0.874,0.646,25115
西甲,237.0,0.443,0.257,0.3,0.443,0.262,0.295,0.039,0.981,25115
解放者杯,12.0,0.486,0.245,0.269,0.583,0.083,0.333,1.7,0.427,25115
足总杯,22.0,0.47,0.222,0.308,0.545,0.227,0.227,0.739,0.691,25115
金杯赛,20.0,0.525,0.21,0.265,0.45,0.35,0.2,2.42,0.298,25115
J2联赛,4.0,0.46,0.266,0.274,0.25,0.25,0.5,1.133,0.568,25116
J联赛,10.0,0.351,0.282,0.367,0.5,0.1,0.4,1.84,0.398,25116
世亚预,62.0,0.459,0.237,0.304,0.419,0.29,0.29,0.992,0.609,25116
世俱杯,63.0,0.436,0.223,0.341,0.476,0.254,0.27,1.454,0.483,25116
世南美预,32.0,0.452,0.27,0.278,0.531,0.406,0.062,7.989,0.018,25116
世欧预,32.0,0.487,0.183,0.33,0.594,0.094,0.312,2.174,0.337,25116
亚冠,35.0,0.509,0.22,0.271,0.6,0.2,0.2,1.296,0.523,25116
国王杯,5.0,0.452,0.247,0.301,0.0,0.4,0.6,4.223,0.121,25116
天皇杯,10.0,0.321,0.253,0.427,0.3,0.2,0.5,0.25,0.883,25116
德乙,63.0,0.425,0.252,0.323,0.476,0.159,0.365,2.926,0.232,25116
德国杯,18.0,0.436,0.214,0.35,0.667,0.111,0.222,3.912,0.141,25116
德甲,268.0,0.445,0.233,0.322,0.358,0.261,0.381,8.298,0.016,25116
德超杯,2.0,0.368,0.217,0.415,0.0,0.5,0.5,1.509,0.47,25116
意大利杯,19.0,0.573,0.228,0.198,0.579,0.158,0.263,0.815,0.665,25116
意甲,226.0,0.416,0.264,0.32,0.407,0.301,0.292,1.713,0.425,25116
意超杯,1.0,0.535,0.266,0.199,1.0,0.0,0.0,0.869,0.648,25116
挪超,70.0,0.454,0.235,0.311,0.5,0.214,0.286,0.599,0.741,25116
日联杯,9.0,0.339,0.286,0.375,0.333,0.222,0.444,0.247,0.884,25116
欧冠,197.0,0.464,0.228,0.308,0.513,0.168,0.32,4.214,0.122,25116
欧协联,74.0,0.472,0.237,0.291,0.432,0.243,0.324,0.538,0.764,25116
欧国联,135.0,0.446,0.249,0.306,0.43,0.252,0.319,0.154,0.926,25116
欧洲超级杯,1.0,0.677,0.189,0.134,0.0,1.0,0.0,4.284,0.117,25116
欧联,174.0,0.467,0.246,0.287,0.483,0.247,0.27,0.265,0.876,25116
法乙,119.0,0.419,0.28,0.301,0.445,0.286,0.269,0.609,0.738,25116
法国杯,6.0,0.489,0.241,0.271,0.667,0.333,0.0,2.228,0.328,25116
法甲,143.0,0.449,0.24,0.311,0.455,0.231,0.315,0.068,0.967,25116
瑞典超,63.0,0.434,0.246,0.32,0.429,0.254,0.317,0.024,0.988,25116
社区盾杯,1.0,0.199,0.228,0.574,0.0,1.0,0.0,3.395,0.183,25116
美职,43.0,0.466,0.248,0.286,0.349,0.326,0.326,2.537,0.281,25116
芬超,23.0,0.427,0.239,0.334,0.435,0.304,0.261,0.787,0.675,25116
英冠,115.0,0.427,0.272,0.301,0.452,0.2,0.348,3.217,0.2,25116
英甲,2.0,0.357,0.25,0.393,0.5,0.0,0.5,0.672,0.715,25116
英联杯,4.0,0.402,0.247,0.35,0.5,0.5,0.0,2.529,0.282,25116
英超,328.0,0.444,0.233,0.322,0.396,0.256,0.348,3.094,0.213,25116
荷乙,51.0,0.465,0.235,0.3,0.569,0.137,0.294,3.243,0.198,25116
荷兰杯,2.0,0.386,0.158,0.456,0.5,0.0,0.5,0.391,0.823,25116
荷甲,38.0,0.443,0.231,0.326,0.421,0.263,0.316,0.226,0.893,25116
葡超,52.0,0.453,0.25,0.297,0.385,0.308,0.308,1.238,0.539,25116
西甲,238.0,0.443,0.257,0.3,0.445,0.256,0.298,0.006,0.997,25116
解放者杯,12.0,0.486,0.245,0.269,0.583,0.083,0.333,1.7,0.427,25116
足总杯,22.0,0.47,0.222,0.308,0.545,0.227,0.227,0.739,0.691,25116
金杯赛,20.0,0.525,0.21,0.265,0.45,0.35,0.2,2.42,0.298,25116
J2联赛,4.0,0.46,0.266,0.274,0.25,0.25,0.5,1.133,0.568,25117
J联赛,11.0,0.354,0.284,0.362,0.455,0.091,0.455,2.023,0.364,25117
世亚预,62.0,0.459,0.237,0.304,0.419,0.29,0.29,0.992,0.609,25117
世俱杯,63.0,0.436,0.223,0.341,0.476,0.254,0.27,1.454,0.483,25117
世南美预,32.0,0.452,0.27,0.278,0.531,0.406,0.062,7.989,0.018,25117
世欧预,32.0,0.487,0.183,0.33,0.594,0.094,0.312,2.174,0.337,25117
亚冠,35.0,0.509,0.22,0.271,0.6,0.2,0.2,1.296,0.523,25117
国王杯,5.0,0.452,0.247,0.301,0.0,0.4,0.6,4.223,0.121,25117
天皇杯,10.0,0.321,0.253,0.427,0.3,0.2,0.5,0.25,0.883,25117
德乙,63.0,0.425,0.252,0.323,0.476,0.159,0.365,2.926,0.232,25117
德国杯,18.0,0.436,0.214,0.35,0.667,0.111,0.222,3.912,0.141,25117
德甲,268.0,0.445,0.233,0.322,0.358,0.261,0.381,8.298,0.016,25117
德超杯,1.0,0.187,0.202,0.612,0.0,0.0,1.0,0.635,0.728,25117
意大利杯,19.0,0.573,0.228,0.198,0.579,0.158,0.263,0.815,0.665,25117
意甲,222.0,0.417,0.265,0.318,0.414,0.288,0.297,0.785,0.675,25117
意超杯,1.0,0.535,0.266,0.199,1.0,0.0,0.0,0.869,0.648,25117
挪超,70.0,0.454,0.235,0.311,0.5,0.214,0.286,0.599,0.741,25117
日联杯,9.0,0.339,0.286,0.375,0.333,0.222,0.444,0.247,0.884,25117
欧冠,204.0,0.466,0.228,0.306,0.5,0.176,0.324,3.069,0.216,25117
欧协联,74.0,0.472,0.237,0.291,0.432,0.243,0.324,0.538,0.764,25117
欧国联,135.0,0.446,0.249,0.306,0.43,0.252,0.319,0.154,0.926,25117
欧洲超级杯,1.0,0.677,0.189,0.134,0.0,1.0,0.0,4.284,0.117,25117
欧联,174.0,0.467,0.246,0.287,0.483,0.247,0.27,0.265,0.876,25117
法乙,119.0,0.419,0.28,0.301,0.445,0.286,0.269,0.609,0.738,25117
法国杯,6.0,0.489,0.241,0.271,0.667,0.333,0.0,2.228,0.328,25117
法甲,141.0,0.451,0.239,0.31,0.461,0.234,0.305,0.058,0.971,25117
瑞典超,63.0,0.434,0.246,0.32,0.429,0.254,0.317,0.024,0.988,25117
社区盾杯,1.0,0.199,0.228,0.574,0.0,1.0,0.0,3.395,0.183,25117
美职,43.0,0.466,0.248,0.286,0.349,0.326,0.326,2.537,0.281,25117
芬超,23.0,0.427,0.239,0.334,0.435,0.304,0.261,0.787,0.675,25117
英冠,115.0,0.427,0.272,0.301,0.452,0.2,0.348,3.217,0.2,25117
英甲,2.0,0.357,0.25,0.393,0.5,0.0,0.5,0.672,0.715,25117
英联杯,4.0,0.402,0.247,0.35,0.5,0.5,0.0,2.529,0.282,25117
英超,323.0,0.443,0.233,0.323,0.396,0.257,0.347,2.911,0.233,25117
荷乙,51.0,0.465,0.235,0.3,0.569,0.137,0.294,3.243,0.198,25117
荷兰杯,2.0,0.386,0.158,0.456,0.5,0.0,0.5,0.391,0.823,25117
荷甲,38.0,0.443,0.231,0.326,0.421,0.263,0.316,0.226,0.893,25117
葡超,52.0,0.453,0.25,0.297,0.385,0.308,0.308,1.238,0.539,25117
西甲,237.0,0.445,0.256,0.299,0.451,0.253,0.295,0.037,0.981,25117
解放者杯,17.0,0.49,0.256,0.254,0.529,0.176,0.294,0.58,0.748,25117
足总杯,22.0,0.47,0.222,0.308,0.545,0.227,0.227,0.739,0.691,25117
金杯赛,20.0,0.525,0.21,0.265,0.45,0.35,0.2,2.42,0.298,25117
J2联赛,4.0,0.46,0.266,0.274,0.25,0.25,0.5,1.133,0.568,25118
J联赛,11.0,0.354,0.284,0.362,0.455,0.091,0.455,2.023,0.364,25118
世亚预,62.0,0.459,0.237,0.304,0.419,0.29,0.29,0.992,0.609,25118
世俱杯,63.0,0.436,0.223,0.341,0.476,0.254,0.27,1.454,0.483,25118
世南美预,32.0,0.452,0.27,0.278,0.531,0.406,0.062,7.989,0.018,25118
世欧预,32.0,0.487,0.183,0.33,0.594,0.094,0.312,2.174,0.337,25118
亚冠,35.0,0.509,0.22,0.271,0.6,0.2,0.2,1.296,0.523,25118
国王杯,5.0,0.452,0.247,0.301,0.0,0.4,0.6,4.223,0.121,25118
天皇杯,10.0,0.321,0.253,0.427,0.3,0.2,0.5,0.25,0.883,25118
德乙,63.0,0.425,0.252,0.323,0.476,0.159,0.365,2.926,0.232,25118
德国杯,18.0,0.436,0.214,0.35,0.667,0.111,0.222,3.912,0.141,25118
德甲,268.0,0.445,0.233,0.322,0.358,0.261,0.381,8.298,0.016,25118
德超杯,1.0,0.187,0.202,0.612,0.0,0.0,1.0,0.635,0.728,25118
意大利杯,19.0,0.573,0.228,0.198,0.579,0.158,0.263,0.815,0.665,25118
意甲,218.0,0.417,0.265,0.318,0.413,0.284,0.303,0.489,0.783,25118
意超杯,1.0,0.535,0.266,0.199,1.0,0.0,0.0,0.869,0.648,25118
挪超,70.0,0.454,0.235,0.311,0.5,0.214,0.286,0.599,0.741,25118
日联杯,9.0,0.339,0.286,0.375,0.333,0.222,0.444,0.247,0.884,25118
欧冠,204.0,0.466,0.228,0.306,0.5,0.176,0.324,3.069,0.216,25118
欧协联,80.0,0.476,0.237,0.287,0.438,0.25,0.312,0.493,0.781,25118
欧国联,135.0,0.446,0.249,0.306,0.43,0.252,0.319,0.154,0.926,25118
欧洲超级杯,1.0,0.677,0.189,0.134,0.0,1.0,0.0,4.284,0.117,25118
欧联,182.0,0.462,0.246,0.292,0.484,0.242,0.275,0.381,0.826,25118
法乙,119.0,0.419,0.28,0.301,0.445,0.286,0.269,0.609,0.738,25118
法国杯,6.0,0.489,0.241,0.271,0.667,0.333,0.0,2.228,0.328,25118
法甲,136.0,0.454,0.238,0.308,0.463,0.228,0.309,0.084,0.959,25118
瑞典超,63.0,0.434,0.246,0.32,0.429,0.254,0.317,0.024,0.988,25118
社区盾杯,1.0,0.199,0.228,0.574,0.0,1.0,0.0,3.395,0.183,25118
美职,43.0,0.466,0.248,0.286,0.349,0.326,0.326,2.537,0.281,25118
芬超,23.0,0.427,0.239,0.334,0.435,0.304,0.261,0.787,0.675,25118
英冠,115.0,0.427,0.272,0.301,0.452,0.2,0.348,3.217,0.2,25118
英甲,2.0,0.357,0.25,0.393,0.5,0.0,0.5,0.672,0.715,25118
英联杯,4.0,0.402,0.247,0.35,0.5,0.5,0.0,2.529,0.282,25118
英超,321.0,0.444,0.233,0.323,0.396,0.259,0.346,3.105,0.212,25118
荷乙,51.0,0.465,0.235,0.3,0.569,0.137,0.294,3.243,0.198,25118
荷兰杯,2.0,0.386,0.158,0.456,0.5,0.0,0.5,0.391,0.823,25118
荷甲,37.0,0.45,0.232,0.318,0.405,0.27,0.324,0.407,0.816,25118
葡超,52.0,0.453,0.25,0.297,0.385,0.308,0.308,1.238,0.539,25118
西甲,235.0,0.446,0.256,0.298,0.455,0.251,0.294,0.08,0.961,25118
解放者杯,17.0,0.49,0.256,0.254,0.529,0.176,0.294,0.58,0.748,25118
足总杯,22.0,0.47,0.222,0.308,0.545,0.227,0.227,0.739,0.691,25118
金杯赛,20.0,0.525,0.21,0.265,0.45,0.35,0.2,2.42,0.298,25118
J2联赛,4.0,0.46,0.266,0.274,0.25,0.25,0.5,1.133,0.568,25119
J联赛,11.0,0.354,0.284,0.362,0.455,0.091,0.455,2.023,0.364,25119
世亚预,62.0,0.459,0.237,0.304,0.419,0.29,0.29,0.992,0.609,25119
世俱杯,63.0,0.436,0.223,0.341,0.476,0.254,0.27,1.454,0.483,25119
世南美预,32.0,0.452,0.27,0.278,0.531,0.406,0.062,7.989,0.018,25119
世欧预,32.0,0.487,0.183,0.33,0.594,0.094,0.312,2.174,0.337,25119
亚冠,35.0,0.509,0.22,0.271,0.6,0.2,0.2,1.296,0.523,25119
国王杯,5.0,0.452,0.247,0.301,0.0,0.4,0.6,4.223,0.121,25119
天皇杯,2.0,0.427,0.267,0.306,0.0,1.0,0.0,5.482,0.065,25119
德乙,65.0,0.425,0.253,0.322,0.492,0.154,0.354,3.42,0.181,25119
德国杯,18.0,0.436,0.214,0.35,0.667,0.111,0.222,3.912,0.141,25119
德甲,269.0,0.446,0.233,0.321,0.361,0.26,0.379,8.106,0.017,25119
德超杯,1.0,0.187,0.202,0.612,0.0,0.0,1.0,0.635,0.728,25119
意大利杯,19.0,0.573,0.228,0.198,0.579,0.158,0.263,0.815,0.665,25119
意甲,218.0,0.417,0.265,0.318,0.413,0.284,0.303,0.489,0.783,25119
意超杯,1.0,0.535,0.266,0.199,1.0,0.0,0.0,0.869,0.648,25119
挪超,71.0,0.456,0.235,0.309,0.493,0.225,0.282,0.42,0.811,25119
日联杯,9.0,0.339,0.286,0.375,0.333,0.222,0.444,0.247,0.884,25119
欧冠,198.0,0.467,0.227,0.306,0.5,0.177,0.323,2.851,0.24,25119
欧协联,80.0,0.476,0.237,0.287,0.438,0.25,0.312,0.493,0.781,25119
欧国联,135.0,0.446,0.249,0.306,0.43,0.252,0.319,0.154,0.926,25119
欧洲超级杯,1.0,0.677,0.189,0.134,0.0,1.0,0.0,4.284,0.117,25119
欧联,182.0,0.462,0.246,0.292,0.484,0.242,0.275,0.381,0.826,25119
法乙,123.0,0.418,0.28,0.302,0.439,0.285,0.276,0.397,0.82,25119
法国杯,6.0,0.489,0.241,0.271,0.667,0.333,0.0,2.228,0.328,25119
法甲,137.0,0.457,0.237,0.306,0.467,0.226,0.307,0.094,0.954,25119
瑞典超,63.0,0.434,0.246,0.32,0.429,0.254,0.317,0.024,0.988,25119
社区盾杯,1.0,0.199,0.228,0.574,0.0,1.0,0.0,3.395,0.183,25119
美职,43.0,0.466,0.248,0.286,0.349,0.326,0.326,2.537,0.281,25119
芬超,24.0,0.433,0.238,0.329,0.458,0.292,0.25,0.776,0.678,25119
英冠,116.0,0.426,0.272,0.302,0.448,0.207,0.345,2.688,0.261,25119
英甲,2.0,0.357,0.25,0.393,0.5,0.0,0.5,0.672,0.715,25119
英联杯,4.0,0.402,0.247,0.35,0.5,0.5,0.0,2.529,0.282,25119
英超,322.0,0.443,0.233,0.323,0.394,0.258,0.348,3.154,0.207,25119
荷乙,52.0,0.466,0.235,0.299,0.577,0.135,0.288,3.639,0.162,25119
荷兰杯,2.0,0.386,0.158,0.456,0.5,0.0,0.5,0.391,0.823,25119
荷甲,37.0,0.45,0.232,0.318,0.405,0.27,0.324,0.407,0.816,25119
葡超,52.0,0.453,0.25,0.297,0.385,0.308,0.308,1.238,0.539,25119
西甲,236.0,0.446,0.256,0.297,0.458,0.25,0.292,0.12,0.942,25119
解放者杯,17.0,0.49,0.256,0.254,0.529,0.176,0.294,0.58,0.748,25119
足总杯,22.0,0.47,0.222,0.308,0.545,0.227,0.227,0.739,0.691,25119
金杯赛,20.0,0.525,0.21,0.265,0.45,0.35,0.2,2.42,0.298,25119
J2联赛,4.0,0.46,0.266,0.274,0.25,0.25,0.5,1.133,0.568,25120
J联赛,11.0,0.354,0.284,0.362,0.455,0.091,0.455,2.023,0.364,25120
世亚预,62.0,0.459,0.237,0.304,0.419,0.29,0.29,0.992,0.609,25120
世俱杯,63.0,0.436,0.223,0.341,0.476,0.254,0.27,1.454,0.483,25120
世南美预,32.0,0.452,0.27,0.278,0.531,0.406,0.062,7.989,0.018,25120
世欧预,32.0,0.487,0.183,0.33,0.594,0.094,0.312,2.174,0.337,25120
亚冠,35.0,0.509,0.22,0.271,0.6,0.2,0.2,1.296,0.523,25120
国王杯,5.0,0.452,0.247,0.301,0.0,0.4,0.6,4.223,0.121,25120
天皇杯,2.0,0.427,0.267,0.306,0.0,1.0,0.0,5.482,0.065,25120
德乙,65.0,0.425,0.253,0.322,0.492,0.154,0.354,3.42,0.181,25120
德国杯,18.0,0.436,0.214,0.35,0.667,0.111,0.222,3.912,0.141,25120
德甲,275.0,0.445,0.233,0.321,0.36,0.258,0.382,8.348,0.015,25120
德超杯,1.0,0.187,0.202,0.612,0.0,0.0,1.0,0.635,0.728,25120
意大利杯,19.0,0.573,0.228,0.198,0.579,0.158,0.263,0.815,0.665,25120
意甲,219.0,0.416,0.265,0.319,0.411,0.283,0.306,0.418,0.812,25120
意超杯,1.0,0.535,0.266,0.199,1.0,0.0,0.0,0.869,0.648,25120
挪超,71.0,0.456,0.235,0.309,0.493,0.225,0.282,0.42,0.811,25120
日联杯,9.0,0.339,0.286,0.375,0.333,0.222,0.444,0.247,0.884,25120
欧冠,198.0,0.467,0.227,0.306,0.5,0.177,0.323,2.851,0.24,25120
欧协联,73.0,0.469,0.238,0.292,0.425,0.26,0.315,0.59,0.745,25120
欧国联,135.0,0.446,0.249,0.306,0.43,0.252,0.319,0.154,0.926,25120
欧洲超级杯,1.0,0.677,0.189,0.134,0.0,1.0,0.0,4.284,0.117,25120
欧联,175.0,0.46,0.247,0.294,0.486,0.24,0.274,0.51,0.775,25120
法乙,123.0,0.418,0.28,0.302,0.439,0.285,0.276,0.397,0.82,25120
法国杯,6.0,0.489,0.241,0.271,0.667,0.333,0.0,2.228,0.328,25120
法甲,137.0,0.457,0.237,0.306,0.467,0.226,0.307,0.094,0.954,25120
瑞典超,63.0,0.434,0.246,0.32,0.429,0.254,0.317,0.024,0.988,25120
社区盾杯,1.0,0.199,0.228,0.574,0.0,1.0,0.0,3.395,0.183,25120
美职,43.0,0.466,0.248,0.286,0.349,0.326,0.326,2.537,0.281,25120
芬超,24.0,0.433,0.238,0.329,0.458,0.292,0.25,0.776,0.678,25120
英冠,116.0,0.426,0.272,0.302,0.448,0.207,0.345,2.688,0.261,25120
英甲,2.0,0.357,0.25,0.393,0.5,0.0,0.5,0.672,0.715,25120
英联杯,4.0,0.402,0.247,0.35,0.5,0.5,0.0,2.529,0.282,25120
英超,326.0,0.444,0.234,0.323,0.402,0.255,0.344,2.351,0.309,25120
荷乙,52.0,0.466,0.235,0.299,0.577,0.135,0.288,3.639,0.162,25120
荷兰杯,2.0,0.386,0.158,0.456,0.5,0.0,0.5,0.391,0.823,25120
荷甲,37.0,0.45,0.232,0.318,0.405,0.27,0.324,0.407,0.816,25120
葡超,52.0,0.453,0.25,0.297,0.385,0.308,0.308,1.238,0.539,25120
西甲,239.0,0.446,0.255,0.299,0.452,0.255,0.293,0.05,0.975,25120
解放者杯,17.0,0.49,0.256,0.254,0.529,0.176,0.294,0.58,0.748,25120
足总杯,22.0,0.47,0.222,0.308,0.545,0.227,0.227,0.739,0.691,25120
金杯赛,20.0,0.525,0.21,0.265,0.45,0.35,0.2,2.42,0.298,25120
J2联赛,4.0,0.46,0.266,0.274,0.25,0.25,0.5,1.133,0.568,25121
J联赛,11.0,0.354,0.284,0.362,0.455,0.091,0.455,2.023,0.364,25121
世亚预,62.0,0.459,0.237,0.304,0.419,0.29,0.29,0.992,0.609,25121
世俱杯,63.0,0.436,0.223,0.341,0.476,0.254,0.27,1.454,0.483,25121
世南美预,32.0,0.452,0.27,0.278,0.531,0.406,0.062,7.989,0.018,25121
世欧预,32.0,0.487,0.183,0.33,0.594,0.094,0.312,2.174,0.337,25121
亚冠,35.0,0.509,0.22,0.271,0.6,0.2,0.2,1.296,0.523,25121
国王杯,5.0,0.452,0.247,0.301,0.0,0.4,0.6,4.223,0.121,25121
天皇杯,2.0,0.427,0.267,0.306,0.0,1.0,0.0,5.482,0.065,25121
德乙,63.0,0.424,0.253,0.323,0.476,0.159,0.365,2.978,0.226,25121
德国杯,18.0,0.436,0.214,0.35,0.667,0.111,0.222,3.912,0.141,25121
德甲,276.0,0.447,0.234,0.32,0.359,0.261,0.38,8.819,0.012,25121
德超杯,1.0,0.187,0.202,0.612,0.0,0.0,1.0,0.635,0.728,25121
意大利杯,19.0,0.573,0.228,0.198,0.579,0.158,0.263,0.815,0.665,25121
意甲,223.0,0.418,0.264,0.318,0.413,0.287,0.3,0.658,0.72,25121
意超杯,1.0,0.535,0.266,0.199,1.0,0.0,0.0,0.869,0.648,25121
挪超,71.0,0.456,0.235,0.309,0.493,0.225,0.282,0.42,0.811,25121
日联杯,9.0,0.339,0.286,0.375,0.333,0.222,0.444,0.247,0.884,25121
欧冠,198.0,0.467,0.227,0.306,0.5,0.177,0.323,2.851,0.24,25121
欧协联,73.0,0.469,0.238,0.292,0.425,0.26,0.315,0.59,0.745,25121
欧国联,135.0,0.446,0.249,0.306,0.43,0.252,0.319,0.154,0.926,25121
欧洲超级杯,1.0,0.677,0.189,0.134,0.0,1.0,0.0,4.284,0.117,25121
欧联,175.0,0.46,0.247,0.294,0.486,0.24,0.274,0.51,0.775,25121
法乙,117.0,0.42,0.28,0.3,0.444,0.299,0.256,1.07,0.586,25121
法国杯,6.0,0.489,0.241,0.271,0.667,0.333,0.0,2.228,0.328,25121
法甲,137.0,0.454,0.238,0.308,0.467,0.226,0.307,0.131,0.937,25121
瑞典超,63.0,0.434,0.246,0.32,0.429,0.254,0.317,0.024,0.988,25121
社区盾杯,1.0,0.199,0.228,0.574,0.0,1.0,0.0,3.395,0.183,25121
美职,43.0,0.466,0.248,0.286,0.349,0.326,0.326,2.537,0.281,25121
芬超,24.0,0.433,0.238,0.329,0.458,0.292,0.25,0.776,0.678,25121
英冠,115.0,0.428,0.272,0.3,0.452,0.209,0.339,2.47,0.291,25121
英甲,2.0,0.357,0.25,0.393,0.5,0.0,0.5,0.672,0.715,25121
英联杯,4.0,0.402,0.247,0.35,0.5,0.5,0.0,2.529,0.282,25121
英超,329.0,0.443,0.234,0.323,0.401,0.258,0.34,2.418,0.298,25121
荷乙,52.0,0.466,0.235,0.299,0.577,0.135,0.288,3.639,0.162,25121
荷兰杯,2.0,0.386,0.158,0.456,0.5,0.0,0.5,0.391,0.823,25121
荷甲,37.0,0.45,0.232,0.318,0.405,0.27,0.324,0.407,0.816,25121
葡超,51.0,0.46,0.253,0.287,0.392,0.314,0.294,1.273,0.529,25121
西甲,241.0,0.445,0.255,0.3,0.452,0.257,0.29,0.101,0.951,25121
解放者杯,17.0,0.49,0.256,0.254,0.529,0.176,0.294,0.58,0.748,25121
足总杯,22.0,0.47,0.222,0.308,0.545,0.227,0.227,0.739,0.691,25121
金杯赛,20.0,0.525,0.21,0.265,0.45,0.35,0.2,2.42,0.298,25121
J2联赛,4.0,0.46,0.266,0.274,0.25,0.25,0.5,1.133,0.568,25122
J联赛,11.0,0.354,0.284,0.362,0.455,0.091,0.455,2.023,0.364,25122
世亚预,62.0,0.459,0.237,0.304,0.419,0.29,0.29,0.992,0.609,25122
世俱杯,63.0,0.436,0.223,0.341,0.476,0.254,0.27,1.454,0.483,25122
世南美预,32.0,0.452,0.27,0.278,0.531,0.406,0.062,7.989,0.018,25122
世欧预,32.0,0.487,0.183,0.33,0.594,0.094,0.312,2.174,0.337,25122
亚冠,35.0,0.509,0.22,0.271,0.6,0.2,0.2,1.296,0.523,25122
国王杯,5.0,0.452,0.247,0.301,0.0,0.4,0.6,4.223,0.121,25122
天皇杯,2.0,0.427,0.267,0.306,0.0,1.0,0.0,5.482,0.065,25122
德乙,63.0,0.424,0.253,0.323,0.476,0.159,0.365,2.978,0.226,25122
德国杯,18.0,0.436,0.214,0.35,0.667,0.111,0.222,3.912,0.141,25122
德甲,270.0,0.445,0.234,0.321,0.352,0.259,0.389,9.915,0.007,25122
德超杯,1.0,0.187,0.202,0.612,0.0,0.0,1.0,0.635,0.728,25122
意大利杯,19.0,0.573,0.228,0.198,0.579,0.158,0.263,0.815,0.665,25122
意甲,223.0,0.418,0.264,0.318,0.413,0.287,0.3,0.658,0.72,25122
意超杯,1.0,0.535,0.266,0.199,1.0,0.0,0.0,0.869,0.648,25122
挪超,71.0,0.456,0.235,0.309,0.493,0.225,0.282,0.42,0.811,25122
日联杯,9.0,0.339,0.286,0.375,0.333,0.222,0.444,0.247,0.884,25122
欧冠,205.0,0.466,0.227,0.307,0.502,0.18,0.317,2.637,0.268,25122
欧协联,73.0,0.469,0.238,0.292,0.425,0.26,0.315,0.59,0.745,25122
欧国联,135.0,0.446,0.249,0.306,0.43,0.252,0.319,0.154,0.926,25122
欧洲超级杯,1.0,0.677,0.189,0.134,0.0,1.0,0.0,4.284,0.117,25122
欧联,176.0,0.46,0.247,0.294,0.483,0.239,0.278,0.396,0.82,25122
法乙,117.0,0.42,0.28,0.3,0.444,0.299,0.256,1.07,0.586,25122
法国杯,6.0,0.489,0.241,0.271,0.667,0.333,0.0,2.228,0.328,25122
法甲,137.0,0.454,0.238,0.308,0.467,0.226,0.307,0.131,0.937,25122
瑞典超,63.0,0.434,0.246,0.32,0.429,0.254,0.317,0.024,0.988,25122
社区盾杯,1.0,0.199,0.228,0.574,0.0,1.0,0.0,3.395,0.183,25122
美职,43.0,0.466,0.248,0.286,0.349,0.326,0.326,2.537,0.281,25122
芬超,24.0,0.433,0.238,0.329,0.458,0.292,0.25,0.776,0.678,25122
英冠,115.0,0.428,0.272,0.3,0.452,0.209,0.339,2.47,0.291,25122
英甲,2.0,0.357,0.25,0.393,0.5,0.0,0.5,0.672,0.715,25122
英联杯,9.0,0.451,0.246,0.303,0.667,0.222,0.111,2.04,0.361,25122
英超,323.0,0.441,0.234,0.325,0.399,0.263,0.337,2.585,0.275,25122
荷乙,52.0,0.466,0.235,0.299,0.577,0.135,0.288,3.639,0.162,25122
荷兰杯,2.0,0.386,0.158,0.456,0.5,0.0,0.5,0.391,0.823,25122
荷甲,37.0,0.45,0.232,0.318,0.405,0.27,0.324,0.407,0.816,25122
葡超,51.0,0.46,0.253,0.287,0.392,0.314,0.294,1.273,0.529,25122
西甲,240.0,0.445,0.255,0.3,0.45,0.262,0.288,0.183,0.913,25122
解放者杯,17.0,0.49,0.256,0.254,0.529,0.176,0.294,0.58,0.748,25122
足总杯,22.0,0.47,0.222,0.308,0.545,0.227,0.227,0.739,0.691,25122
金杯赛,20.0,0.525,0.21,0.265,0.45,0.35,0.2,2.42,0.298,25122
J2联赛,4.0,0.46,0.266,0.274,0.25,0.25,0.5,1.133,0.568,25123
J联赛,11.0,0.354,0.284,0.362,0.455,0.091,0.455,2.023,0.364,25123
世亚预,62.0,0.459,0.237,0.304,0.419,0.29,0.29,0.992,0.609,25123
世俱杯,63.0,0.436,0.223,0.341,0.476,0.254,0.27,1.454,0.483,25123
世南美预,32.0,0.452,0.27,0.278,0.531,0.406,0.062,7.989,0.018,25123
世欧预,32.0,0.487,0.183,0.33,0.594,0.094,0.312,2.174,0.337,25123
亚冠,35.0,0.509,0.22,0.271,0.6,0.2,0.2,1.296,0.523,25123
国王杯,5.0,0.452,0.247,0.301,0.0,0.4,0.6,4.223,0.121,25123
天皇杯,2.0,0.427,0.267,0.306,0.0,1.0,0.0,5.482,0.065,25123
德乙,63.0,0.424,0.253,0.323,0.476,0.159,0.365,2.978,0.226,25123
德国杯,18.0,0.436,0.214,0.35,0.667,0.111,0.222,3.912,0.141,25123
德甲,268.0,0.446,0.234,0.32,0.354,0.261,0.384,9.371,0.009,25123
德超杯,1.0,0.187,0.202,0.612,0.0,0.0,1.0,0.635,0.728,25123
意大利杯,19.0,0.573,0.228,0.198,0.579,0.158,0.263,0.815,0.665,25123
意甲,219.0,0.416,0.265,0.319,0.411,0.288,0.301,0.673,0.714,25123
意超杯,1.0,0.535,0.266,0.199,1.0,0.0,0.0,0.869,0.648,25123
挪超,71.0,0.456,0.235,0.309,0.493,0.225,0.282,0.42,0.811,25123
日联杯,9.0,0.339,0.286,0.375,0.333,0.222,0.444,0.247,0.884,25123
欧冠,205.0,0.466,0.227,0.307,0.502,0.18,0.317,2.637,0.268,25123
欧协联,80.0,0.466,0.239,0.296,0.438,0.262,0.3,0.334,0.846,25123
欧国联,135.0,0.446,0.249,0.306,0.43,0.252,0.319,0.154,0.926,25123
欧洲超级杯,1.0,0.677,0.189,0.134,0.0,1.0,0.0,4.284,0.117,25123
欧联,183.0,0.466,0.245,0.29,0.492,0.235,0.273,0.513,0.774,25123
法乙,117.0,0.42,0.28,0.3,0.444,0.299,0.256,1.07,0.586,25123
法国杯,6.0,0.489,0.241,0.271,0.667,0.333,0.0,2.228,0.328,25123
法甲,135.0,0.452,0.238,0.31,0.467,0.222,0.311,0.209,0.901,25123
瑞典超,63.0,0.434,0.246,0.32,0.429,0.254,0.317,0.024,0.988,25123
社区盾杯,1.0,0.199,0.228,0.574,0.0,1.0,0.0,3.395,0.183,25123
美职,43.0,0.466,0.248,0.286,0.349,0.326,0.326,2.537,0.281,25123
芬超,24.0,0.433,0.238,0.329,0.458,0.292,0.25,0.776,0.678,25123
英冠,115.0,0.428,0.272,0.3,0.452,0.209,0.339,2.47,0.291,25123
英甲,2.0,0.357,0.25,0.393,0.5,0.0,0.5,0.672,0.715,25123
英联杯,9.0,0.451,0.246,0.303,0.667,0.222,0.111,2.04,0.361,25123
英超,320.0,0.441,0.235,0.325,0.4,0.262,0.338,2.444,0.295,25123
荷乙,52.0,0.466,0.235,0.299,0.577,0.135,0.288,3.639,0.162,25123
荷兰杯,2.0,0.386,0.158,0.456,0.5,0.0,0.5,0.391,0.823,25123
荷甲,37.0,0.45,0.232,0.318,0.405,0.27,0.324,0.407,0.816,25123
葡超,51.0,0.46,0.253,0.287,0.392,0.314,0.294,1.273,0.529,25123
西甲,237.0,0.443,0.256,0.301,0.447,0.262,0.291,0.125,0.939,25123
解放者杯,17.0,0.49,0.256,0.254,0.529,0.176,0.294,0.58,0.748,25123
足总杯,22.0,0.47,0.222,0.308,0.545,0.227,0.227,0.739,0.691,25123
金杯赛,20.0,0.525,0.21,0.265,0.45,0.35,0.2,2.42,0.298,25123
J2联赛,4.0,0.46,0.266,0.274,0.25,0.25,0.5,1.133,0.568,25124
J联赛,11.0,0.354,0.284,0.362,0.455,0.091,0.455,2.023,0.364,25124
世亚预,62.0,0.459,0.237,0.304,0.419,0.29,0.29,0.992,0.609,25124
世俱杯,63.0,0.436,0.223,0.341,0.476,0.254,0.27,1.454,0.483,25124
世南美预,32.0,0.452,0.27,0.278,0.531,0.406,0.062,7.989,0.018,25124
世欧预,32.0,0.487,0.183,0.33,0.594,0.094,0.312,2.174,0.337,25124
亚冠,35.0,0.509,0.22,0.271,0.6,0.2,0.2,1.296,0.523,25124
国王杯,5.0,0.452,0.247,0.301,0.0,0.4,0.6,4.223,0.121,25124
天皇杯,2.0,0.427,0.267,0.306,0.0,1.0,0.0,5.482,0.065,25124
德乙,65.0,0.422,0.254,0.324,0.462,0.169,0.369,2.469,0.291,25124
德国杯,18.0,0.436,0.214,0.35,0.667,0.111,0.222,3.912,0.141,25124
德甲,269.0,0.446,0.234,0.32,0.353,0.26,0.387,9.711,0.008,25124
德超杯,1.0,0.187,0.202,0.612,0.0,0.0,1.0,0.635,0.728,25124
意大利杯,19.0,0.573,0.228,0.198,0.579,0.158,0.263,0.815,0.665,25124
意甲,221.0,0.415,0.265,0.321,0.412,0.285,0.303,0.561,0.755,25124
意超杯,1.0,0.535,0.266,0.199,1.0,0.0,0.0,0.869,0.648,25124
挪超,71.0,0.456,0.235,0.309,0.493,0.225,0.282,0.42,0.811,25124
日联杯,9.0,0.339,0.286,0.375,0.333,0.222,0.444,0.247,0.884,25124
欧冠,199.0,0.465,0.227,0.308,0.497,0.181,0.322,2.421,0.298,25124
欧协联,79.0,0.464,0.239,0.297,0.43,0.266,0.304,0.442,0.802,25124
欧国联,135.0,0.446,0.249,0.306,0.43,0.252,0.319,0.154,0.926,25124
欧洲超级杯,1.0,0.677,0.189,0.134,0.0,1.0,0.0,4.284,0.117,25124
欧联,183.0,0.466,0.245,0.29,0.492,0.235,0.273,0.513,0.774,25124
法乙,120.0,0.422,0.28,0.298,0.442,0.308,0.25,1.391,0.499,25124
法国杯,6.0,0.489,0.241,0.271,0.667,0.333,0.0,2.228,0.328,25124
法甲,136.0,0.452,0.238,0.31,0.471,0.221,0.309,0.281,0.869,25124
瑞典超,63.0,0.434,0.246,0.32,0.429,0.254,0.317,0.024,0.988,25124
社区盾杯,1.0,0.199,0.228,0.574,0.0,1.0,0.0,3.395,0.183,25124
美职,42.0,0.468,0.248,0.284,0.357,0.333,0.31,2.416,0.299,25124
芬超,24.0,0.433,0.238,0.329,0.458,0.292,0.25,0.776,0.678,25124
英冠,116.0,0.427,0.273,0.3,0.457,0.207,0.336,2.583,0.275,25124
英甲,2.0,0.357,0.25,0.393,0.5,0.0,0.5,0.672,0.715,25124
英联杯,9.0,0.451,0.246,0.303,0.667,0.222,0.111,2.04,0.361,25124
英超,320.0,0.441,0.235,0.325,0.4,0.262,0.338,2.444,0.295,25124
荷乙,52.0,0.466,0.235,0.299,0.577,0.135,0.288,3.639,0.162,25124
荷兰杯,2.0,0.386,0.158,0.456,0.5,0.0,0.5,0.391,0.823,25124
荷甲,38.0,0.454,0.232,0.314,0.421,0.263,0.316,0.249,0.883,25124
葡超,52.0,0.459,0.254,0.287,0.404,0.308,0.288,0.922,0.631,25124
西甲,233.0,0.442,0.256,0.302,0.459,0.253,0.288,0.335,0.846,25124
解放者杯,17.0,0.49,0.256,0.254,0.529,0.176,0.294,0.58,0.748,25124
足总杯,22.0,0.47,0.222,0.308,0.545,0.227,0.227,0.739,0.691,25124
金杯赛,20.0,0.525,0.21,0.265,0.45,0.35,0.2,2.42,0.298,25124
J2联赛,4.0,0.46,0.266,0.274,0.25,0.25,0.5,1.133,0.568,25125
J联赛,11.0,0.354,0.284,0.362,0.455,0.091,0.455,2.023,0.364,25125
世亚预,62.0,0.459,0.237,0.304,0.419,0.29,0.29,0.992,0.609,25125
世俱杯,63.0,0.436,0.223,0.341,0.476,0.254,0.27,1.454,0.483,25125
世南美预,32.0,0.452,0.27,0.278,0.531,0.406,0.062,7.989,0.018,25125
世欧预,32.0,0.487,0.183,0.33,0.594,0.094,0.312,2.174,0.337,25125
亚冠,35.0,0.509,0.22,0.271,0.6,0.2,0.2,1.296,0.523,25125
国王杯,5.0,0.452,0.247,0.301,0.0,0.4,0.6,4.223,0.121,25125
天皇杯,2.0,0.427,0.267,0.306,0.0,1.0,0.0,5.482,0.065,25125
德乙,65.0,0.422,0.254,0.324,0.462,0.169,0.369,2.469,0.291,25125
德国杯,18.0,0.436,0.214,0.35,0.667,0.111,0.222,3.912,0.141,25125
德甲,274.0,0.445,0.234,0.321,0.354,0.259,0.387,9.513,0.009,25125
德超杯,1.0,0.187,0.202,0.612,0.0,0.0,1.0,0.635,0.728,25125
意大利杯,19.0,0.573,0.228,0.198,0.579,0.158,0.263,0.815,0.665,25125
意甲,222.0,0.414,0.265,0.321,0.414,0.284,0.302,0.547,0.761,25125
意超杯,1.0,0.535,0.266,0.199,1.0,0.0,0.0,0.869,0.648,25125
挪超,71.0,0.456,0.235,0.309,0.493,0.225,0.282,0.42,0.811,25125
日联杯,9.0,0.339,0.286,0.375,0.333,0.222,0.444,0.247,0.884,25125
欧冠,199.0,0.465,0.227,0.308,0.497,0.181,0.322,2.421,0.298,25125
欧协联,74.0,0.473,0.238,0.289,0.419,0.27,0.311,0.894,0.639,25125
欧国联,135.0,0.446,0.249,0.306,0.43,0.252,0.319,0.154,0.926,25125
欧洲超级杯,1.0,0.677,0.189,0.134,0.0,1.0,0.0,4.284,0.117,25125
欧联,176.0,0.467,0.245,0.288,0.494,0.239,0.267,0.588,0.745,25125
法乙,120.0,0.422,0.28,0.298,0.442,0.308,0.25,1.391,0.499,25125
法国杯,6.0,0.489,0.241,0.271,0.667,0.333,0.0,2.228,0.328,25125
法甲,136.0,0.452,0.238,0.31,0.471,0.221,0.309,0.281,0.869,25125
瑞典超,63.0,0.434,0.246,0.32,0.429,0.254,0.317,0.024,0.988,25125
社区盾杯,1.0,0.199,0.228,0.574,0.0,1.0,0.0,3.395,0.183,25125
美职,42.0,0.468,0.248,0.284,0.357,0.333,0.31,2.416,0.299,25125
芬超,24.0,0.433,0.238,0.329,0.458,0.292,0.25,0.776,0.678,25125
英冠,116.0,0.427,0.273,0.3,0.457,0.207,0.336,2.583,0.275,25125
英甲,2.0,0.357,0.25,0.393,0.5,0.0,0.5,0.672,0.715,25125
英联杯,9.0,0.451,0.246,0.303,0.667,0.222,0.111,2.04,0.361,25125
英超,325.0,0.44,0.235,0.325,0.4,0.262,0.338,2.376,0.305,25125
荷乙,52.0,0.466,0.235,0.299,0.577,0.135,0.288,3.639,0.162,25125
荷兰杯,2.0,0.386,0.158,0.456,0.5,0.0,0.5,0.391,0.823,25125
荷甲,38.0,0.454,0.232,0.314,0.421,0.263,0.316,0.249,0.883,25125
葡超,52.0,0.459,0.254,0.287,0.404,0.308,0.288,0.922,0.631,25125
西甲,234.0,0.443,0.256,0.301,0.457,0.252,0.291,0.208,0.901,25125
解放者杯,17.0,0.49,0.256,0.254,0.529,0.176,0.294,0.58,0.748,25125
足总杯,22.0,0.47,0.222,0.308,0.545,0.227,0.227,0.739,0.691,25125
金杯赛,20.0,0.525,0.21,0.265,0.45,0.35,0.2,2.42,0.298,25125
J2联赛,4.0,0.46,0.266,0.274,0.25,0.25,0.5,1.133,0.568,25126
J联赛,11.0,0.354,0.284,0.362,0.455,0.091,0.455,2.023,0.364,25126
世亚预,62.0,0.459,0.237,0.304,0.419,0.29,0.29,0.992,0.609,25126
世俱杯,63.0,0.436,0.223,0.341,0.476,0.254,0.27,1.454,0.483,25126
世南美预,32.0,0.452,0.27,0.278,0.531,0.406,0.062,7.989,0.018,25126
世欧预,32.0,0.487,0.183,0.33,0.594,0.094,0.312,2.174,0.337,25126
亚冠,35.0,0.509,0.22,0.271,0.6,0.2,0.2,1.296,0.523,25126
国王杯,5.0,0.452,0.247,0.301,0.0,0.4,0.6,4.223,0.121,25126
天皇杯,2.0,0.427,0.267,0.306,0.0,1.0,0.0,5.482,0.065,25126
德乙,63.0,0.424,0.253,0.323,0.46,0.175,0.365,2.067,0.356,25126
德国杯,18.0,0.436,0.214,0.35,0.667,0.111,0.222,3.912,0.141,25126
德甲,276.0,0.445,0.234,0.321,0.355,0.261,0.384,9.346,0.009,25126
德超杯,1.0,0.187,0.202,0.612,0.0,0.0,1.0,0.635,0.728,25126
意大利杯,19.0,0.573,0.228,0.198,0.579,0.158,0.263,0.815,0.665,25126
意甲,224.0,0.415,0.265,0.32,0.411,0.286,0.304,0.576,0.75,25126
意超杯,1.0,0.535,0.266,0.199,1.0,0.0,0.0,0.869,0.648,25126
挪超,70.0,0.456,0.234,0.309,0.486,0.229,0.286,0.271,0.873,25126
日联杯,9.0,0.339,0.286,0.375,0.333,0.222,0.444,0.247,0.884,25126
欧冠,199.0,0.465,0.227,0.308,0.497,0.181,0.322,2.421,0.298,25126
欧协联,74.0,0.473,0.238,0.289,0.419,0.27,0.311,0.894,0.639,25126
欧国联,135.0,0.446,0.249,0.306,0.43,0.252,0.319,0.154,0.926,25126
欧洲超级杯,1.0,0.677,0.189,0.134,0.0,1.0,0.0,4.284,0.117,25126
欧联,176.0,0.467,0.245,0.288,0.494,0.239,0.267,0.588,0.745,25126
法乙,116.0,0.424,0.279,0.297,0.457,0.31,0.233,2.31,0.315,25126
法国杯,6.0,0.489,0.241,0.271,0.667,0.333,0.0,2.228,0.328,25126
法甲,135.0,0.452,0.238,0.31,0.467,0.222,0.311,0.207,0.902,25126
瑞典超,63.0,0.434,0.246,0.32,0.429,0.254,0.317,0.024,0.988,25126
社区盾杯,1.0,0.199,0.228,0.574,0.0,1.0,0.0,3.395,0.183,25126
美职,42.0,0.468,0.248,0.284,0.357,0.333,0.31,2.416,0.299,25126
芬超,24.0,0.433,0.238,0.329,0.458,0.292,0.25,0.776,0.678,25126
英冠,115.0,0.427,0.273,0.301,0.461,0.209,0.33,2.388,0.303,25126
英甲,2.0,0.357,0.25,0.393,0.5,0.0,0.5,0.672,0.715,25126
英联杯,9.0,0.451,0.246,0.303,0.667,0.222,0.111,2.04,0.361,25126
英超,329.0,0.44,0.235,0.324,0.401,0.258,0.34,2.14,0.343,25126
荷乙,52.0,0.466,0.235,0.299,0.577,0.135,0.288,3.639,0.162,25126
荷兰杯,2.0,0.386,0.158,0.456,0.5,0.0,0.5,0.391,0.823,25126
荷甲,37.0,0.463,0.233,0.305,0.432,0.27,0.297,0.301,0.86,25126
葡超,51.0,0.465,0.255,0.28,0.412,0.294,0.294,0.65,0.722,25126
西甲,237.0,0.44,0.256,0.304,0.451,0.257,0.291,0.187,0.911,25126
解放者杯,17.0,0.49,0.256,0.254,0.529,0.176,0.294,0.58,0.748,25126
足总杯,22.0,0.47,0.222,0.308,0.545,0.227,0.227,0.739,0.691,25126
金杯赛,20.0,0.525,0.21,0.265,0.45,0.35,0.2,2.42,0.298,25126
J2联赛,4.0,0.46,0.266,0.274,0.25,0.25,0.5,1.133,0.568,25127
J联赛,11.0,0.354,0.284,0.362,0.455,0.091,0.455,2.023,0.364,25127
世亚预,62.0,0.459,0.237,0.304,0.419,0.29,0.29,0.992,0.609,25127
世俱杯,63.0,0.436,0.223,0.341,0.476,0.254,0.27,1.454,0.483,25127
世南美预,35.0,0.482,0.259,0.259,0.571,0.371,0.057,7.802,0.02,25127
世欧预,43.0,0.469,0.187,0.344,0.535,0.14,0.326,0.962,0.618,25127
亚冠,35.0,0.509,0.22,0.271,0.6,0.2,0.2,1.296,0.523,25127
国王杯,5.0,0.452,0.247,0.301,0.0,0.4,0.6,4.223,0.121,25127
天皇杯,2.0,0.427,0.267,0.306,0.0,1.0,0.0,5.482,0.065,25127
德乙,63.0,0.424,0.253,0.323,0.46,0.175,0.365,2.067,0.356,25127
德国杯,18.0,0.436,0.214,0.35,0.667,0.111,0.222,3.912,0.141,25127
德甲,271.0,0.445,0.234,0.321,0.358,0.258,0.384,8.614,0.013,25127
德超杯,1.0,0.187,0.202,0.612,0.0,0.0,1.0,0.635,0.728,25127
意大利杯,19.0,0.573,0.228,0.198,0.579,0.158,0.263,0.815,0.665,25127
意甲,223.0,0.415,0.265,0.32,0.413,0.283,0.305,0.431,0.806,25127
意超杯,1.0,0.535,0.266,0.199,1.0,0.0,0.0,0.869,0.648,25127
挪超,70.0,0.456,0.234,0.309,0.486,0.229,0.286,0.271,0.873,25127
日联杯,9.0,0.339,0.286,0.375,0.333,0.222,0.444,0.247,0.884,25127
欧冠,199.0,0.465,0.227,0.308,0.497,0.181,0.322,2.421,0.298,25127
欧协联,74.0,0.473,0.238,0.289,0.419,0.27,0.311,0.894,0.639,25127
欧国联,135.0,0.446,0.249,0.306,0.43,0.252,0.319,0.154,0.926,25127
欧洲超级杯,1.0,0.677,0.189,0.134,0.0,1.0,0.0,4.284,0.117,25127
欧联,176.0,0.467,0.245,0.288,0.494,0.239,0.267,0.588,0.745,25127
法乙,116.0,0.424,0.279,0.297,0.457,0.31,0.233,2.31,0.315,25127
法国杯,6.0,0.489,0.241,0.271,0.667,0.333,0.0,2.228,0.328,25127
法甲,135.0,0.452,0.238,0.31,0.467,0.222,0.311,0.207,0.902,25127
瑞典超,63.0,0.434,0.246,0.32,0.429,0.254,0.317,0.024,0.988,25127
社区盾杯,1.0,0.199,0.228,0.574,0.0,1.0,0.0,3.395,0.183,25127
美职,42.0,0.468,0.248,0.284,0.357,0.333,0.31,2.416,0.299,25127
芬超,24.0,0.433,0.238,0.329,0.458,0.292,0.25,0.776,0.678,25127
英冠,115.0,0.427,0.273,0.301,0.461,0.209,0.33,2.388,0.303,25127
英甲,2.0,0.357,0.25,0.393,0.5,0.0,0.5,0.672,0.715,25127
英联杯,9.0,0.451,0.246,0.303,0.667,0.222,0.111,2.04,0.361,25127
英超,323.0,0.442,0.235,0.323,0.406,0.257,0.337,1.851,0.396,25127
荷乙,52.0,0.466,0.235,0.299,0.577,0.135,0.288,3.639,0.162,25127
荷兰杯,2.0,0.386,0.158,0.456,0.5,0.0,0.5,0.391,0.823,25127
荷甲,37.0,0.463,0.233,0.305,0.432,0.27,0.297,0.301,0.86,25127
葡超,51.0,0.465,0.255,0.28,0.412,0.294,0.294,0.65,0.722,25127
西甲,235.0,0.439,0.256,0.304,0.451,0.26,0.289,0.253,0.881,25127
解放者杯,17.0,0.49,0.256,0.254,0.529,0.176,0.294,0.58,0.748,25127
足总杯,22.0,0.47,0.222,0.308,0.545,0.227,0.227,0.739,0.691,25127
金杯赛,20.0,0.525,0.21,0.265,0.45,0.35,0.2,2.42,0.298,25127
J2联赛,4.0,0.46,0.266,0.274,0.25,0.25,0.5,1.133,0.568,25128
J联赛,11.0,0.354,0.284,0.362,0.455,0.091,0.455,2.023,0.364,25128
世亚预,62.0,0.459,0.237,0.304,0.419,0.29,0.29,0.992,0.609,25128
世俱杯,63.0,0.436,0.223,0.341,0.476,0.254,0.27,1.454,0.483,25128
世南美预,35.0,0.482,0.259,0.259,0.571,0.371,0.057,7.802,0.02,25128
世欧预,56.0,0.48,0.179,0.341,0.536,0.125,0.339,1.275,0.529,25128
亚冠,35.0,0.509,0.22,0.271,0.6,0.2,0.2,1.296,0.523,25128
国王杯,5.0,0.452,0.247,0.301,0.0,0.4,0.6,4.223,0.121,25128
天皇杯,2.0,0.427,0.267,0.306,0.0,1.0,0.0,5.482,0.065,25128
德乙,63.0,0.424,0.253,0.323,0.46,0.175,0.365,2.067,0.356,25128
德国杯,18.0,0.436,0.214,0.35,0.667,0.111,0.222,3.912,0.141,25128
德甲,269.0,0.444,0.234,0.322,0.353,0.26,0.387,9.254,0.01,25128
德超杯,1.0,0.187,0.202,0.612,0.0,0.0,1.0,0.635,0.728,25128
意大利杯,19.0,0.573,0.228,0.198,0.579,0.158,0.263,0.815,0.665,25128
意甲,220.0,0.414,0.265,0.322,0.418,0.277,0.305,0.342,0.843,25128
意超杯,1.0,0.535,0.266,0.199,1.0,0.0,0.0,0.869,0.648,25128
挪超,70.0,0.456,0.234,0.309,0.486,0.229,0.286,0.271,0.873,25128
日联杯,9.0,0.339,0.286,0.375,0.333,0.222,0.444,0.247,0.884,25128
欧冠,199.0,0.465,0.227,0.308,0.497,0.181,0.322,2.421,0.298,25128
欧协联,74.0,0.473,0.238,0.289,0.419,0.27,0.311,0.894,0.639,25128
欧国联,135.0,0.446,0.249,0.306,0.43,0.252,0.319,0.154,0.926,25128
欧洲超级杯,1.0,0.677,0.189,0.134,0.0,1.0,0.0,4.284,0.117,25128
欧联,176.0,0.467,0.245,0.288,0.494,0.239,0.267,0.588,0.745,25128
法乙,116.0,0.424,0.279,0.297,0.457,0.31,0.233,2.31,0.315,25128
法国杯,6.0,0.489,0.241,0.271,0.667,0.333,0.0,2.228,0.328,25128
法甲,133.0,0.453,0.238,0.309,0.474,0.218,0.308,0.34,0.844,25128
瑞典超,63.0,0.434,0.246,0.32,0.429,0.254,0.317,0.024,0.988,25128
社区盾杯,1.0,0.199,0.228,0.574,0.0,1.0,0.0,3.395,0.183,25128
美职,42.0,0.468,0.248,0.284,0.357,0.333,0.31,2.416,0.299,25128
芬超,24.0,0.433,0.238,0.329,0.458,0.292,0.25,0.776,0.678,25128
英冠,115.0,0.427,0.273,0.301,0.461,0.209,0.33,2.388,0.303,25128
英甲,2.0,0.357,0.25,0.393,0.5,0.0,0.5,0.672,0.715,25128
英联杯,9.0,0.451,0.246,0.303,0.667,0.222,0.111,2.04,0.361,25128
英超,320.0,0.442,0.235,0.323,0.406,0.256,0.338,1.779,0.411,25128
荷乙,52.0,0.466,0.235,0.299,0.577,0.135,0.288,3.639,0.162,25128
荷兰杯,2.0,0.386,0.158,0.456,0.5,0.0,0.5,0.391,0.823,25128
荷甲,37.0,0.463,0.233,0.305,0.432,0.27,0.297,0.301,0.86,25128
葡超,52.0,0.462,0.256,0.282,0.404,0.288,0.308,0.707,0.702,25128
西甲,231.0,0.439,0.256,0.305,0.45,0.26,0.29,0.234,0.89,25128
解放者杯,17.0,0.49,0.256,0.254,0.529,0.176,0.294,0.58,0.748,25128
足总杯,22.0,0.47,0.222,0.308,0.545,0.227,0.227,0.739,0.691,25128
金杯赛,20.0,0.525,0.21,0.265,0.45,0.35,0.2,2.42,0.298,25128
J2联赛,4.0,0.46,0.266,0.274,0.25,0.25,0.5,1.133,0.568,25129
J联赛,11.0,0.354,0.284,0.362,0.455,0.091,0.455,2.023,0.364,25129
世亚预,54.0,0.417,0.247,0.336,0.426,0.278,0.296,0.478,0.787,25129
世俱杯,63.0,0.436,0.223,0.341,0.476,0.254,0.27,1.454,0.483,25129
世南美预,39.0,0.465,0.265,0.27,0.564,0.333,0.103,5.535,0.063,25129
世欧预,66.0,0.467,0.186,0.347,0.53,0.121,0.348,2.055,0.358,25129
亚冠,35.0,0.509,0.22,0.271,0.6,0.2,0.2,1.296,0.523,25129
国王杯,5.0,0.452,0.247,0.301,0.0,0.4,0.6,4.223,0.121,25129
天皇杯,2.0,0.427,0.267,0.306,0.0,1.0,0.0,5.482,0.065,25129
德乙,63.0,0.424,0.253,0.323,0.46,0.175,0.365,2.067,0.356,25129
德国杯,18.0,0.436,0.214,0.35,0.667,0.111,0.222,3.912,0.141,25129
德甲,269.0,0.444,0.234,0.322,0.353,0.26,0.387,9.254,0.01,25129
德超杯,1.0,0.187,0.202,0.612,0.0,0.0,1.0,0.635,0.728,25129
意大利杯,19.0,0.573,0.228,0.198,0.579,0.158,0.263,0.815,0.665,25129
意甲,220.0,0.414,0.265,0.322,0.418,0.277,0.305,0.342,0.843,25129
意超杯,1.0,0.535,0.266,0.199,1.0,0.0,0.0,0.869,0.648,25129
挪超,70.0,0.456,0.234,0.309,0.486,0.229,0.286,0.271,0.873,25129
日联杯,9.0,0.339,0.286,0.375,0.333,0.222,0.444,0.247,0.884,25129
欧冠,199.0,0.465,0.227,0.308,0.497,0.181,0.322,2.421,0.298,25129
欧协联,74.0,0.473,0.238,0.289,0.419,0.27,0.311,0.894,0.639,25129
欧国联,129.0,0.448,0.248,0.304,0.426,0.256,0.318,0.258,0.879,25129
欧洲超级杯,1.0,0.677,0.189,0.134,0.0,1.0,0.0,4.284,0.117,25129
欧联,176.0,0.467,0.245,0.288,0.494,0.239,0.267,0.588,0.745,25129
法乙,116.0,0.424,0.279,0.297,0.457,0.31,0.233,2.31,0.315,25129
法国杯,6.0,0.489,0.241,0.271,0.667,0.333,0.0,2.228,0.328,25129
法甲,133.0,0.453,0.238,0.309,0.474,0.218,0.308,0.34,0.844,25129
瑞典超,63.0,0.434,0.246,0.32,0.429,0.254,0.317,0.024,0.988,25129
社区盾杯,1.0,0.199,0.228,0.574,0.0,1.0,0.0,3.395,0.183,25129
美职,42.0,0.468,0.248,0.284,0.357,0.333,0.31,2.416,0.299,25129
芬超,24.0,0.433,0.238,0.329,0.458,0.292,0.25,0.776,0.678,25129
英冠,115.0,0.427,0.273,0.301,0.461,0.209,0.33,2.388,0.303,25129
英甲,2.0,0.357,0.25,0.393,0.5,0.0,0.5,0.672,0.715,25129
英联杯,9.0,0.451,0.246,0.303,0.667,0.222,0.111,2.04,0.361,25129
英超,320.0,0.442,0.235,0.323,0.406,0.256,0.338,1.779,0.411,25129
荷乙,52.0,0.466,0.235,0.299,0.577,0.135,0.288,3.639,0.162,25129
荷兰杯,2.0,0.386,0.158,0.456,0.5,0.0,0.5,0.391,0.823,25129
荷甲,37.0,0.463,0.233,0.305,0.432,0.27,0.297,0.301,0.86,25129
葡超,52.0,0.462,0.256,0.282,0.404,0.288,0.308,0.707,0.702,25129
西甲,231.0,0.439,0.256,0.305,0.45,0.26,0.29,0.234,0.89,25129
解放者杯,17.0,0.49,0.256,0.254,0.529,0.176,0.294,0.58,0.748,25129
足总杯,22.0,0.47,0.222,0.308,0.545,0.227,0.227,0.739,0.691,25129
金杯赛,20.0,0.525,0.21,0.265,0.45,0.35,0.2,2.42,0.298,25129
J2联赛,4.0,0.46,0.266,0.274,0.25,0.25,0.5,1.133,0.568,25130
J联赛,11.0,0.354,0.284,0.362,0.455,0.091,0.455,2.023,0.364,25130
世亚预,54.0,0.417,0.247,0.336,0.426,0.278,0.296,0.478,0.787,25130
世俱杯,63.0,0.436,0.223,0.341,0.476,0.254,0.27,1.454,0.483,25130
世南美预,37.0,0.467,0.266,0.267,0.568,0.324,0.108,4.791,0.091,25130
世欧预,66.0,0.467,0.186,0.347,0.53,0.121,0.348,2.055,0.358,25130
亚冠,35.0,0.509,0.22,0.271,0.6,0.2,0.2,1.296,0.523,25130
国王杯,5.0,0.452,0.247,0.301,0.0,0.4,0.6,4.223,0.121,25130
天皇杯,2.0,0.427,0.267,0.306,0.0,1.0,0.0,5.482,0.065,25130
德乙,65.0,0.426,0.253,0.322,0.477,0.169,0.354,2.412,0.299,25130
德国杯,18.0,0.436,0.214,0.35,0.667,0.111,0.222,3.912,0.141,25130
德甲,270.0,0.444,0.234,0.322,0.356,0.259,0.385,8.819,0.012,25130
德超杯,1.0,0.187,0.202,0.612,0.0,0.0,1.0,0.635,0.728,25130
意大利杯,19.0,0.573,0.228,0.198,0.579,0.158,0.263,0.815,0.665,25130
意甲,220.0,0.414,0.265,0.322,0.418,0.277,0.305,0.342,0.843,25130
意超杯,1.0,0.535,0.266,0.199,1.0,0.0,0.0,0.869,0.648,25130
挪超,71.0,0.461,0.233,0.306,0.493,0.225,0.282,0.306,0.858,25130
日联杯,9.0,0.339,0.286,0.375,0.333,0.222,0.444,0.247,0.884,25130
欧冠,199.0,0.465,0.227,0.308,0.497,0.181,0.322,2.421,0.298,25130
欧协联,74.0,0.473,0.238,0.289,0.419,0.27,0.311,0.894,0.639,25130
欧国联,117.0,0.449,0.249,0.302,0.427,0.256,0.316,0.223,0.894,25130
欧洲超级杯,1.0,0.677,0.189,0.134,0.0,1.0,0.0,4.284,0.117,25130
欧联,176.0,0.467,0.245,0.288,0.494,0.239,0.267,0.588,0.745,25130
法乙,121.0,0.421,0.28,0.3,0.446,0.306,0.248,1.563,0.458,25130
法国杯,6.0,0.489,0.241,0.271,0.667,0.333,0.0,2.228,0.328,25130
法甲,134.0,0.455,0.237,0.307,0.478,0.216,0.306,0.397,0.82,25130
瑞典超,63.0,0.434,0.246,0.32,0.429,0.254,0.317,0.024,0.988,25130
社区盾杯,1.0,0.199,0.228,0.574,0.0,1.0,0.0,3.395,0.183,25130
美职,42.0,0.468,0.248,0.284,0.357,0.333,0.31,2.416,0.299,25130
芬超,24.0,0.433,0.238,0.329,0.458,0.292,0.25,0.776,0.678,25130
英冠,116.0,0.428,0.273,0.3,0.466,0.207,0.328,2.526,0.283,25130
英甲,2.0,0.357,0.25,0.393,0.5,0.0,0.5,0.672,0.715,25130
英联杯,9.0,0.451,0.246,0.303,0.667,0.222,0.111,2.04,0.361,25130
英超,320.0,0.442,0.235,0.323,0.406,0.256,0.338,1.779,0.411,25130
荷乙,52.0,0.466,0.235,0.299,0.577,0.135,0.288,3.639,0.162,25130
荷兰杯,2.0,0.386,0.158,0.456,0.5,0.0,0.5,0.391,0.823,25130
荷甲,37.0,0.463,0.233,0.305,0.432,0.27,0.297,0.301,0.86,25130
葡超,54.0,0.466,0.256,0.278,0.407,0.296,0.296,0.811,0.667,25130
西甲,232.0,0.439,0.256,0.304,0.448,0.263,0.289,0.259,0.878,25130
解放者杯,17.0,0.49,0.256,0.254,0.529,0.176,0.294,0.58,0.748,25130
足总杯,22.0,0.47,0.222,0.308,0.545,0.227,0.227,0.739,0.691,25130
金杯赛,20.0,0.525,0.21,0.265,0.45,0.35,0.2,2.42,0.298,25130
J2联赛,4.0,0.46,0.266,0.274,0.25,0.25,0.5,1.133,0.568,25131
J联赛,11.0,0.354,0.284,0.362,0.455,0.091,0.455,2.023,0.364,25131
世亚预,54.0,0.417,0.247,0.336,0.426,0.278,0.296,0.478,0.787,25131
世俱杯,63.0,0.436,0.223,0.341,0.476,0.254,0.27,1.454,0.483,25131
世南美预,37.0,0.467,0.266,0.267,0.568,0.324,0.108,4.791,0.091,25131
世欧预,66.0,0.467,0.186,0.347,0.53,0.121,0.348,2.055,0.358,25131
亚冠,35.0,0.509,0.22,0.271,0.6,0.2,0.2,1.296,0.523,25131
国王杯,5.0,0.452,0.247,0.301,0.0,0.4,0.6,4.223,0.121,25131
天皇杯,2.0,0.427,0.267,0.306,0.0,1.0,0.0,5.482,0.065,25131
德乙,65.0,0.426,0.253,0.322,0.477,0.169,0.354,2.412,0.299,25131
德国杯,18.0,0.436,0.214,0.35,0.667,0.111,0.222,3.912,0.141,25131
德甲,274.0,0.445,0.233,0.322,0.354,0.259,0.387,9.425,0.009,25131
德超杯,1.0,0.187,0.202,0.612,0.0,0.0,1.0,0.635,0.728,25131
意大利杯,19.0,0.573,0.228,0.198,0.579,0.158,0.263,0.815,0.665,25131
意甲,222.0,0.413,0.265,0.322,0.419,0.275,0.306,0.278,0.87,25131
意超杯,1.0,0.535,0.266,0.199,1.0,0.0,0.0,0.869,0.648,25131
挪超,71.0,0.461,0.233,0.306,0.493,0.225,0.282,0.306,0.858,25131
日联杯,9.0,0.339,0.286,0.375,0.333,0.222,0.444,0.247,0.884,25131
欧冠,199.0,0.465,0.227,0.308,0.497,0.181,0.322,2.421,0.298,25131
欧协联,74.0,0.473,0.238,0.289,0.419,0.27,0.311,0.894,0.639,25131
欧国联,103.0,0.44,0.25,0.31,0.388,0.291,0.32,1.386,0.5,25131
欧洲超级杯,1.0,0.677,0.189,0.134,0.0,1.0,0.0,4.284,0.117,25131
欧联,176.0,0.467,0.245,0.288,0.494,0.239,0.267,0.588,0.745,25131
法乙,121.0,0.421,0.28,0.3,0.446,0.306,0.248,1.563,0.458,25131
法国杯,6.0,0.489,0.241,0.271,0.667,0.333,0.0,2.228,0.328,25131
法甲,134.0,0.455,0.237,0.307,0.478,0.216,0.306,0.397,0.82,25131
瑞典超,63.0,0.434,0.246,0.32,0.429,0.254,0.317,0.024,0.988,25131
社区盾杯,1.0,0.199,0.228,0.574,0.0,1.0,0.0,3.395,0.183,25131
美职,42.0,0.468,0.248,0.284,0.357,0.333,0.31,2.416,0.299,25131
芬超,24.0,0.433,0.238,0.329,0.458,0.292,0.25,0.776,0.678,25131
英冠,116.0,0.428,0.273,0.3,0.466,0.207,0.328,2.526,0.283,25131
英甲,2.0,0.357,0.25,0.393,0.5,0.0,0.5,0.672,0.715,25131
英联杯,9.0,0.451,0.246,0.303,0.667,0.222,0.111,2.04,0.361,25131
英超,326.0,0.442,0.235,0.323,0.405,0.261,0.334,2.043,0.36,25131
荷乙,52.0,0.466,0.235,0.299,0.577,0.135,0.288,3.639,0.162,25131
荷兰杯,2.0,0.386,0.158,0.456,0.5,0.0,0.5,0.391,0.823,25131
荷甲,37.0,0.463,0.233,0.305,0.432,0.27,0.297,0.301,0.86,25131
葡超,54.0,0.466,0.256,0.278,0.407,0.296,0.296,0.811,0.667,25131
西甲,234.0,0.439,0.256,0.305,0.449,0.261,0.291,0.23,0.891,25131
解放者杯,17.0,0.49,0.256,0.254,0.529,0.176,0.294,0.58,0.748,25131
足总杯,22.0,0.47,0.222,0.308,0.545,0.227,0.227,0.739,0.691,25131
金杯赛,20.0,0.525,0.21,0.265,0.45,0.35,0.2,2.42,0.298,25131
J2联赛,4.0,0.46,0.266,0.274,0.25,0.25,0.5,1.133,0.568,25132
J联赛,11.0,0.354,0.284,0.362,0.455,0.091,0.455,2.023,0.364,25132
世亚预,47.0,0.456,0.247,0.296,0.489,0.277,0.234,0.89,0.641,25132
世俱杯,63.0,0.436,0.223,0.341,0.476,0.254,0.27,1.454,0.483,25132
世南美预,35.0,0.476,0.262,0.262,0.571,0.314,0.114,3.942,0.139,25132
世欧预,66.0,0.467,0.186,0.347,0.53,0.121,0.348,2.055,0.358,25132
亚冠,35.0,0.509,0.22,0.271,0.6,0.2,0.2,1.296,0.523,25132
国王杯,5.0,0.452,0.247,0.301,0.0,0.4,0.6,4.223,0.121,25132
天皇杯,2.0,0.427,0.267,0.306,0.0,1.0,0.0,5.482,0.065,25132
德乙,65.0,0.426,0.253,0.322,0.477,0.169,0.354,2.412,0.299,25132
德国杯,18.0,0.436,0.214,0.35,0.667,0.111,0.222,3.912,0.141,25132
德甲,276.0,0.445,0.234,0.322,0.355,0.257,0.388,9.382,0.009,25132
德超杯,1.0,0.187,0.202,0.612,0.0,0.0,1.0,0.635,0.728,25132
意大利杯,19.0,0.573,0.228,0.198,0.579,0.158,0.263,0.815,0.665,25132
意甲,226.0,0.413,0.265,0.322,0.425,0.27,0.305,0.282,0.868,25132
意超杯,1.0,0.535,0.266,0.199,1.0,0.0,0.0,0.869,0.648,25132
挪超,71.0,0.461,0.233,0.306,0.493,0.225,0.282,0.306,0.858,25132
日联杯,9.0,0.339,0.286,0.375,0.333,0.222,0.444,0.247,0.884,25132
欧冠,199.0,0.465,0.227,0.308,0.497,0.181,0.322,2.421,0.298,25132
欧协联,74.0,0.473,0.238,0.289,0.419,0.27,0.311,0.894,0.639,25132
欧国联,98.0,0.437,0.25,0.313,0.398,0.286,0.316,0.846,0.655,25132
欧洲超级杯,1.0,0.677,0.189,0.134,0.0,1.0,0.0,4.284,0.117,25132
欧联,176.0,0.467,0.245,0.288,0.494,0.239,0.267,0.588,0.745,25132
法乙,121.0,0.421,0.28,0.3,0.446,0.306,0.248,1.563,0.458,25132
法国杯,6.0,0.489,0.241,0.271,0.667,0.333,0.0,2.228,0.328,25132
法甲,137.0,0.456,0.237,0.307,0.482,0.212,0.307,0.586,0.746,25132
瑞典超,63.0,0.434,0.246,0.32,0.429,0.254,0.317,0.024,0.988,25132
社区盾杯,1.0,0.199,0.228,0.574,0.0,1.0,0.0,3.395,0.183,25132
美职,42.0,0.468,0.248,0.284,0.357,0.333,0.31,2.416,0.299,25132
芬超,24.0,0.433,0.238,0.329,0.458,0.292,0.25,0.776,0.678,25132
英冠,116.0,0.428,0.273,0.3,0.466,0.207,0.328,2.526,0.283,25132
英甲,2.0,0.357,0.25,0.393,0.5,0.0,0.5,0.672,0.715,25132
英联杯,9.0,0.451,0.246,0.303,0.667,0.222,0.111,2.04,0.361,25132
英超,328.0,0.441,0.235,0.323,0.405,0.259,0.335,1.901,0.387,25132
荷乙,52.0,0.466,0.235,0.299,0.577,0.135,0.288,3.639,0.162,25132
荷兰杯,2.0,0.386,0.158,0.456,0.5,0.0,0.5,0.391,0.823,25132
荷甲,37.0,0.463,0.233,0.305,0.432,0.27,0.297,0.301,0.86,25132
葡超,54.0,0.466,0.256,0.278,0.407,0.296,0.296,0.811,0.667,25132
西甲,237.0,0.439,0.256,0.305,0.451,0.262,0.287,0.367,0.832,25132
解放者杯,17.0,0.49,0.256,0.254,0.529,0.176,0.294,0.58,0.748,25132
足总杯,22.0,0.47,0.222,0.308,0.545,0.227,0.227,0.739,0.691,25132
金杯赛,20.0,0.525,0.21,0.265,0.45,0.35,0.2,2.42,0.298,25132
J2联赛,4.0,0.46,0.266,0.274,0.25,0.25,0.5,1.133,0.568,25133
J联赛,11.0,0.354,0.284,0.362,0.455,0.091,0.455,2.023,0.364,25133
世亚预,47.0,0.456,0.247,0.296,0.489,0.277,0.234,0.89,0.641,25133
世俱杯,63.0,0.436,0.223,0.341,0.476,0.254,0.27,1.454,0.483,25133
世南美预,35.0,0.476,0.262,0.262,0.571,0.314,0.114,3.942,0.139,25133
世欧预,66.0,0.467,0.186,0.347,0.53,0.121,0.348,2.055,0.358,25133
亚冠,38.0,0.512,0.219,0.269,0.632,0.184,0.184,2.285,0.319,25133
国王杯,5.0,0.452,0.247,0.301,0.0,0.4,0.6,4.223,0.121,25133
天皇杯,2.0,0.427,0.267,0.306,0.0,1.0,0.0,5.482,0.065,25133
德乙,63.0,0.427,0.253,0.32,0.476,0.159,0.365,2.972,0.226,25133
德国杯,18.0,0.436,0.214,0.35,0.667,0.111,0.222,3.912,0.141,25133
德甲,275.0,0.444,0.234,0.322,0.353,0.258,0.389,9.623,0.008,25133
德超杯,1.0,0.187,0.202,0.612,0.0,0.0,1.0,0.635,0.728,25133
意大利杯,19.0,0.573,0.228,0.198,0.579,0.158,0.263,0.815,0.665,25133
意甲,228.0,0.414,0.265,0.321,0.421,0.276,0.303,0.379,0.827,25133
意超杯,1.0,0.535,0.266,0.199,1.0,0.0,0.0,0.869,0.648,25133
挪超,70.0,0.457,0.234,0.309,0.486,0.229,0.286,0.255,0.88,25133
日联杯,9.0,0.339,0.286,0.375,0.333,0.222,0.444,0.247,0.884,25133
欧冠,205.0,0.467,0.227,0.306,0.493,0.18,0.327,2.515,0.284,25133
欧协联,74.0,0.473,0.238,0.289,0.419,0.27,0.311,0.894,0.639,25133
欧国联,98.0,0.437,0.25,0.313,0.398,0.286,0.316,0.846,0.655,25133
欧洲超级杯,1.0,0.677,0.189,0.134,0.0,1.0,0.0,4.284,0.117,25133
欧联,176.0,0.467,0.245,0.288,0.494,0.239,0.267,0.588,0.745,25133
法乙,115.0,0.42,0.279,0.301,0.452,0.304,0.243,1.815,0.404,25133
法国杯,6.0,0.489,0.241,0.271,0.667,0.333,0.0,2.228,0.328,25133
法甲,136.0,0.458,0.237,0.305,0.478,0.213,0.309,0.461,0.794,25133
瑞典超,65.0,0.436,0.246,0.318,0.431,0.246,0.323,0.008,0.996,25133
社区盾杯,1.0,0.199,0.228,0.574,0.0,1.0,0.0,3.395,0.183,25133
美职,42.0,0.468,0.248,0.284,0.357,0.333,0.31,2.416,0.299,25133
芬超,24.0,0.433,0.238,0.329,0.458,0.292,0.25,0.776,0.678,25133
英冠,115.0,0.429,0.273,0.299,0.47,0.209,0.322,2.379,0.304,25133
英甲,2.0,0.357,0.25,0.393,0.5,0.0,0.5,0.672,0.715,25133
英联杯,9.0,0.451,0.246,0.303,0.667,0.222,0.111,2.04,0.361,25133
英超,328.0,0.441,0.235,0.323,0.405,0.259,0.335,1.901,0.387,25133
荷乙,52.0,0.466,0.235,0.299,0.577,0.135,0.288,3.639,0.162,25133
荷兰杯,2.0,0.386,0.158,0.456,0.5,0.0,0.5,0.391,0.823,25133
荷甲,37.0,0.463,0.233,0.305,0.432,0.27,0.297,0.301,0.86,25133
葡超,53.0,0.473,0.258,0.269,0.415,0.302,0.283,0.82,0.664,25133
西甲,237.0,0.438,0.256,0.305,0.451,0.262,0.287,0.387,0.824,25133
解放者杯,17.0,0.49,0.256,0.254,0.529,0.176,0.294,0.58,0.748,25133
足总杯,22.0,0.47,0.222,0.308,0.545,0.227,0.227,0.739,0.691,25133
金杯赛,20.0,0.525,0.21,0.265,0.45,0.35,0.2,2.42,0.298,25133
J2联赛,4.0,0.46,0.266,0.274,0.25,0.25,0.5,1.133,0.568,25134
J联赛,11.0,0.354,0.284,0.362,0.455,0.091,0.455,2.023,0.364,25134
世亚预,47.0,0.456,0.247,0.296,0.489,0.277,0.234,0.89,0.641,25134
世俱杯,63.0,0.436,0.223,0.341,0.476,0.254,0.27,1.454,0.483,25134
世南美预,35.0,0.476,0.262,0.262,0.571,0.314,0.114,3.942,0.139,25134
世欧预,66.0,0.467,0.186,0.347,0.53,0.121,0.348,2.055,0.358,25134
亚冠,38.0,0.512,0.219,0.269,0.632,0.184,0.184,2.285,0.319,25134
国王杯,5.0,0.452,0.247,0.301,0.0,0.4,0.6,4.223,0.121,25134
天皇杯,2.0,0.427,0.267,0.306,0.0,1.0,0.0,5.482,0.065,25134
德乙,63.0,0.427,0.253,0.32,0.476,0.159,0.365,2.972,0.226,25134
德国杯,18.0,0.436,0.214,0.35,0.667,0.111,0.222,3.912,0.141,25134
德甲,270.0,0.446,0.234,0.32,0.359,0.259,0.381,8.511,0.014,25134
德超杯,1.0,0.187,0.202,0.612,0.0,0.0,1.0,0.635,0.728,25134
意大利杯,19.0,0.573,0.228,0.198,0.579,0.158,0.263,0.815,0.665,25134
意甲,228.0,0.414,0.265,0.321,0.421,0.276,0.303,0.379,0.827,25134
意超杯,1.0,0.535,0.266,0.199,1.0,0.0,0.0,0.869,0.648,25134
挪超,70.0,0.457,0.234,0.309,0.486,0.229,0.286,0.255,0.88,25134
日联杯,9.0,0.339,0.286,0.375,0.333,0.222,0.444,0.247,0.884,25134
欧冠,217.0,0.47,0.227,0.304,0.498,0.184,0.318,2.231,0.328,25134
欧协联,74.0,0.473,0.238,0.289,0.419,0.27,0.311,0.894,0.639,25134
欧国联,98.0,0.437,0.25,0.313,0.398,0.286,0.316,0.846,0.655,25134
欧洲超级杯,1.0,0.677,0.189,0.134,0.0,1.0,0.0,4.284,0.117,25134
欧联,176.0,0.467,0.245,0.288,0.494,0.239,0.267,0.588,0.745,25134
法乙,115.0,0.42,0.279,0.301,0.452,0.304,0.243,1.815,0.404,25134
法国杯,6.0,0.489,0.241,0.271,0.667,0.333,0.0,2.228,0.328,25134
法甲,136.0,0.458,0.237,0.305,0.478,0.213,0.309,0.461,0.794,25134
瑞典超,65.0,0.436,0.246,0.318,0.431,0.246,0.323,0.008,0.996,25134
社区盾杯,1.0,0.199,0.228,0.574,0.0,1.0,0.0,3.395,0.183,25134
美职,42.0,0.468,0.248,0.284,0.357,0.333,0.31,2.416,0.299,25134
芬超,24.0,0.433,0.238,0.329,0.458,0.292,0.25,0.776,0.678,25134
英冠,115.0,0.429,0.273,0.299,0.47,0.209,0.322,2.379,0.304,25134
英甲,2.0,0.357,0.25,0.393,0.5,0.0,0.5,0.672,0.715,25134
英联杯,9.0,0.451,0.246,0.303,0.667,0.222,0.111,2.04,0.361,25134
英超,321.0,0.438,0.236,0.326,0.408,0.255,0.336,1.303,0.521,25134
荷乙,52.0,0.466,0.235,0.299,0.577,0.135,0.288,3.639,0.162,25134
荷兰杯,2.0,0.386,0.158,0.456,0.5,0.0,0.5,0.391,0.823,25134
荷甲,38.0,0.47,0.231,0.299,0.447,0.263,0.289,0.222,0.895,25134
葡超,53.0,0.473,0.258,0.269,0.415,0.302,0.283,0.82,0.664,25134
西甲,235.0,0.439,0.256,0.305,0.451,0.264,0.285,0.422,0.81,25134
解放者杯,18.0,0.484,0.262,0.255,0.5,0.167,0.333,1.067,0.587,25134
足总杯,22.0,0.47,0.222,0.308,0.545,0.227,0.227,0.739,0.691,25134
金杯赛,20.0,0.525,0.21,0.265,0.45,0.35,0.2,2.42,0.298,25134
J2联赛,4.0,0.46,0.266,0.274,0.25,0.25,0.5,1.133,0.568,25135
J联赛,11.0,0.354,0.284,0.362,0.455,0.091,0.455,2.023,0.364,25135
世亚预,47.0,0.456,0.247,0.296,0.489,0.277,0.234,0.89,0.641,25135
世俱杯,63.0,0.436,0.223,0.341,0.476,0.254,0.27,1.454,0.483,25135
世南美预,35.0,0.476,0.262,0.262,0.571,0.314,0.114,3.942,0.139,25135
世欧预,66.0,0.467,0.186,0.347,0.53,0.121,0.348,2.055,0.358,25135
亚冠,38.0,0.512,0.219,0.269,0.632,0.184,0.184,2.285,0.319,25135
国王杯,5.0,0.452,0.247,0.301,0.0,0.4,0.6,4.223,0.121,25135
天皇杯,2.0,0.427,0.267,0.306,0.0,1.0,0.0,5.482,0.065,25135
德乙,65.0,0.429,0.253,0.318,0.477,0.154,0.369,3.423,0.181,25135
德国杯,18.0,0.436,0.214,0.35,0.667,0.111,0.222,3.912,0.141,25135
德甲,269.0,0.446,0.234,0.32,0.361,0.26,0.379,8.196,0.017,25135
德超杯,1.0,0.187,0.202,0.612,0.0,0.0,1.0,0.635,0.728,25135
意大利杯,19.0,0.573,0.228,0.198,0.579,0.158,0.263,0.815,0.665,25135
意甲,225.0,0.415,0.266,0.32,0.422,0.271,0.307,0.172,0.918,25135
意超杯,1.0,0.535,0.266,0.199,1.0,0.0,0.0,0.869,0.648,25135
挪超,70.0,0.457,0.234,0.309,0.486,0.229,0.286,0.255,0.88,25135
日联杯,9.0,0.339,0.286,0.375,0.333,0.222,0.444,0.247,0.884,25135
欧冠,217.0,0.47,0.227,0.304,0.498,0.184,0.318,2.231,0.328,25135
欧协联,74.0,0.473,0.238,0.289,0.419,0.27,0.311,0.894,0.639,25135
欧国联,98.0,0.437,0.25,0.313,0.398,0.286,0.316,0.846,0.655,25135
欧洲超级杯,1.0,0.677,0.189,0.134,0.0,1.0,0.0,4.284,0.117,25135
欧联,176.0,0.467,0.245,0.288,0.494,0.239,0.267,0.588,0.745,25135
法乙,120.0,0.419,0.28,0.301,0.433,0.292,0.275,0.379,0.827,25135
法国杯,6.0,0.489,0.241,0.271,0.667,0.333,0.0,2.228,0.328,25135
法甲,134.0,0.456,0.237,0.306,0.485,0.201,0.313,0.994,0.608,25135
瑞典超,65.0,0.436,0.246,0.318,0.431,0.246,0.323,0.008,0.996,25135
社区盾杯,1.0,0.199,0.228,0.574,0.0,1.0,0.0,3.395,0.183,25135
美职,42.0,0.468,0.248,0.284,0.357,0.333,0.31,2.416,0.299,25135
芬超,24.0,0.433,0.238,0.329,0.458,0.292,0.25,0.776,0.678,25135
英冠,116.0,0.429,0.273,0.299,0.474,0.207,0.319,2.566,0.277,25135
英甲,2.0,0.357,0.25,0.393,0.5,0.0,0.5,0.672,0.715,25135
英联杯,9.0,0.451,0.246,0.303,0.667,0.222,0.111,2.04,0.361,25135
英超,319.0,0.439,0.235,0.325,0.411,0.257,0.332,1.262,0.532,25135
荷乙,52.0,0.466,0.235,0.299,0.577,0.135,0.288,3.639,0.162,25135
荷兰杯,2.0,0.386,0.158,0.456,0.5,0.0,0.5,0.391,0.823,25135
荷甲,39.0,0.466,0.232,0.302,0.436,0.256,0.308,0.183,0.913,25135
葡超,54.0,0.467,0.256,0.277,0.407,0.296,0.296,0.817,0.665,25135
西甲,233.0,0.44,0.256,0.303,0.455,0.266,0.279,0.663,0.718,25135
解放者杯,18.0,0.484,0.262,0.255,0.5,0.167,0.333,1.067,0.587,25135
足总杯,22.0,0.47,0.222,0.308,0.545,0.227,0.227,0.739,0.691,25135
金杯赛,20.0,0.525,0.21,0.265,0.45,0.35,0.2,2.42,0.298,25135
J2联赛,4.0,0.46,0.266,0.274,0.25,0.25,0.5,1.133,0.568,25136
J联赛,11.0,0.354,0.284,0.362,0.455,0.091,0.455,2.023,0.364,25136
世亚预,47.0,0.456,0.247,0.296,0.489,0.277,0.234,0.89,0.641,25136
世俱杯,63.0,0.436,0.223,0.341,0.476,0.254,0.27,1.454,0.483,25136
世南美预,35.0,0.476,0.262,0.262,0.571,0.314,0.114,3.942,0.139,25136
世欧预,66.0,0.467,0.186,0.347,0.53,0.121,0.348,2.055,0.358,25136
亚冠,32.0,0.519,0.217,0.264,0.625,0.156,0.219,1.492,0.474,25136
国王杯,5.0,0.452,0.247,0.301,0.0,0.4,0.6,4.223,0.121,25136
天皇杯,2.0,0.427,0.267,0.306,0.0,1.0,0.0,5.482,0.065,25136
德乙,65.0,0.429,0.253,0.318,0.477,0.154,0.369,3.423,0.181,25136
德国杯,18.0,0.436,0.214,0.35,0.667,0.111,0.222,3.912,0.141,25136
德甲,273.0,0.445,0.234,0.32,0.363,0.256,0.381,7.903,0.019,25136
德超杯,1.0,0.187,0.202,0.612,0.0,0.0,1.0,0.635,0.728,25136
意大利杯,19.0,0.573,0.228,0.198,0.579,0.158,0.263,0.815,0.665,25136
意甲,225.0,0.412,0.266,0.323,0.418,0.276,0.307,0.286,0.867,25136
意超杯,1.0,0.535,0.266,0.199,1.0,0.0,0.0,0.869,0.648,25136
挪超,70.0,0.457,0.234,0.309,0.486,0.229,0.286,0.255,0.88,25136
日联杯,9.0,0.339,0.286,0.375,0.333,0.222,0.444,0.247,0.884,25136
欧冠,212.0,0.47,0.227,0.304,0.495,0.189,0.316,1.767,0.413,25136
欧协联,74.0,0.473,0.238,0.289,0.419,0.27,0.311,0.894,0.639,25136
欧国联,98.0,0.437,0.25,0.313,0.398,0.286,0.316,0.846,0.655,25136
欧洲超级杯,1.0,0.677,0.189,0.134,0.0,1.0,0.0,4.284,0.117,25136
欧联,176.0,0.467,0.245,0.288,0.494,0.239,0.267,0.588,0.745,25136
法乙,120.0,0.419,0.28,0.301,0.433,0.292,0.275,0.379,0.827,25136
法国杯,6.0,0.489,0.241,0.271,0.667,0.333,0.0,2.228,0.328,25136
法甲,134.0,0.456,0.237,0.306,0.485,0.201,0.313,0.994,0.608,25136
瑞典超,65.0,0.436,0.246,0.318,0.431,0.246,0.323,0.008,0.996,25136
社区盾杯,1.0,0.199,0.228,0.574,0.0,1.0,0.0,3.395,0.183,25136
美职,42.0,0.468,0.248,0.284,0.357,0.333,0.31,2.416,0.299,25136
芬超,24.0,0.433,0.238,0.329,0.458,0.292,0.25,0.776,0.678,25136
英冠,116.0,0.429,0.273,0.299,0.474,0.207,0.319,2.566,0.277,25136
英甲,2.0,0.357,0.25,0.393,0.5,0.0,0.5,0.672,0.715,25136
英联杯,9.0,0.451,0.246,0.303,0.667,0.222,0.111,2.04,0.361,25136
英超,325.0,0.438,0.236,0.326,0.409,0.258,0.332,1.312,0.519,25136
荷乙,52.0,0.466,0.235,0.299,0.577,0.135,0.288,3.639,0.162,25136
荷兰杯,2.0,0.386,0.158,0.456,0.5,0.0,0.5,0.391,0.823,25136
荷甲,39.0,0.466,0.232,0.302,0.436,0.256,0.308,0.183,0.913,25136
葡超,54.0,0.467,0.256,0.277,0.407,0.296,0.296,0.817,0.665,25136
西甲,234.0,0.442,0.256,0.302,0.457,0.265,0.278,0.663,0.718,25136
解放者杯,18.0,0.484,0.262,0.255,0.5,0.167,0.333,1.067,0.587,25136
足总杯,22.0,0.47,0.222,0.308,0.545,0.227,0.227,0.739,0.691,25136
金杯赛,20.0,0.525,0.21,0.265,0.45,0.35,0.2,2.42,0.298,25136
J2联赛,4.0,0.46,0.266,0.274,0.25,0.25,0.5,1.133,0.568,25137
J联赛,11.0,0.354,0.284,0.362,0.455,0.091,0.455,2.023,0.364,25137
世亚预,47.0,0.456,0.247,0.296,0.489,0.277,0.234,0.89,0.641,25137
世俱杯,63.0,0.436,0.223,0.341,0.476,0.254,0.27,1.454,0.483,25137
世南美预,35.0,0.476,0.262,0.262,0.571,0.314,0.114,3.942,0.139,25137
世欧预,66.0,0.467,0.186,0.347,0.53,0.121,0.348,2.055,0.358,25137
亚冠,31.0,0.515,0.217,0.267,0.645,0.129,0.226,2.325,0.313,25137
国王杯,5.0,0.452,0.247,0.301,0.0,0.4,0.6,4.223,0.121,25137
天皇杯,2.0,0.427,0.267,0.306,0.0,1.0,0.0,5.482,0.065,25137
德乙,65.0,0.429,0.253,0.318,0.477,0.154,0.369,3.423,0.181,25137
德国杯,18.0,0.436,0.214,0.35,0.667,0.111,0.222,3.912,0.141,25137
德甲,276.0,0.447,0.234,0.319,0.362,0.257,0.38,8.373,0.015,25137
德超杯,1.0,0.187,0.202,0.612,0.0,0.0,1.0,0.635,0.728,25137
意大利杯,19.0,0.573,0.228,0.198,0.579,0.158,0.263,0.815,0.665,25137
意甲,229.0,0.412,0.266,0.323,0.415,0.275,0.31,0.197,0.906,25137
意超杯,1.0,0.535,0.266,0.199,1.0,0.0,0.0,0.869,0.648,25137
挪超,70.0,0.457,0.234,0.309,0.486,0.229,0.286,0.255,0.88,25137
日联杯,9.0,0.339,0.286,0.375,0.333,0.222,0.444,0.247,0.884,25137
欧冠,201.0,0.471,0.227,0.302,0.493,0.189,0.318,1.639,0.441,25137
欧协联,74.0,0.473,0.238,0.289,0.419,0.27,0.311,0.894,0.639,25137
欧国联,98.0,0.437,0.25,0.313,0.398,0.286,0.316,0.846,0.655,25137
欧洲超级杯,1.0,0.677,0.189,0.134,0.0,1.0,0.0,4.284,0.117,25137
欧联,176.0,0.467,0.245,0.288,0.494,0.239,0.267,0.588,0.745,25137
法乙,120.0,0.419,0.28,0.301,0.433,0.292,0.275,0.379,0.827,25137
法国杯,6.0,0.489,0.241,0.271,0.667,0.333,0.0,2.228,0.328,25137
法甲,135.0,0.455,0.237,0.308,0.489,0.2,0.311,1.151,0.563,25137
瑞典超,65.0,0.436,0.246,0.318,0.431,0.246,0.323,0.008,0.996,25137
社区盾杯,1.0,0.199,0.228,0.574,0.0,1.0,0.0,3.395,0.183,25137
美职,42.0,0.468,0.248,0.284,0.357,0.333,0.31,2.416,0.299,25137
芬超,24.0,0.433,0.238,0.329,0.458,0.292,0.25,0.776,0.678,25137
英冠,116.0,0.429,0.273,0.299,0.474,0.207,0.319,2.566,0.277,25137
英甲,2.0,0.357,0.25,0.393,0.5,0.0,0.5,0.672,0.715,25137
英联杯,9.0,0.451,0.246,0.303,0.667,0.222,0.111,2.04,0.361,25137
英超,328.0,0.437,0.237,0.326,0.405,0.265,0.329,1.885,0.39,25137
荷乙,52.0,0.466,0.235,0.299,0.577,0.135,0.288,3.639,0.162,25137
荷兰杯,2.0,0.386,0.158,0.456,0.5,0.0,0.5,0.391,0.823,25137
荷甲,39.0,0.466,0.232,0.302,0.436,0.256,0.308,0.183,0.913,25137
葡超,54.0,0.467,0.256,0.277,0.407,0.296,0.296,0.817,0.665,25137
西甲,235.0,0.443,0.255,0.302,0.46,0.268,0.272,0.975,0.614,25137
解放者杯,18.0,0.484,0.262,0.255,0.5,0.167,0.333,1.067,0.587,25137
足总杯,22.0,0.47,0.222,0.308,0.545,0.227,0.227,0.739,0.691,25137
金杯赛,20.0,0.525,0.21,0.265,0.45,0.35,0.2,2.42,0.298,25137
J2联赛,4.0,0.46,0.266,0.274,0.25,0.25,0.5,1.133,0.568,25138
J联赛,11.0,0.354,0.284,0.362,0.455,0.091,0.455,2.023,0.364,25138
世亚预,47.0,0.456,0.247,0.296,0.489,0.277,0.234,0.89,0.641,25138
世俱杯,63.0,0.436,0.223,0.341,0.476,0.254,0.27,1.454,0.483,25138
世南美预,35.0,0.476,0.262,0.262,0.571,0.314,0.114,3.942,0.139,25138
世欧预,66.0,0.467,0.186,0.347,0.53,0.121,0.348,2.055,0.358,25138
亚冠,31.0,0.515,0.217,0.267,0.645,0.129,0.226,2.325,0.313,25138
国王杯,5.0,0.452,0.247,0.301,0.0,0.4,0.6,4.223,0.121,25138
天皇杯,2.0,0.427,0.267,0.306,0.0,1.0,0.0,5.482,0.065,25138
德乙,63.0,0.428,0.253,0.319,0.476,0.159,0.365,2.987,0.225,25138
德国杯,18.0,0.436,0.214,0.35,0.667,0.111,0.222,3.912,0.141,25138
德甲,275.0,0.447,0.234,0.319,0.364,0.258,0.378,8.05,0.018,25138
德超杯,1.0,0.187,0.202,0.612,0.0,0.0,1.0,0.635,0.728,25138
意大利杯,19.0,0.573,0.228,0.198,0.579,0.158,0.263,0.815,0.665,25138
意甲,227.0,0.412,0.265,0.323,0.419,0.278,0.304,0.407,0.816,25138
意超杯,1.0,0.535,0.266,0.199,1.0,0.0,0.0,0.869,0.648,25138
挪超,70.0,0.457,0.234,0.309,0.486,0.229,0.286,0.255,0.88,25138
日联杯,9.0,0.339,0.286,0.375,0.333,0.222,0.444,0.247,0.884,25138
欧冠,201.0,0.471,0.227,0.302,0.493,0.189,0.318,1.639,0.441,25138
欧协联,74.0,0.473,0.238,0.289,0.419,0.27,0.311,0.894,0.639,25138
欧国联,98.0,0.437,0.25,0.313,0.398,0.286,0.316,0.846,0.655,25138
欧洲超级杯,1.0,0.677,0.189,0.134,0.0,1.0,0.0,4.284,0.117,25138
欧联,188.0,0.466,0.246,0.288,0.489,0.234,0.277,0.412,0.814,25138
法乙,116.0,0.421,0.28,0.3,0.431,0.293,0.276,0.328,0.849,25138
法国杯,6.0,0.489,0.241,0.271,0.667,0.333,0.0,2.228,0.328,25138
法甲,134.0,0.453,0.238,0.309,0.485,0.201,0.313,1.043,0.594,25138
瑞典超,65.0,0.436,0.246,0.318,0.431,0.246,0.323,0.008,0.996,25138
社区盾杯,1.0,0.199,0.228,0.574,0.0,1.0,0.0,3.395,0.183,25138
美职,42.0,0.468,0.248,0.284,0.357,0.333,0.31,2.416,0.299,25138
芬超,24.0,0.433,0.238,0.329,0.458,0.292,0.25,0.776,0.678,25138
英冠,115.0,0.429,0.273,0.299,0.478,0.209,0.313,2.472,0.291,25138
英甲,2.0,0.357,0.25,0.393,0.5,0.0,0.5,0.672,0.715,25138
英联杯,9.0,0.451,0.246,0.303,0.667,0.222,0.111,2.04,0.361,25138
英超,328.0,0.437,0.237,0.326,0.405,0.265,0.329,1.885,0.39,25138
荷乙,52.0,0.466,0.235,0.299,0.577,0.135,0.288,3.639,0.162,25138
荷兰杯,2.0,0.386,0.158,0.456,0.5,0.0,0.5,0.391,0.823,25138
荷甲,38.0,0.475,0.233,0.292,0.447,0.263,0.289,0.21,0.9,25138
葡超,53.0,0.472,0.257,0.272,0.415,0.302,0.283,0.807,0.668,25138
西甲,236.0,0.442,0.254,0.303,0.458,0.267,0.275,0.875,0.646,25138
解放者杯,18.0,0.484,0.262,0.255,0.5,0.167,0.333,1.067,0.587,25138
足总杯,22.0,0.47,0.222,0.308,0.545,0.227,0.227,0.739,0.691,25138
金杯赛,20.0,0.525,0.21,0.265,0.45,0.35,0.2,2.42,0.298,25138
J2联赛,4.0,0.46,0.266,0.274,0.25,0.25,0.5,1.133,0.568,25139
J联赛,11.0,0.354,0.284,0.362,0.455,0.091,0.455,2.023,0.364,25139
世亚预,47.0,0.456,0.247,0.296,0.489,0.277,0.234,0.89,0.641,25139
世俱杯,63.0,0.436,0.223,0.341,0.476,0.254,0.27,1.454,0.483,25139
世南美预,35.0,0.476,0.262,0.262,0.571,0.314,0.114,3.942,0.139,25139
世欧预,66.0,0.467,0.186,0.347,0.53,0.121,0.348,2.055,0.358,25139
亚冠,31.0,0.515,0.217,0.267,0.645,0.129,0.226,2.325,0.313,25139
国王杯,5.0,0.452,0.247,0.301,0.0,0.4,0.6,4.223,0.121,25139
天皇杯,2.0,0.427,0.267,0.306,0.0,1.0,0.0,5.482,0.065,25139
德乙,65.0,0.431,0.253,0.316,0.492,0.154,0.354,3.365,0.186,25139
德国杯,18.0,0.436,0.214,0.35,0.667,0.111,0.222,3.912,0.141,25139
德甲,271.0,0.45,0.233,0.317,0.365,0.258,0.376,8.052,0.018,25139
德超杯,1.0,0.187,0.202,0.612,0.0,0.0,1.0,0.635,0.728,25139
意大利杯,19.0,0.573,0.228,0.198,0.579,0.158,0.263,0.815,0.665,25139
意甲,226.0,0.412,0.265,0.323,0.42,0.274,0.305,0.332,0.847,25139
意超杯,1.0,0.535,0.266,0.199,1.0,0.0,0.0,0.869,0.648,25139
挪超,70.0,0.457,0.234,0.309,0.486,0.229,0.286,0.255,0.88,25139
日联杯,9.0,0.339,0.286,0.375,0.333,0.222,0.444,0.247,0.884,25139
欧冠,201.0,0.471,0.227,0.302,0.493,0.189,0.318,1.639,0.441,25139
欧协联,74.0,0.473,0.238,0.289,0.419,0.27,0.311,0.894,0.639,25139
欧国联,98.0,0.437,0.25,0.313,0.398,0.286,0.316,0.846,0.655,25139
欧洲超级杯,1.0,0.677,0.189,0.134,0.0,1.0,0.0,4.284,0.117,25139
欧联,188.0,0.466,0.246,0.288,0.489,0.234,0.277,0.412,0.814,25139
法乙,121.0,0.419,0.28,0.301,0.421,0.298,0.281,0.304,0.859,25139
法国杯,6.0,0.489,0.241,0.271,0.667,0.333,0.0,2.228,0.328,25139
法甲,134.0,0.455,0.238,0.307,0.485,0.194,0.321,1.455,0.483,25139
瑞典超,65.0,0.436,0.246,0.318,0.431,0.246,0.323,0.008,0.996,25139
社区盾杯,1.0,0.199,0.228,0.574,0.0,1.0,0.0,3.395,0.183,25139
美职,42.0,0.468,0.248,0.284,0.357,0.333,0.31,2.416,0.299,25139
芬超,24.0,0.433,0.238,0.329,0.458,0.292,0.25,0.776,0.678,25139
英冠,116.0,0.429,0.273,0.299,0.474,0.216,0.31,2.015,0.365,25139
英甲,2.0,0.357,0.25,0.393,0.5,0.0,0.5,0.672,0.715,25139
英联杯,9.0,0.451,0.246,0.303,0.667,0.222,0.111,2.04,0.361,25139
英超,321.0,0.436,0.237,0.328,0.402,0.262,0.336,1.758,0.415,25139
荷乙,53.0,0.463,0.236,0.302,0.566,0.132,0.302,3.636,0.162,25139
荷兰杯,2.0,0.386,0.158,0.456,0.5,0.0,0.5,0.391,0.823,25139
荷甲,39.0,0.48,0.232,0.288,0.462,0.256,0.282,0.131,0.937,25139
葡超,54.0,0.476,0.255,0.268,0.426,0.296,0.278,0.664,0.718,25139
西甲,237.0,0.442,0.254,0.303,0.456,0.27,0.274,0.989,0.61,25139
解放者杯,18.0,0.484,0.262,0.255,0.5,0.167,0.333,1.067,0.587,25139
足总杯,22.0,0.47,0.222,0.308,0.545,0.227,0.227,0.739,0.691,25139
金杯赛,20.0,0.525,0.21,0.265,0.45,0.35,0.2,2.42,0.298,25139
J2联赛,4.0,0.46,0.266,0.274,0.25,0.25,0.5,1.133,0.568,25140
J联赛,11.0,0.354,0.284,0.362,0.455,0.091,0.455,2.023,0.364,25140
世亚预,47.0,0.456,0.247,0.296,0.489,0.277,0.234,0.89,0.641,25140
世俱杯,63.0,0.436,0.223,0.341,0.476,0.254,0.27,1.454,0.483,25140
世南美预,35.0,0.476,0.262,0.262,0.571,0.314,0.114,3.942,0.139,25140
世欧预,66.0,0.467,0.186,0.347,0.53,0.121,0.348,2.055,0.358,25140
亚冠,31.0,0.515,0.217,0.267,0.645,0.129,0.226,2.325,0.313,25140
国王杯,5.0,0.452,0.247,0.301,0.0,0.4,0.6,4.223,0.121,25140
天皇杯,2.0,0.427,0.267,0.306,0.0,1.0,0.0,5.482,0.065,25140
德乙,65.0,0.431,0.253,0.316,0.492,0.154,0.354,3.365,0.186,25140
德国杯,18.0,0.436,0.214,0.35,0.667,0.111,0.222,3.912,0.141,25140
德甲,272.0,0.448,0.234,0.318,0.357,0.254,0.39,9.879,0.007,25140
德超杯,1.0,0.187,0.202,0.612,0.0,0.0,1.0,0.635,0.728,25140
意大利杯,19.0,0.573,0.228,0.198,0.579,0.158,0.263,0.815,0.665,25140
意甲,225.0,0.41,0.265,0.325,0.418,0.28,0.302,0.581,0.748,25140
意超杯,1.0,0.535,0.266,0.199,1.0,0.0,0.0,0.869,0.648,25140
挪超,70.0,0.457,0.234,0.309,0.486,0.229,0.286,0.255,0.88,25140
日联杯,9.0,0.339,0.286,0.375,0.333,0.222,0.444,0.247,0.884,25140
欧冠,201.0,0.471,0.227,0.302,0.493,0.189,0.318,1.639,0.441,25140
欧协联,74.0,0.473,0.238,0.289,0.419,0.27,0.311,0.894,0.639,25140
欧国联,98.0,0.437,0.25,0.313,0.398,0.286,0.316,0.846,0.655,25140
欧洲超级杯,1.0,0.677,0.189,0.134,0.0,1.0,0.0,4.284,0.117,25140
欧联,188.0,0.466,0.246,0.288,0.489,0.234,0.277,0.412,0.814,25140
法乙,121.0,0.419,0.28,0.301,0.421,0.298,0.281,0.304,0.859,25140
法国杯,6.0,0.489,0.241,0.271,0.667,0.333,0.0,2.228,0.328,25140
法甲,131.0,0.455,0.238,0.308,0.481,0.198,0.321,1.132,0.568,25140
瑞典超,65.0,0.436,0.246,0.318,0.431,0.246,0.323,0.008,0.996,25140
社区盾杯,1.0,0.199,0.228,0.574,0.0,1.0,0.0,3.395,0.183,25140
美职,42.0,0.468,0.248,0.284,0.357,0.333,0.31,2.416,0.299,25140
芬超,24.0,0.433,0.238,0.329,0.458,0.292,0.25,0.776,0.678,25140
英冠,116.0,0.429,0.273,0.299,0.474,0.216,0.31,2.015,0.365,25140
英甲,2.0,0.357,0.25,0.393,0.5,0.0,0.5,0.672,0.715,25140
英联杯,9.0,0.451,0.246,0.303,0.667,0.222,0.111,2.04,0.361,25140
英超,325.0,0.436,0.237,0.327,0.403,0.258,0.338,1.602,0.449,25140
荷乙,53.0,0.463,0.236,0.302,0.566,0.132,0.302,3.636,0.162,25140
荷兰杯,2.0,0.386,0.158,0.456,0.5,0.0,0.5,0.391,0.823,25140
荷甲,39.0,0.48,0.232,0.288,0.462,0.256,0.282,0.131,0.937,25140
葡超,54.0,0.476,0.255,0.268,0.426,0.296,0.278,0.664,0.718,25140
西甲,236.0,0.443,0.255,0.302,0.462,0.267,0.271,1.077,0.584,25140
解放者杯,18.0,0.484,0.262,0.255,0.5,0.167,0.333,1.067,0.587,25140
足总杯,22.0,0.47,0.222,0.308,0.545,0.227,0.227,0.739,0.691,25140
金杯赛,20.0,0.525,0.21,0.265,0.45,0.35,0.2,2.42,0.298,25140
J2联赛,4.0,0.46,0.266,0.274,0.25,0.25,0.5,1.133,0.568,25141
J联赛,11.0,0.354,0.284,0.362,0.455,0.091,0.455,2.023,0.364,25141
世亚预,47.0,0.456,0.247,0.296,0.489,0.277,0.234,0.89,0.641,25141
世俱杯,63.0,0.436,0.223,0.341,0.476,0.254,0.27,1.454,0.483,25141
世南美预,35.0,0.476,0.262,0.262,0.571,0.314,0.114,3.942,0.139,25141
世欧预,66.0,0.467,0.186,0.347,0.53,0.121,0.348,2.055,0.358,25141
亚冠,31.0,0.515,0.217,0.267,0.645,0.129,0.226,2.325,0.313,25141
国王杯,5.0,0.452,0.247,0.301,0.0,0.4,0.6,4.223,0.121,25141
天皇杯,2.0,0.427,0.267,0.306,0.0,1.0,0.0,5.482,0.065,25141
德乙,65.0,0.431,0.253,0.316,0.492,0.154,0.354,3.365,0.186,25141
德国杯,18.0,0.436,0.214,0.35,0.667,0.111,0.222,3.912,0.141,25141
德甲,275.0,0.448,0.234,0.318,0.353,0.258,0.389,10.549,0.005,25141
德超杯,1.0,0.187,0.202,0.612,0.0,0.0,1.0,0.635,0.728,25141
意大利杯,16.0,0.579,0.222,0.199,0.625,0.188,0.188,0.157,0.924,25141
意甲,229.0,0.41,0.265,0.325,0.419,0.284,0.297,0.913,0.633,25141
意超杯,1.0,0.535,0.266,0.199,1.0,0.0,0.0,0.869,0.648,25141
挪超,70.0,0.457,0.234,0.309,0.486,0.229,0.286,0.255,0.88,25141
日联杯,9.0,0.339,0.286,0.375,0.333,0.222,0.444,0.247,0.884,25141
欧冠,201.0,0.471,0.227,0.302,0.493,0.189,0.318,1.639,0.441,25141
欧协联,74.0,0.473,0.238,0.289,0.419,0.27,0.311,0.894,0.639,25141
欧国联,98.0,0.437,0.25,0.313,0.398,0.286,0.316,0.846,0.655,25141
欧洲超级杯,1.0,0.677,0.189,0.134,0.0,1.0,0.0,4.284,0.117,25141
欧联,188.0,0.466,0.246,0.288,0.489,0.234,0.277,0.412,0.814,25141
法乙,113.0,0.418,0.28,0.302,0.389,0.31,0.301,0.575,0.75,25141
法国杯,6.0,0.489,0.241,0.271,0.667,0.333,0.0,2.228,0.328,25141
法甲,133.0,0.454,0.238,0.307,0.474,0.203,0.323,0.921,0.631,25141
瑞典超,65.0,0.436,0.246,0.318,0.431,0.246,0.323,0.008,0.996,25141
社区盾杯,1.0,0.199,0.228,0.574,0.0,1.0,0.0,3.395,0.183,25141
美职,42.0,0.468,0.248,0.284,0.357,0.333,0.31,2.416,0.299,25141
芬超,24.0,0.433,0.238,0.329,0.458,0.292,0.25,0.776,0.678,25141
英冠,116.0,0.429,0.273,0.299,0.474,0.216,0.31,2.015,0.365,25141
英甲,2.0,0.357,0.25,0.393,0.5,0.0,0.5,0.672,0.715,25141
英联杯,9.0,0.451,0.246,0.303,0.667,0.222,0.111,2.04,0.361,25141
英超,327.0,0.436,0.237,0.327,0.404,0.257,0.339,1.464,0.481,25141
荷乙,53.0,0.463,0.236,0.302,0.566,0.132,0.302,3.636,0.162,25141
荷兰杯,2.0,0.386,0.158,0.456,0.5,0.0,0.5,0.391,0.823,25141
荷甲,39.0,0.48,0.232,0.288,0.462,0.256,0.282,0.131,0.937,25141
葡超,54.0,0.476,0.255,0.268,0.426,0.296,0.278,0.664,0.718,25141
西甲,236.0,0.442,0.255,0.303,0.466,0.263,0.271,1.173,0.556,25141
解放者杯,18.0,0.484,0.262,0.255,0.5,0.167,0.333,1.067,0.587,25141
足总杯,22.0,0.47,0.222,0.308,0.545,0.227,0.227,0.739,0.691,25141
金杯赛,20.0,0.525,0.21,0.265,0.45,0.35,0.2,2.42,0.298,25141
J2联赛,4.0,0.46,0.266,0.274,0.25,0.25,0.5,1.133,0.568,25142
J联赛,11.0,0.354,0.284,0.362,0.455,0.091,0.455,2.023,0.364,25142
世亚预,47.0,0.456,0.247,0.296,0.489,0.277,0.234,0.89,0.641,25142
世俱杯,63.0,0.436,0.223,0.341,0.476,0.254,0.27,1.454,0.483,25142
世南美预,35.0,0.476,0.262,0.262,0.571,0.314,0.114,3.942,0.139,25142
世欧预,66.0,0.467,0.186,0.347,0.53,0.121,0.348,2.055,0.358,25142
亚冠,31.0,0.515,0.217,0.267,0.645,0.129,0.226,2.325,0.313,25142
国王杯,5.0,0.452,0.247,0.301,0.0,0.4,0.6,4.223,0.121,25142
天皇杯,2.0,0.427,0.267,0.306,0.0,1.0,0.0,5.482,0.065,25142
德乙,65.0,0.431,0.253,0.316,0.492,0.154,0.354,3.365,0.186,25142
德国杯,18.0,0.436,0.214,0.35,0.667,0.111,0.222,3.912,0.141,25142
德甲,278.0,0.448,0.234,0.318,0.356,0.259,0.385,9.825,0.007,25142
德超杯,1.0,0.187,0.202,0.612,0.0,0.0,1.0,0.635,0.728,25142
意大利杯,14.0,0.58,0.218,0.202,0.643,0.143,0.214,0.467,0.792,25142
意甲,232.0,0.41,0.265,0.324,0.418,0.284,0.297,0.885,0.642,25142
意超杯,1.0,0.535,0.266,0.199,1.0,0.0,0.0,0.869,0.648,25142
挪超,70.0,0.457,0.234,0.309,0.486,0.229,0.286,0.255,0.88,25142
日联杯,9.0,0.339,0.286,0.375,0.333,0.222,0.444,0.247,0.884,25142
欧冠,201.0,0.471,0.227,0.302,0.493,0.189,0.318,1.639,0.441,25142
欧协联,74.0,0.473,0.238,0.289,0.419,0.27,0.311,0.894,0.639,25142
欧国联,98.0,0.437,0.25,0.313,0.398,0.286,0.316,0.846,0.655,25142
欧洲超级杯,1.0,0.677,0.189,0.134,0.0,1.0,0.0,4.284,0.117,25142
欧联,180.0,0.466,0.246,0.288,0.489,0.228,0.283,0.457,0.796,25142
法乙,113.0,0.418,0.28,0.302,0.389,0.31,0.301,0.575,0.75,25142
法国杯,6.0,0.489,0.241,0.271,0.667,0.333,0.0,2.228,0.328,25142
法甲,134.0,0.453,0.239,0.309,0.47,0.209,0.321,0.649,0.723,25142
瑞典超,63.0,0.435,0.245,0.32,0.429,0.254,0.317,0.028,0.986,25142
社区盾杯,1.0,0.199,0.228,0.574,0.0,1.0,0.0,3.395,0.183,25142
美职,42.0,0.468,0.248,0.284,0.357,0.333,0.31,2.416,0.299,25142
芬超,24.0,0.433,0.238,0.329,0.458,0.292,0.25,0.776,0.678,25142
英冠,116.0,0.429,0.273,0.299,0.474,0.216,0.31,2.015,0.365,25142
英甲,2.0,0.357,0.25,0.393,0.5,0.0,0.5,0.672,0.715,25142
英联杯,9.0,0.451,0.246,0.303,0.667,0.222,0.111,2.04,0.361,25142
英超,332.0,0.435,0.237,0.328,0.407,0.256,0.337,1.226,0.542,25142
荷乙,53.0,0.463,0.236,0.302,0.566,0.132,0.302,3.636,0.162,25142
荷兰杯,2.0,0.386,0.158,0.456,0.5,0.0,0.5,0.391,0.823,25142
荷甲,39.0,0.48,0.232,0.288,0.462,0.256,0.282,0.131,0.937,25142
葡超,54.0,0.476,0.255,0.268,0.426,0.296,0.278,0.664,0.718,25142
西甲,236.0,0.438,0.255,0.307,0.466,0.263,0.271,1.475,0.478,25142
解放者杯,18.0,0.484,0.262,0.255,0.5,0.167,0.333,1.067,0.587,25142
足总杯,22.0,0.47,0.222,0.308,0.545,0.227,0.227,0.739,0.691,25142
金杯赛,20.0,0.525,0.21,0.265,0.45,0.35,0.2,2.42,0.298,25142
J2联赛,4.0,0.46,0.266,0.274,0.25,0.25,0.5,1.133,0.568,25143
J联赛,11.0,0.354,0.284,0.362,0.455,0.091,0.455,2.023,0.364,25143
世亚预,49.0,0.444,0.248,0.308,0.469,0.286,0.245,0.993,0.609,25143
世俱杯,63.0,0.436,0.223,0.341,0.476,0.254,0.27,1.454,0.483,25143
世南美预,35.0,0.476,0.262,0.262,0.571,0.314,0.114,3.942,0.139,25143
世欧预,78.0,0.483,0.188,0.329,0.538,0.154,0.308,1.097,0.578,25143
亚冠,31.0,0.515,0.217,0.267,0.645,0.129,0.226,2.325,0.313,25143
国王杯,5.0,0.452,0.247,0.301,0.0,0.4,0.6,4.223,0.121,25143
天皇杯,2.0,0.427,0.267,0.306,0.0,1.0,0.0,5.482,0.065,25143
德乙,65.0,0.431,0.253,0.316,0.492,0.154,0.354,3.365,0.186,25143
德国杯,18.0,0.436,0.214,0.35,0.667,0.111,0.222,3.912,0.141,25143
德甲,278.0,0.448,0.234,0.318,0.356,0.259,0.385,9.825,0.007,25143
德超杯,1.0,0.187,0.202,0.612,0.0,0.0,1.0,0.635,0.728,25143
意大利杯,12.0,0.572,0.218,0.21,0.583,0.167,0.25,0.244,0.885,25143
意甲,232.0,0.41,0.265,0.324,0.418,0.284,0.297,0.885,0.642,25143
意超杯,1.0,0.535,0.266,0.199,1.0,0.0,0.0,0.869,0.648,25143
挪超,70.0,0.457,0.234,0.309,0.486,0.229,0.286,0.255,0.88,25143
日联杯,9.0,0.339,0.286,0.375,0.333,0.222,0.444,0.247,0.884,25143
欧冠,201.0,0.471,0.227,0.302,0.493,0.189,0.318,1.639,0.441,25143
欧协联,74.0,0.473,0.238,0.289,0.419,0.27,0.311,0.894,0.639,25143
欧国联,98.0,0.437,0.25,0.313,0.398,0.286,0.316,0.846,0.655,25143
欧洲超级杯,1.0,0.677,0.189,0.134,0.0,1.0,0.0,4.284,0.117,25143
欧联,172.0,0.462,0.247,0.292,0.483,0.227,0.291,0.436,0.804,25143
法乙,113.0,0.418,0.28,0.302,0.389,0.31,0.301,0.575,0.75,25143
法国杯,6.0,0.489,0.241,0.271,0.667,0.333,0.0,2.228,0.328,25143
法甲,134.0,0.453,0.239,0.309,0.47,0.209,0.321,0.649,0.723,25143
瑞典超,62.0,0.435,0.245,0.32,0.419,0.258,0.323,0.081,0.96,25143
社区盾杯,1.0,0.199,0.228,0.574,0.0,1.0,0.0,3.395,0.183,25143
美职,42.0,0.468,0.248,0.284,0.357,0.333,0.31,2.416,0.299,25143
芬超,24.0,0.433,0.238,0.329,0.458,0.292,0.25,0.776,0.678,25143
英冠,116.0,0.429,0.273,0.299,0.474,0.216,0.31,2.015,0.365,25143
英甲,2.0,0.357,0.25,0.393,0.5,0.0,0.5,0.672,0.715,25143
英联杯,9.0,0.451,0.246,0.303,0.667,0.222,0.111,2.04,0.361,25143
英超,332.0,0.435,0.237,0.328,0.407,0.256,0.337,1.226,0.542,25143
荷乙,53.0,0.463,0.236,0.302,0.566,0.132,0.302,3.636,0.162,25143
荷兰杯,2.0,0.386,0.158,0.456,0.5,0.0,0.5,0.391,0.823,25143
荷甲,39.0,0.48,0.232,0.288,0.462,0.256,0.282,0.131,0.937,25143
葡超,54.0,0.476,0.255,0.268,0.426,0.296,0.278,0.664,0.718,25143
西甲,233.0,0.44,0.255,0.305,0.472,0.262,0.266,1.745,0.418,25143
解放者杯,18.0,0.484,0.262,0.255,0.5,0.167,0.333,1.067,0.587,25143
足总杯,22.0,0.47,0.222,0.308,0.545,0.227,0.227,0.739,0.691,25143
金杯赛,20.0,0.525,0.21,0.265,0.45,0.35,0.2,2.42,0.298,25143
J2联赛,4.0,0.46,0.266,0.274,0.25,0.25,0.5,1.133,0.568,25144
J联赛,11.0,0.354,0.284,0.362,0.455,0.091,0.455,2.023,0.364,25144
世亚预,51.0,0.448,0.248,0.303,0.49,0.275,0.235,1.115,0.573,25144
世俱杯,63.0,0.436,0.223,0.341,0.476,0.254,0.27,1.454,0.483,25144
世南美预,35.0,0.476,0.262,0.262,0.571,0.314,0.114,3.942,0.139,25144
世欧预,89.0,0.487,0.185,0.327,0.562,0.135,0.303,2.387,0.303,25144
亚冠,31.0,0.515,0.217,0.267,0.645,0.129,0.226,2.325,0.313,25144
国王杯,5.0,0.452,0.247,0.301,0.0,0.4,0.6,4.223,0.121,25144
天皇杯,2.0,0.427,0.267,0.306,0.0,1.0,0.0,5.482,0.065,25144
德乙,63.0,0.434,0.252,0.314,0.492,0.159,0.349,2.909,0.233,25144
德国杯,18.0,0.436,0.214,0.35,0.667,0.111,0.222,3.912,0.141,25144
德甲,277.0,0.446,0.235,0.319,0.354,0.26,0.386,10.013,0.007,25144
德超杯,1.0,0.187,0.202,0.612,0.0,0.0,1.0,0.635,0.728,25144
意大利杯,12.0,0.572,0.218,0.21,0.583,0.167,0.25,0.244,0.885,25144
意甲,231.0,0.409,0.266,0.325,0.416,0.286,0.299,0.886,0.642,25144
意超杯,1.0,0.535,0.266,0.199,1.0,0.0,0.0,0.869,0.648,25144
挪超,70.0,0.457,0.234,0.309,0.486,0.229,0.286,0.255,0.88,25144
日联杯,9.0,0.339,0.286,0.375,0.333,0.222,0.444,0.247,0.884,25144
欧冠,201.0,0.471,0.227,0.302,0.493,0.189,0.318,1.639,0.441,25144
欧协联,74.0,0.473,0.238,0.289,0.419,0.27,0.311,0.894,0.639,25144
欧国联,98.0,0.437,0.25,0.313,0.398,0.286,0.316,0.846,0.655,25144
欧洲超级杯,1.0,0.677,0.189,0.134,0.0,1.0,0.0,4.284,0.117,25144
欧联,172.0,0.462,0.247,0.292,0.483,0.227,0.291,0.436,0.804,25144
法乙,109.0,0.416,0.28,0.304,0.376,0.312,0.312,0.83,0.66,25144
法国杯,6.0,0.489,0.241,0.271,0.667,0.333,0.0,2.228,0.328,25144
法甲,132.0,0.452,0.239,0.309,0.462,0.212,0.326,0.533,0.766,25144
瑞典超,62.0,0.435,0.245,0.32,0.419,0.258,0.323,0.081,0.96,25144
社区盾杯,1.0,0.199,0.228,0.574,0.0,1.0,0.0,3.395,0.183,25144
美职,43.0,0.463,0.249,0.288,0.372,0.326,0.302,1.82,0.403,25144
芬超,24.0,0.433,0.238,0.329,0.458,0.292,0.25,0.776,0.678,25144
英冠,115.0,0.43,0.273,0.297,0.47,0.217,0.313,1.823,0.402,25144
英甲,2.0,0.357,0.25,0.393,0.5,0.0,0.5,0.672,0.715,25144
英联杯,9.0,0.451,0.246,0.303,0.667,0.222,0.111,2.04,0.361,25144
英超,332.0,0.435,0.237,0.328,0.407,0.256,0.337,1.226,0.542,25144
荷乙,53.0,0.463,0.236,0.302,0.566,0.132,0.302,3.636,0.162,25144
荷兰杯,2.0,0.386,0.158,0.456,0.5,0.0,0.5,0.391,0.823,25144
荷甲,38.0,0.484,0.231,0.285,0.447,0.263,0.289,0.273,0.872,25144
葡超,53.0,0.484,0.258,0.258,0.434,0.302,0.264,0.685,0.71,25144
西甲,232.0,0.441,0.255,0.305,0.474,0.263,0.263,1.984,0.371,25144
解放者杯,18.0,0.484,0.262,0.255,0.5,0.167,0.333,1.067,0.587,25144
足总杯,22.0,0.47,0.222,0.308,0.545,0.227,0.227,0.739,0.691,25144
金杯赛,20.0,0.525,0.21,0.265,0.45,0.35,0.2,2.42,0.298,25144
J2联赛,4.0,0.46,0.266,0.274,0.25,0.25,0.5,1.133,0.568,25145
J联赛,11.0,0.354,0.284,0.362,0.455,0.091,0.455,2.023,0.364,25145
世亚预,53.0,0.45,0.249,0.301,0.491,0.283,0.226,1.423,0.491,25145
世俱杯,63.0,0.436,0.223,0.341,0.476,0.254,0.27,1.454,0.483,25145
世南美预,35.0,0.476,0.262,0.262,0.571,0.314,0.114,3.942,0.139,25145
世欧预,101.0,0.485,0.185,0.33,0.535,0.158,0.307,1.043,0.594,25145
亚冠,31.0,0.515,0.217,0.267,0.645,0.129,0.226,2.325,0.313,25145
国王杯,5.0,0.452,0.247,0.301,0.0,0.4,0.6,4.223,0.121,25145
天皇杯,2.0,0.427,0.267,0.306,0.0,1.0,0.0,5.482,0.065,25145
德乙,63.0,0.434,0.252,0.314,0.492,0.159,0.349,2.909,0.233,25145
德国杯,18.0,0.436,0.214,0.35,0.667,0.111,0.222,3.912,0.141,25145
德甲,271.0,0.445,0.235,0.32,0.354,0.258,0.387,9.465,0.009,25145
德超杯,1.0,0.187,0.202,0.612,0.0,0.0,1.0,0.635,0.728,25145
意大利杯,12.0,0.572,0.218,0.21,0.583,0.167,0.25,0.244,0.885,25145
意甲,230.0,0.41,0.265,0.325,0.417,0.287,0.296,1.021,0.6,25145
意超杯,1.0,0.535,0.266,0.199,1.0,0.0,0.0,0.869,0.648,25145
挪超,70.0,0.457,0.234,0.309,0.486,0.229,0.286,0.255,0.88,25145
日联杯,9.0,0.339,0.286,0.375,0.333,0.222,0.444,0.247,0.884,25145
欧冠,201.0,0.471,0.227,0.302,0.493,0.189,0.318,1.639,0.441,25145
欧协联,74.0,0.473,0.238,0.289,0.419,0.27,0.311,0.894,0.639,25145
欧国联,98.0,0.437,0.25,0.313,0.398,0.286,0.316,0.846,0.655,25145
欧洲超级杯,1.0,0.677,0.189,0.134,0.0,1.0,0.0,4.284,0.117,25145
欧联,172.0,0.462,0.247,0.292,0.483,0.227,0.291,0.436,0.804,25145
法乙,109.0,0.416,0.28,0.304,0.376,0.312,0.312,0.83,0.66,25145
法国杯,6.0,0.489,0.241,0.271,0.667,0.333,0.0,2.228,0.328,25145
法甲,132.0,0.452,0.239,0.309,0.462,0.212,0.326,0.533,0.766,25145
瑞典超,62.0,0.435,0.245,0.32,0.419,0.258,0.323,0.081,0.96,25145
社区盾杯,1.0,0.199,0.228,0.574,0.0,1.0,0.0,3.395,0.183,25145
美职,43.0,0.463,0.249,0.288,0.372,0.326,0.302,1.82,0.403,25145
芬超,24.0,0.433,0.238,0.329,0.458,0.292,0.25,0.776,0.678,25145
英冠,115.0,0.43,0.273,0.297,0.47,0.217,0.313,1.823,0.402,25145
英甲,2.0,0.357,0.25,0.393,0.5,0.0,0.5,0.672,0.715,25145
英联杯,9.0,0.451,0.246,0.303,0.667,0.222,0.111,2.04,0.361,25145
英超,326.0,0.435,0.237,0.328,0.405,0.258,0.337,1.364,0.506,25145
荷乙,53.0,0.463,0.236,0.302,0.566,0.132,0.302,3.636,0.162,25145
荷兰杯,2.0,0.386,0.158,0.456,0.5,0.0,0.5,0.391,0.823,25145
荷甲,38.0,0.484,0.231,0.285,0.447,0.263,0.289,0.273,0.872,25145
葡超,53.0,0.484,0.258,0.258,0.434,0.302,0.264,0.685,0.71,25145
西甲,231.0,0.442,0.255,0.304,0.472,0.264,0.264,1.751,0.417,25145
解放者杯,18.0,0.484,0.262,0.255,0.5,0.167,0.333,1.067,0.587,25145
足总杯,22.0,0.47,0.222,0.308,0.545,0.227,0.227,0.739,0.691,25145
金杯赛,20.0,0.525,0.21,0.265,0.45,0.35,0.2,2.42,0.298,25145
J2联赛,4.0,0.46,0.266,0.274,0.25,0.25,0.5,1.133,0.568,25146
J联赛,11.0,0.354,0.284,0.362,0.455,0.091,0.455,2.023,0.364,25146
世亚预,53.0,0.45,0.249,0.301,0.491,0.283,0.226,1.423,0.491,25146
世俱杯,63.0,0.436,0.223,0.341,0.476,0.254,0.27,1.454,0.483,25146
世南美预,35.0,0.476,0.262,0.262,0.571,0.314,0.114,3.942,0.139,25146
世欧预,101.0,0.485,0.185,0.33,0.535,0.158,0.307,1.043,0.594,25146
亚冠,31.0,0.515,0.217,0.267,0.645,0.129,0.226,2.325,0.313,25146
国王杯,5.0,0.452,0.247,0.301,0.0,0.4,0.6,4.223,0.121,25146
天皇杯,2.0,0.427,0.267,0.306,0.0,1.0,0.0,5.482,0.065,25146
德乙,65.0,0.436,0.252,0.312,0.477,0.154,0.369,3.423,0.181,25146
德国杯,18.0,0.436,0.214,0.35,0.667,0.111,0.222,3.912,0.141,25146
德甲,270.0,0.446,0.235,0.32,0.359,0.259,0.381,8.45,0.015,25146
德超杯,1.0,0.187,0.202,0.612,0.0,0.0,1.0,0.635,0.728,25146
意大利杯,12.0,0.572,0.218,0.21,0.583,0.167,0.25,0.244,0.885,25146
意甲,226.0,0.408,0.266,0.326,0.412,0.288,0.301,0.854,0.652,25146
意超杯,1.0,0.535,0.266,0.199,1.0,0.0,0.0,0.869,0.648,25146
挪超,70.0,0.457,0.234,0.309,0.486,0.229,0.286,0.255,0.88,25146
日联杯,9.0,0.339,0.286,0.375,0.333,0.222,0.444,0.247,0.884,25146
欧冠,201.0,0.471,0.227,0.302,0.493,0.189,0.318,1.639,0.441,25146
欧协联,74.0,0.473,0.238,0.289,0.419,0.27,0.311,0.894,0.639,25146
欧国联,98.0,0.437,0.25,0.313,0.398,0.286,0.316,0.846,0.655,25146
欧洲超级杯,1.0,0.677,0.189,0.134,0.0,1.0,0.0,4.284,0.117,25146
欧联,172.0,0.462,0.247,0.292,0.483,0.227,0.291,0.436,0.804,25146
法乙,114.0,0.413,0.28,0.306,0.368,0.325,0.307,1.359,0.507,25146
法国杯,6.0,0.489,0.241,0.271,0.667,0.333,0.0,2.228,0.328,25146
法甲,130.0,0.457,0.237,0.306,0.462,0.223,0.315,0.157,0.924,25146
瑞典超,62.0,0.435,0.245,0.32,0.419,0.258,0.323,0.081,0.96,25146
社区盾杯,1.0,0.199,0.228,0.574,0.0,1.0,0.0,3.395,0.183,25146
美职,43.0,0.463,0.249,0.288,0.372,0.326,0.302,1.82,0.403,25146
芬超,24.0,0.433,0.238,0.329,0.458,0.292,0.25,0.776,0.678,25146
英冠,116.0,0.429,0.273,0.298,0.474,0.216,0.31,2.023,0.364,25146
英甲,2.0,0.357,0.25,0.393,0.5,0.0,0.5,0.672,0.715,25146
英联杯,9.0,0.451,0.246,0.303,0.667,0.222,0.111,2.04,0.361,25146
英超,324.0,0.436,0.237,0.327,0.407,0.256,0.336,1.181,0.554,25146
荷乙,56.0,0.467,0.235,0.298,0.571,0.125,0.304,4.202,0.122,25146
荷兰杯,2.0,0.386,0.158,0.456,0.5,0.0,0.5,0.391,0.823,25146
荷甲,38.0,0.484,0.231,0.285,0.447,0.263,0.289,0.273,0.872,25146
葡超,53.0,0.484,0.258,0.258,0.434,0.302,0.264,0.685,0.71,25146
西甲,229.0,0.44,0.255,0.305,0.472,0.258,0.271,1.392,0.498,25146
解放者杯,18.0,0.484,0.262,0.255,0.5,0.167,0.333,1.067,0.587,25146
足总杯,22.0,0.47,0.222,0.308,0.545,0.227,0.227,0.739,0.691,25146
金杯赛,20.0,0.525,0.21,0.265,0.45,0.35,0.2,2.42,0.298,25146
J2联赛,4.0,0.46,0.266,0.274,0.25,0.25,0.5,1.133,0.568,25147
J联赛,11.0,0.354,0.284,0.362,0.455,0.091,0.455,2.023,0.364,25147
世亚预,53.0,0.45,0.249,0.301,0.491,0.283,0.226,1.423,0.491,25147
世俱杯,63.0,0.436,0.223,0.341,0.476,0.254,0.27,1.454,0.483,25147
世南美预,35.0,0.476,0.262,0.262,0.571,0.314,0.114,3.942,0.139,25147
世欧预,101.0,0.485,0.185,0.33,0.535,0.158,0.307,1.043,0.594,25147
亚冠,31.0,0.515,0.217,0.267,0.645,0.129,0.226,2.325,0.313,25147
国王杯,5.0,0.452,0.247,0.301,0.0,0.4,0.6,4.223,0.121,25147
天皇杯,2.0,0.427,0.267,0.306,0.0,1.0,0.0,5.482,0.065,25147
德乙,65.0,0.436,0.252,0.312,0.477,0.154,0.369,3.423,0.181,25147
德国杯,18.0,0.436,0.214,0.35,0.667,0.111,0.222,3.912,0.141,25147
德甲,270.0,0.447,0.235,0.319,0.363,0.259,0.378,7.904,0.019,25147
德超杯,1.0,0.187,0.202,0.612,0.0,0.0,1.0,0.635,0.728,25147
意大利杯,12.0,0.572,0.218,0.21,0.583,0.167,0.25,0.244,0.885,25147
意甲,227.0,0.405,0.267,0.329,0.41,0.286,0.304,0.769,0.681,25147
意超杯,1.0,0.535,0.266,0.199,1.0,0.0,0.0,0.869,0.648,25147
挪超,70.0,0.457,0.234,0.309,0.486,0.229,0.286,0.255,0.88,25147
日联杯,9.0,0.339,0.286,0.375,0.333,0.222,0.444,0.247,0.884,25147
欧冠,201.0,0.471,0.227,0.302,0.493,0.189,0.318,1.639,0.441,25147
欧协联,74.0,0.473,0.238,0.289,0.419,0.27,0.311,0.894,0.639,25147
欧国联,98.0,0.437,0.25,0.313,0.398,0.286,0.316,0.846,0.655,25147
欧洲超级杯,1.0,0.677,0.189,0.134,0.0,1.0,0.0,4.284,0.117,25147
欧联,172.0,0.462,0.247,0.292,0.483,0.227,0.291,0.436,0.804,25147
法乙,114.0,0.413,0.28,0.306,0.368,0.325,0.307,1.359,0.507,25147
法国杯,6.0,0.489,0.241,0.271,0.667,0.333,0.0,2.228,0.328,25147
法甲,129.0,0.458,0.237,0.305,0.465,0.225,0.31,0.106,0.948,25147
瑞典超,62.0,0.435,0.245,0.32,0.419,0.258,0.323,0.081,0.96,25147
社区盾杯,1.0,0.199,0.228,0.574,0.0,1.0,0.0,3.395,0.183,25147
美职,43.0,0.463,0.249,0.288,0.372,0.326,0.302,1.82,0.403,25147
芬超,24.0,0.433,0.238,0.329,0.458,0.292,0.25,0.776,0.678,25147
英冠,116.0,0.429,0.273,0.298,0.474,0.216,0.31,2.023,0.364,25147
英甲,2.0,0.357,0.25,0.393,0.5,0.0,0.5,0.672,0.715,25147
英联杯,9.0,0.451,0.246,0.303,0.667,0.222,0.111,2.04,0.361,25147
英超,323.0,0.433,0.238,0.329,0.402,0.257,0.341,1.343,0.511,25147
荷乙,56.0,0.467,0.235,0.298,0.571,0.125,0.304,4.202,0.122,25147
荷兰杯,2.0,0.386,0.158,0.456,0.5,0.0,0.5,0.391,0.823,25147
荷甲,38.0,0.484,0.231,0.285,0.447,0.263,0.289,0.273,0.872,25147
葡超,53.0,0.484,0.258,0.258,0.434,0.302,0.264,0.685,0.71,25147
西甲,230.0,0.441,0.255,0.305,0.47,0.261,0.27,1.403,0.496,25147
解放者杯,18.0,0.484,0.262,0.255,0.5,0.167,0.333,1.067,0.587,25147
足总杯,22.0,0.47,0.222,0.308,0.545,0.227,0.227,0.739,0.691,25147
金杯赛,20.0,0.525,0.21,0.265,0.45,0.35,0.2,2.42,0.298,25147
J2联赛,4.0,0.46,0.266,0.274,0.25,0.25,0.5,1.133,0.568,25148
J联赛,11.0,0.354,0.284,0.362,0.455,0.091,0.455,2.023,0.364,25148
世亚预,53.0,0.45,0.249,0.301,0.491,0.283,0.226,1.423,0.491,25148
世俱杯,63.0,0.436,0.223,0.341,0.476,0.254,0.27,1.454,0.483,25148
世南美预,35.0,0.476,0.262,0.262,0.571,0.314,0.114,3.942,0.139,25148
世欧预,101.0,0.485,0.185,0.33,0.535,0.158,0.307,1.043,0.594,25148
亚冠,31.0,0.515,0.217,0.267,0.645,0.129,0.226,2.325,0.313,25148
国王杯,5.0,0.452,0.247,0.301,0.0,0.4,0.6,4.223,0.121,25148
天皇杯,2.0,0.427,0.267,0.306,0.0,1.0,0.0,5.482,0.065,25148
德乙,65.0,0.436,0.252,0.312,0.477,0.154,0.369,3.423,0.181,25148
德国杯,18.0,0.436,0.214,0.35,0.667,0.111,0.222,3.912,0.141,25148
德甲,269.0,0.447,0.235,0.318,0.364,0.257,0.379,7.846,0.02,25148
德超杯,1.0,0.187,0.202,0.612,0.0,0.0,1.0,0.635,0.728,25148
意大利杯,12.0,0.572,0.218,0.21,0.583,0.167,0.25,0.244,0.885,25148
意甲,228.0,0.406,0.267,0.327,0.404,0.289,0.307,0.724,0.696,25148
意超杯,1.0,0.535,0.266,0.199,1.0,0.0,0.0,0.869,0.648,25148
挪超,70.0,0.457,0.234,0.309,0.486,0.229,0.286,0.255,0.88,25148
日联杯,9.0,0.339,0.286,0.375,0.333,0.222,0.444,0.247,0.884,25148
欧冠,201.0,0.471,0.227,0.302,0.493,0.189,0.318,1.639,0.441,25148
欧协联,74.0,0.473,0.238,0.289,0.419,0.27,0.311,0.894,0.639,25148
欧国联,98.0,0.437,0.25,0.313,0.398,0.286,0.316,0.846,0.655,25148
欧洲超级杯,1.0,0.677,0.189,0.134,0.0,1.0,0.0,4.284,0.117,25148
欧联,172.0,0.462,0.247,0.292,0.483,0.227,0.291,0.436,0.804,25148
法乙,114.0,0.413,0.28,0.306,0.368,0.325,0.307,1.359,0.507,25148
法国杯,6.0,0.489,0.241,0.271,0.667,0.333,0.0,2.228,0.328,25148
法甲,130.0,0.459,0.237,0.304,0.469,0.215,0.315,0.349,0.84,25148
瑞典超,62.0,0.435,0.245,0.32,0.419,0.258,0.323,0.081,0.96,25148
社区盾杯,1.0,0.199,0.228,0.574,0.0,1.0,0.0,3.395,0.183,25148
美职,43.0,0.463,0.249,0.288,0.372,0.326,0.302,1.82,0.403,25148
芬超,24.0,0.433,0.238,0.329,0.458,0.292,0.25,0.776,0.678,25148
英冠,116.0,0.429,0.273,0.298,0.474,0.216,0.31,2.023,0.364,25148
英甲,2.0,0.357,0.25,0.393,0.5,0.0,0.5,0.672,0.715,25148
英联杯,9.0,0.451,0.246,0.303,0.667,0.222,0.111,2.04,0.361,25148
英超,322.0,0.433,0.238,0.329,0.401,0.252,0.348,1.409,0.494,25148
荷乙,56.0,0.467,0.235,0.298,0.571,0.125,0.304,4.202,0.122,25148
荷兰杯,2.0,0.386,0.158,0.456,0.5,0.0,0.5,0.391,0.823,25148
荷甲,38.0,0.484,0.231,0.285,0.447,0.263,0.289,0.273,0.872,25148
葡超,53.0,0.484,0.258,0.258,0.434,0.302,0.264,0.685,0.71,25148
西甲,230.0,0.441,0.254,0.305,0.465,0.261,0.274,1.062,0.588,25148
解放者杯,18.0,0.484,0.262,0.255,0.5,0.167,0.333,1.067,0.587,25148
足总杯,22.0,0.47,0.222,0.308,0.545,0.227,0.227,0.739,0.691,25148
金杯赛,20.0,0.525,0.21,0.265,0.45,0.35,0.2,2.42,0.298,25148
J2联赛,4.0,0.46,0.266,0.274,0.25,0.25,0.5,1.133,0.568,25149
J联赛,11.0,0.354,0.284,0.362,0.455,0.091,0.455,2.023,0.364,25149
世亚预,46.0,0.447,0.25,0.303,0.5,0.283,0.217,1.592,0.451,25149
世俱杯,63.0,0.436,0.223,0.341,0.476,0.254,0.27,1.454,0.483,25149
世南美预,33.0,0.491,0.261,0.248,0.576,0.303,0.121,2.834,0.242,25149
世欧预,101.0,0.485,0.185,0.33,0.535,0.158,0.307,1.043,0.594,25149
亚冠,31.0,0.515,0.217,0.267,0.645,0.129,0.226,2.325,0.313,25149
国王杯,5.0,0.452,0.247,0.301,0.0,0.4,0.6,4.223,0.121,25149
天皇杯,2.0,0.427,0.267,0.306,0.0,1.0,0.0,5.482,0.065,25149
德乙,65.0,0.436,0.252,0.312,0.477,0.154,0.369,3.423,0.181,25149
德国杯,18.0,0.436,0.214,0.35,0.667,0.111,0.222,3.912,0.141,25149
德甲,269.0,0.447,0.235,0.318,0.364,0.257,0.379,7.846,0.02,25149
德超杯,1.0,0.187,0.202,0.612,0.0,0.0,1.0,0.635,0.728,25149
意大利杯,12.0,0.572,0.218,0.21,0.583,0.167,0.25,0.244,0.885,25149
意甲,228.0,0.406,0.267,0.327,0.404,0.289,0.307,0.724,0.696,25149
意超杯,1.0,0.535,0.266,0.199,1.0,0.0,0.0,0.869,0.648,25149
挪超,70.0,0.457,0.234,0.309,0.486,0.229,0.286,0.255,0.88,25149
日联杯,9.0,0.339,0.286,0.375,0.333,0.222,0.444,0.247,0.884,25149
欧冠,210.0,0.467,0.227,0.306,0.49,0.186,0.324,2.081,0.353,25149
欧协联,74.0,0.473,0.238,0.289,0.419,0.27,0.311,0.894,0.639,25149
欧国联,93.0,0.428,0.251,0.321,0.398,0.29,0.312,0.799,0.671,25149
欧洲超级杯,1.0,0.677,0.189,0.134,0.0,1.0,0.0,4.284,0.117,25149
欧联,172.0,0.462,0.247,0.292,0.483,0.227,0.291,0.436,0.804,25149
法乙,114.0,0.413,0.28,0.306,0.368,0.325,0.307,1.359,0.507,25149
法国杯,6.0,0.489,0.241,0.271,0.667,0.333,0.0,2.228,0.328,25149
法甲,130.0,0.459,0.237,0.304,0.469,0.215,0.315,0.349,0.84,25149
瑞典超,62.0,0.435,0.245,0.32,0.419,0.258,0.323,0.081,0.96,25149
社区盾杯,1.0,0.199,0.228,0.574,0.0,1.0,0.0,3.395,0.183,25149
美职,43.0,0.463,0.249,0.288,0.372,0.326,0.302,1.82,0.403,25149
芬超,24.0,0.433,0.238,0.329,0.458,0.292,0.25,0.776,0.678,25149
英冠,121.0,0.426,0.274,0.3,0.479,0.207,0.314,2.89,0.236,25149
英甲,2.0,0.357,0.25,0.393,0.5,0.0,0.5,0.672,0.715,25149
英联杯,9.0,0.451,0.246,0.303,0.667,0.222,0.111,2.04,0.361,25149
英超,322.0,0.433,0.238,0.329,0.401,0.252,0.348,1.409,0.494,25149
荷乙,56.0,0.467,0.235,0.298,0.571,0.125,0.304,4.202,0.122,25149
荷兰杯,2.0,0.386,0.158,0.456,0.5,0.0,0.5,0.391,0.823,25149
荷甲,38.0,0.484,0.231,0.285,0.447,0.263,0.289,0.273,0.872,25149
葡超,53.0,0.484,0.258,0.258,0.434,0.302,0.264,0.685,0.71,25149
西甲,230.0,0.441,0.254,0.305,0.465,0.261,0.274,1.062,0.588,25149
解放者杯,18.0,0.484,0.262,0.255,0.5,0.167,0.333,1.067,0.587,25149
足总杯,22.0,0.47,0.222,0.308,0.545,0.227,0.227,0.739,0.691,25149
金杯赛,20.0,0.525,0.21,0.265,0.45,0.35,0.2,2.42,0.298,25149
J2联赛,4.0,0.46,0.266,0.274,0.25,0.25,0.5,1.133,0.568,25150
J联赛,11.0,0.354,0.284,0.362,0.455,0.091,0.455,2.023,0.364,25150
世亚预,46.0,0.447,0.25,0.303,0.5,0.283,0.217,1.592,0.451,25150
世俱杯,63.0,0.436,0.223,0.341,0.476,0.254,0.27,1.454,0.483,25150
世南美预,32.0,0.5,0.26,0.24,0.562,0.312,0.125,2.354,0.308,25150
世欧预,101.0,0.485,0.185,0.33,0.535,0.158,0.307,1.043,0.594,25150
亚冠,32.0,0.51,0.219,0.271,0.656,0.125,0.219,2.956,0.228,25150
国王杯,5.0,0.452,0.247,0.301,0.0,0.4,0.6,4.223,0.121,25150
天皇杯,2.0,0.427,0.267,0.306,0.0,1.0,0.0,5.482,0.065,25150
德乙,65.0,0.436,0.252,0.312,0.477,0.154,0.369,3.423,0.181,25150
德国杯,18.0,0.436,0.214,0.35,0.667,0.111,0.222,3.912,0.141,25150
德甲,269.0,0.447,0.235,0.318,0.364,0.257,0.379,7.846,0.02,25150
德超杯,1.0,0.187,0.202,0.612,0.0,0.0,1.0,0.635,0.728,25150
意大利杯,12.0,0.572,0.218,0.21,0.583,0.167,0.25,0.244,0.885,25150
意甲,228.0,0.406,0.267,0.327,0.404,0.289,0.307,0.724,0.696,25150
意超杯,1.0,0.535,0.266,0.199,1.0,0.0,0.0,0.869,0.648,25150
挪超,70.0,0.457,0.234,0.309,0.486,0.229,0.286,0.255,0.88,25150
日联杯,9.0,0.339,0.286,0.375,0.333,0.222,0.444,0.247,0.884,25150
欧冠,219.0,0.472,0.226,0.302,0.498,0.187,0.315,1.89,0.389,25150
欧协联,74.0,0.473,0.238,0.289,0.419,0.27,0.311,0.894,0.639,25150
欧国联,80.0,0.435,0.251,0.313,0.388,0.288,0.325,0.866,0.648,25150
欧洲超级杯,1.0,0.677,0.189,0.134,0.0,1.0,0.0,4.284,0.117,25150
欧联,172.0,0.462,0.247,0.292,0.483,0.227,0.291,0.436,0.804,25150
法乙,114.0,0.413,0.28,0.306,0.368,0.325,0.307,1.359,0.507,25150
法国杯,6.0,0.489,0.241,0.271,0.667,0.333,0.0,2.228,0.328,25150
法甲,130.0,0.459,0.237,0.304,0.469,0.215,0.315,0.349,0.84,25150
瑞典超,62.0,0.435,0.245,0.32,0.419,0.258,0.323,0.081,0.96,25150
社区盾杯,1.0,0.199,0.228,0.574,0.0,1.0,0.0,3.395,0.183,25150
美职,43.0,0.463,0.249,0.288,0.372,0.326,0.302,1.82,0.403,25150
芬超,25.0,0.435,0.238,0.328,0.44,0.28,0.28,0.363,0.834,25150
英冠,124.0,0.426,0.274,0.3,0.484,0.202,0.315,3.45,0.178,25150
英甲,2.0,0.357,0.25,0.393,0.5,0.0,0.5,0.672,0.715,25150
英联杯,9.0,0.451,0.246,0.303,0.667,0.222,0.111,2.04,0.361,25150
英超,322.0,0.433,0.238,0.329,0.401,0.252,0.348,1.409,0.494,25150
荷乙,56.0,0.467,0.235,0.298,0.571,0.125,0.304,4.202,0.122,25150
荷兰杯,2.0,0.386,0.158,0.456,0.5,0.0,0.5,0.391,0.823,25150
荷甲,38.0,0.484,0.231,0.285,0.447,0.263,0.289,0.273,0.872,25150
葡超,53.0,0.484,0.258,0.258,0.434,0.302,0.264,0.685,0.71,25150
西甲,230.0,0.441,0.254,0.305,0.465,0.261,0.274,1.062,0.588,25150
解放者杯,18.0,0.484,0.262,0.255,0.5,0.167,0.333,1.067,0.587,25150
足总杯,22.0,0.47,0.222,0.308,0.545,0.227,0.227,0.739,0.691,25150
金杯赛,20.0,0.525,0.21,0.265,0.45,0.35,0.2,2.42,0.298,25150
J2联赛,4.0,0.46,0.266,0.274,0.25,0.25,0.5,1.133,0.568,25151
J联赛,11.0,0.354,0.284,0.362,0.455,0.091,0.455,2.023,0.364,25151
世亚预,46.0,0.447,0.25,0.303,0.5,0.283,0.217,1.592,0.451,25151
世俱杯,63.0,0.436,0.223,0.341,0.476,0.254,0.27,1.454,0.483,25151
世南美预,32.0,0.5,0.26,0.24,0.562,0.312,0.125,2.354,0.308,25151
世欧预,101.0,0.485,0.185,0.33,0.535,0.158,0.307,1.043,0.594,25151
亚冠,32.0,0.51,0.219,0.271,0.656,0.125,0.219,2.956,0.228,25151
国王杯,5.0,0.452,0.247,0.301,0.0,0.4,0.6,4.223,0.121,25151
天皇杯,2.0,0.427,0.267,0.306,0.0,1.0,0.0,5.482,0.065,25151
德乙,65.0,0.436,0.252,0.312,0.477,0.154,0.369,3.423,0.181,25151
德国杯,18.0,0.436,0.214,0.35,0.667,0.111,0.222,3.912,0.141,25151
德甲,269.0,0.447,0.235,0.318,0.364,0.257,0.379,7.846,0.02,25151
德超杯,1.0,0.187,0.202,0.612,0.0,0.0,1.0,0.635,0.728,25151
意大利杯,12.0,0.572,0.218,0.21,0.583,0.167,0.25,0.244,0.885,25151
意甲,228.0,0.406,0.267,0.327,0.404,0.289,0.307,0.724,0.696,25151
意超杯,1.0,0.535,0.266,0.199,1.0,0.0,0.0,0.869,0.648,25151
挪超,70.0,0.457,0.234,0.309,0.486,0.229,0.286,0.255,0.88,25151
日联杯,9.0,0.339,0.286,0.375,0.333,0.222,0.444,0.247,0.884,25151
欧冠,219.0,0.472,0.226,0.302,0.498,0.187,0.315,1.89,0.389,25151
欧协联,74.0,0.473,0.238,0.289,0.419,0.27,0.311,0.894,0.639,25151
欧国联,66.0,0.457,0.25,0.292,0.409,0.318,0.273,1.654,0.437,25151
欧洲超级杯,1.0,0.677,0.189,0.134,0.0,1.0,0.0,4.284,0.117,25151
欧联,186.0,0.463,0.246,0.291,0.5,0.215,0.285,1.284,0.526,25151
法乙,114.0,0.413,0.28,0.306,0.368,0.325,0.307,1.359,0.507,25151
法国杯,6.0,0.489,0.241,0.271,0.667,0.333,0.0,2.228,0.328,25151
法甲,130.0,0.459,0.237,0.304,0.469,0.215,0.315,0.349,0.84,25151
瑞典超,62.0,0.435,0.245,0.32,0.419,0.258,0.323,0.081,0.96,25151
社区盾杯,1.0,0.199,0.228,0.574,0.0,1.0,0.0,3.395,0.183,25151
美职,43.0,0.463,0.249,0.288,0.372,0.326,0.302,1.82,0.403,25151
芬超,25.0,0.435,0.238,0.328,0.44,0.28,0.28,0.363,0.834,25151
英冠,124.0,0.426,0.274,0.3,0.484,0.202,0.315,3.45,0.178,25151
英甲,2.0,0.357,0.25,0.393,0.5,0.0,0.5,0.672,0.715,25151
英联杯,9.0,0.451,0.246,0.303,0.667,0.222,0.111,2.04,0.361,25151
英超,322.0,0.433,0.238,0.329,0.401,0.252,0.348,1.409,0.494,25151
荷乙,56.0,0.467,0.235,0.298,0.571,0.125,0.304,4.202,0.122,25151
荷兰杯,2.0,0.386,0.158,0.456,0.5,0.0,0.5,0.391,0.823,25151
荷甲,38.0,0.484,0.231,0.285,0.447,0.263,0.289,0.273,0.872,25151
葡超,53.0,0.484,0.258,0.258,0.434,0.302,0.264,0.685,0.71,25151
西甲,230.0,0.441,0.254,0.305,0.465,0.261,0.274,1.062,0.588,25151
解放者杯,18.0,0.484,0.262,0.255,0.5,0.167,0.333,1.067,0.587,25151
足总杯,22.0,0.47,0.222,0.308,0.545,0.227,0.227,0.739,0.691,25151
金杯赛,20.0,0.525,0.21,0.265,0.45,0.35,0.2,2.42,0.298,25151
J2联赛,4.0,0.46,0.266,0.274,0.25,0.25,0.5,1.133,0.568,25152
J联赛,11.0,0.354,0.284,0.362,0.455,0.091,0.455,2.023,0.364,25152
世亚预,40.0,0.428,0.25,0.322,0.475,0.275,0.25,0.95,0.622,25152
世俱杯,63.0,0.436,0.223,0.341,0.476,0.254,0.27,1.454,0.483,25152
世南美预,29.0,0.475,0.269,0.256,0.552,0.31,0.138,2.122,0.346,25152
世欧预,101.0,0.485,0.185,0.33,0.535,0.158,0.307,1.043,0.594,25152
亚冠,32.0,0.51,0.219,0.271,0.656,0.125,0.219,2.956,0.228,25152
国王杯,5.0,0.452,0.247,0.301,0.0,0.4,0.6,4.223,0.121,25152
天皇杯,2.0,0.427,0.267,0.306,0.0,1.0,0.0,5.482,0.065,25152
德乙,67.0,0.434,0.252,0.313,0.478,0.149,0.373,3.869,0.145,25152
德国杯,18.0,0.436,0.214,0.35,0.667,0.111,0.222,3.912,0.141,25152
德甲,270.0,0.447,0.235,0.318,0.367,0.256,0.378,7.437,0.024,25152
德超杯,1.0,0.187,0.202,0.612,0.0,0.0,1.0,0.635,0.728,25152
意大利杯,12.0,0.572,0.218,0.21,0.583,0.167,0.25,0.244,0.885,25152
意甲,229.0,0.407,0.267,0.326,0.402,0.293,0.306,0.897,0.638,25152
意超杯,1.0,0.535,0.266,0.199,1.0,0.0,0.0,0.869,0.648,25152
挪超,70.0,0.457,0.234,0.309,0.486,0.229,0.286,0.255,0.88,25152
日联杯,9.0,0.339,0.286,0.375,0.333,0.222,0.444,0.247,0.884,25152
欧冠,219.0,0.472,0.226,0.302,0.498,0.187,0.315,1.89,0.389,25152
欧协联,74.0,0.473,0.238,0.289,0.419,0.27,0.311,0.894,0.639,25152
欧国联,61.0,0.46,0.25,0.291,0.41,0.295,0.295,0.844,0.656,25152
欧洲超级杯,1.0,0.677,0.189,0.134,0.0,1.0,0.0,4.284,0.117,25152
欧联,186.0,0.463,0.246,0.291,0.5,0.215,0.285,1.284,0.526,25152
法乙,118.0,0.417,0.28,0.304,0.373,0.322,0.305,1.296,0.523,25152
法国杯,6.0,0.489,0.241,0.271,0.667,0.333,0.0,2.228,0.328,25152
法甲,131.0,0.46,0.237,0.303,0.466,0.214,0.321,0.452,0.798,25152
瑞典超,62.0,0.435,0.245,0.32,0.419,0.258,0.323,0.081,0.96,25152
社区盾杯,1.0,0.199,0.228,0.574,0.0,1.0,0.0,3.395,0.183,25152
美职,43.0,0.463,0.249,0.288,0.372,0.326,0.302,1.82,0.403,25152
芬超,25.0,0.435,0.238,0.328,0.44,0.28,0.28,0.363,0.834,25152
英冠,125.0,0.425,0.274,0.301,0.488,0.2,0.312,3.736,0.154,25152
英甲,2.0,0.357,0.25,0.393,0.5,0.0,0.5,0.672,0.715,25152
英联杯,9.0,0.451,0.246,0.303,0.667,0.222,0.111,2.04,0.361,25152
英超,323.0,0.434,0.238,0.328,0.402,0.251,0.347,1.281,0.527,25152
荷乙,56.0,0.467,0.235,0.298,0.571,0.125,0.304,4.202,0.122,25152
荷兰杯,2.0,0.386,0.158,0.456,0.5,0.0,0.5,0.391,0.823,25152
荷甲,39.0,0.486,0.231,0.282,0.436,0.282,0.282,0.643,0.725,25152
葡超,54.0,0.481,0.259,0.261,0.426,0.296,0.278,0.696,0.706,25152
西甲,231.0,0.441,0.255,0.304,0.468,0.26,0.273,1.155,0.561,25152
解放者杯,18.0,0.484,0.262,0.255,0.5,0.167,0.333,1.067,0.587,25152
足总杯,22.0,0.47,0.222,0.308,0.545,0.227,0.227,0.739,0.691,25152
金杯赛,20.0,0.525,0.21,0.265,0.45,0.35,0.2,2.42,0.298,25152
J2联赛,4.0,0.46,0.266,0.274,0.25,0.25,0.5,1.133,0.568,25153
J联赛,11.0,0.354,0.284,0.362,0.455,0.091,0.455,2.023,0.364,25153
世亚预,40.0,0.428,0.25,0.322,0.475,0.275,0.25,0.95,0.622,25153
世俱杯,63.0,0.436,0.223,0.341,0.476,0.254,0.27,1.454,0.483,25153
世南美预,29.0,0.475,0.269,0.256,0.552,0.31,0.138,2.122,0.346,25153
世欧预,101.0,0.485,0.185,0.33,0.535,0.158,0.307,1.043,0.594,25153
亚冠,32.0,0.51,0.219,0.271,0.656,0.125,0.219,2.956,0.228,25153
国王杯,5.0,0.452,0.247,0.301,0.0,0.4,0.6,4.223,0.121,25153
天皇杯,2.0,0.427,0.267,0.306,0.0,1.0,0.0,5.482,0.065,25153
德乙,65.0,0.436,0.253,0.312,0.462,0.154,0.385,3.721,0.156,25153
德国杯,18.0,0.436,0.214,0.35,0.667,0.111,0.222,3.912,0.141,25153
德甲,274.0,0.445,0.235,0.319,0.365,0.252,0.383,7.782,0.02,25153
德超杯,1.0,0.187,0.202,0.612,0.0,0.0,1.0,0.635,0.728,25153
意大利杯,12.0,0.572,0.218,0.21,0.583,0.167,0.25,0.244,0.885,25153
意甲,231.0,0.406,0.266,0.328,0.403,0.294,0.303,1.124,0.57,25153
意超杯,1.0,0.535,0.266,0.199,1.0,0.0,0.0,0.869,0.648,25153
挪超,70.0,0.457,0.234,0.309,0.486,0.229,0.286,0.255,0.88,25153
日联杯,9.0,0.339,0.286,0.375,0.333,0.222,0.444,0.247,0.884,25153
欧冠,219.0,0.472,0.226,0.302,0.498,0.187,0.315,1.89,0.389,25153
欧协联,74.0,0.473,0.238,0.289,0.419,0.27,0.311,0.894,0.639,25153
欧国联,61.0,0.46,0.25,0.291,0.41,0.295,0.295,0.844,0.656,25153
欧洲超级杯,1.0,0.677,0.189,0.134,0.0,1.0,0.0,4.284,0.117,25153
欧联,186.0,0.463,0.246,0.291,0.5,0.215,0.285,1.284,0.526,25153
法乙,112.0,0.419,0.28,0.301,0.375,0.321,0.304,1.221,0.543,25153
法国杯,6.0,0.489,0.241,0.271,0.667,0.333,0.0,2.228,0.328,25153
法甲,130.0,0.46,0.237,0.303,0.469,0.208,0.323,0.668,0.716,25153
瑞典超,62.0,0.435,0.245,0.32,0.419,0.258,0.323,0.081,0.96,25153
社区盾杯,1.0,0.199,0.228,0.574,0.0,1.0,0.0,3.395,0.183,25153
美职,43.0,0.463,0.249,0.288,0.372,0.326,0.302,1.82,0.403,25153
芬超,25.0,0.435,0.238,0.328,0.44,0.28,0.28,0.363,0.834,25153
英冠,124.0,0.424,0.274,0.301,0.484,0.202,0.315,3.501,0.174,25153
英甲,2.0,0.357,0.25,0.393,0.5,0.0,0.5,0.672,0.715,25153
英联杯,9.0,0.451,0.246,0.303,0.667,0.222,0.111,2.04,0.361,25153
英超,327.0,0.434,0.238,0.328,0.407,0.248,0.346,1.028,0.598,25153
荷乙,54.0,0.47,0.234,0.296,0.593,0.13,0.278,4.326,0.115,25153
荷兰杯,2.0,0.386,0.158,0.456,0.5,0.0,0.5,0.391,0.823,25153
荷甲,39.0,0.486,0.231,0.282,0.436,0.282,0.282,0.643,0.725,25153
葡超,54.0,0.481,0.259,0.261,0.426,0.296,0.278,0.696,0.706,25153
西甲,233.0,0.44,0.255,0.305,0.468,0.258,0.275,1.095,0.578,25153
解放者杯,18.0,0.484,0.262,0.255,0.5,0.167,0.333,1.067,0.587,25153
足总杯,22.0,0.47,0.222,0.308,0.545,0.227,0.227,0.739,0.691,25153
金杯赛,20.0,0.525,0.21,0.265,0.45,0.35,0.2,2.42,0.298,25153
J2联赛,4.0,0.46,0.266,0.274,0.25,0.25,0.5,1.133,0.568,25154
J联赛,11.0,0.354,0.284,0.362,0.455,0.091,0.455,2.023,0.364,25154
世亚预,40.0,0.428,0.25,0.322,0.475,0.275,0.25,0.95,0.622,25154
世俱杯,63.0,0.436,0.223,0.341,0.476,0.254,0.27,1.454,0.483,25154
世南美预,29.0,0.475,0.269,0.256,0.552,0.31,0.138,2.122,0.346,25154
世欧预,101.0,0.485,0.185,0.33,0.535,0.158,0.307,1.043,0.594,25154
亚冠,32.0,0.51,0.219,0.271,0.656,0.125,0.219,2.956,0.228,25154
国王杯,5.0,0.452,0.247,0.301,0.0,0.4,0.6,4.223,0.121,25154
天皇杯,2.0,0.427,0.267,0.306,0.0,1.0,0.0,5.482,0.065,25154
德乙,65.0,0.436,0.253,0.312,0.462,0.154,0.385,3.721,0.156,25154
德国杯,18.0,0.436,0.214,0.35,0.667,0.111,0.222,3.912,0.141,25154
德甲,272.0,0.444,0.236,0.32,0.364,0.254,0.382,7.576,0.023,25154
德超杯,1.0,0.187,0.202,0.612,0.0,0.0,1.0,0.635,0.728,25154
意大利杯,12.0,0.572,0.218,0.21,0.583,0.167,0.25,0.244,0.885,25154
意甲,233.0,0.403,0.267,0.33,0.395,0.3,0.305,1.452,0.484,25154
意超杯,1.0,0.535,0.266,0.199,1.0,0.0,0.0,0.869,0.648,25154
挪超,70.0,0.457,0.234,0.309,0.486,0.229,0.286,0.255,0.88,25154
日联杯,9.0,0.339,0.286,0.375,0.333,0.222,0.444,0.247,0.884,25154
欧冠,219.0,0.472,0.226,0.302,0.498,0.187,0.315,1.89,0.389,25154
欧协联,74.0,0.473,0.238,0.289,0.419,0.27,0.311,0.894,0.639,25154
欧国联,61.0,0.46,0.25,0.291,0.41,0.295,0.295,0.844,0.656,25154
欧洲超级杯,1.0,0.677,0.189,0.134,0.0,1.0,0.0,4.284,0.117,25154
欧联,186.0,0.463,0.246,0.291,0.5,0.215,0.285,1.284,0.526,25154
法乙,112.0,0.419,0.28,0.301,0.375,0.321,0.304,1.221,0.543,25154
法国杯,6.0,0.489,0.241,0.271,0.667,0.333,0.0,2.228,0.328,25154
法甲,130.0,0.46,0.237,0.303,0.469,0.208,0.323,0.668,0.716,25154
瑞典超,62.0,0.435,0.245,0.32,0.419,0.258,0.323,0.081,0.96,25154
社区盾杯,1.0,0.199,0.228,0.574,0.0,1.0,0.0,3.395,0.183,25154
美职,43.0,0.463,0.249,0.288,0.372,0.326,0.302,1.82,0.403,25154
芬超,25.0,0.435,0.238,0.328,0.44,0.28,0.28,0.363,0.834,25154
英冠,124.0,0.424,0.274,0.301,0.484,0.202,0.315,3.501,0.174,25154
英甲,2.0,0.357,0.25,0.393,0.5,0.0,0.5,0.672,0.715,25154
英联杯,9.0,0.451,0.246,0.303,0.667,0.222,0.111,2.04,0.361,25154
英超,326.0,0.435,0.238,0.327,0.411,0.248,0.34,0.762,0.683,25154
荷乙,54.0,0.47,0.234,0.296,0.593,0.13,0.278,4.326,0.115,25154
荷兰杯,2.0,0.386,0.158,0.456,0.5,0.0,0.5,0.391,0.823,25154
荷甲,39.0,0.486,0.231,0.282,0.436,0.282,0.282,0.643,0.725,25154
葡超,54.0,0.481,0.259,0.261,0.426,0.296,0.278,0.696,0.706,25154
西甲,234.0,0.442,0.255,0.303,0.474,0.256,0.269,1.449,0.485,25154
解放者杯,18.0,0.484,0.262,0.255,0.5,0.167,0.333,1.067,0.587,25154
足总杯,22.0,0.47,0.222,0.308,0.545,0.227,0.227,0.739,0.691,25154
金杯赛,20.0,0.525,0.21,0.265,0.45,0.35,0.2,2.42,0.298,25154
J2联赛,4.0,0.46,0.266,0.274,0.25,0.25,0.5,1.133,0.568,25155
J联赛,11.0,0.354,0.284,0.362,0.455,0.091,0.455,2.023,0.364,25155
世亚预,40.0,0.428,0.25,0.322,0.475,0.275,0.25,0.95,0.622,25155
世俱杯,63.0,0.436,0.223,0.341,0.476,0.254,0.27,1.454,0.483,25155
世南美预,29.0,0.475,0.269,0.256,0.552,0.31,0.138,2.122,0.346,25155
世欧预,101.0,0.485,0.185,0.33,0.535,0.158,0.307,1.043,0.594,25155
亚冠,32.0,0.51,0.219,0.271,0.656,0.125,0.219,2.956,0.228,25155
国王杯,5.0,0.452,0.247,0.301,0.0,0.4,0.6,4.223,0.121,25155
天皇杯,2.0,0.427,0.267,0.306,0.0,1.0,0.0,5.482,0.065,25155
德乙,65.0,0.436,0.253,0.312,0.462,0.154,0.385,3.721,0.156,25155
德国杯,25.0,0.44,0.222,0.338,0.56,0.16,0.28,1.508,0.471,25155
德甲,270.0,0.445,0.236,0.32,0.367,0.256,0.378,6.975,0.031,25155
德超杯,1.0,0.187,0.202,0.612,0.0,0.0,1.0,0.635,0.728,25155
意大利杯,12.0,0.572,0.218,0.21,0.583,0.167,0.25,0.244,0.885,25155
意甲,231.0,0.404,0.267,0.329,0.394,0.307,0.299,2.099,0.35,25155
意超杯,1.0,0.535,0.266,0.199,1.0,0.0,0.0,0.869,0.648,25155
挪超,70.0,0.457,0.234,0.309,0.486,0.229,0.286,0.255,0.88,25155
日联杯,9.0,0.339,0.286,0.375,0.333,0.222,0.444,0.247,0.884,25155
欧冠,219.0,0.472,0.226,0.302,0.498,0.187,0.315,1.89,0.389,25155
欧协联,74.0,0.473,0.238,0.289,0.419,0.27,0.311,0.894,0.639,25155
欧国联,61.0,0.46,0.25,0.291,0.41,0.295,0.295,0.844,0.656,25155
欧洲超级杯,1.0,0.677,0.189,0.134,0.0,1.0,0.0,4.284,0.117,25155
欧联,186.0,0.463,0.246,0.291,0.5,0.215,0.285,1.284,0.526,25155
法乙,117.0,0.418,0.279,0.303,0.385,0.316,0.299,0.887,0.642,25155
法国杯,6.0,0.489,0.241,0.271,0.667,0.333,0.0,2.228,0.328,25155
法甲,127.0,0.465,0.236,0.298,0.48,0.205,0.315,0.719,0.698,25155
瑞典超,62.0,0.435,0.245,0.32,0.419,0.258,0.323,0.081,0.96,25155
社区盾杯,1.0,0.199,0.228,0.574,0.0,1.0,0.0,3.395,0.183,25155
美职,43.0,0.463,0.249,0.288,0.372,0.326,0.302,1.82,0.403,25155
芬超,25.0,0.435,0.238,0.328,0.44,0.28,0.28,0.363,0.834,25155
英冠,124.0,0.424,0.274,0.301,0.484,0.202,0.315,3.501,0.174,25155
英甲,2.0,0.357,0.25,0.393,0.5,0.0,0.5,0.672,0.715,25155
英联杯,9.0,0.451,0.246,0.303,0.667,0.222,0.111,2.04,0.361,25155
英超,324.0,0.436,0.238,0.326,0.41,0.25,0.34,0.832,0.66,25155
荷乙,54.0,0.47,0.234,0.296,0.593,0.13,0.278,4.326,0.115,25155
荷兰杯,2.0,0.386,0.158,0.456,0.5,0.0,0.5,0.391,0.823,25155
荷甲,39.0,0.486,0.231,0.282,0.436,0.282,0.282,0.643,0.725,25155
葡超,54.0,0.481,0.259,0.261,0.426,0.296,0.278,0.696,0.706,25155
西甲,231.0,0.439,0.256,0.305,0.472,0.255,0.273,1.363,0.506,25155
解放者杯,18.0,0.484,0.262,0.255,0.5,0.167,0.333,1.067,0.587,25155
足总杯,22.0,0.47,0.222,0.308,0.545,0.227,0.227,0.739,0.691,25155
金杯赛,20.0,0.525,0.21,0.265,0.45,0.35,0.2,2.42,0.298,25155
J2联赛,4.0,0.46,0.266,0.274,0.25,0.25,0.5,1.133,0.568,25156
J联赛,11.0,0.354,0.284,0.362,0.455,0.091,0.455,2.023,0.364,25156
世亚预,40.0,0.428,0.25,0.322,0.475,0.275,0.25,0.95,0.622,25156
世俱杯,63.0,0.436,0.223,0.341,0.476,0.254,0.27,1.454,0.483,25156
世南美预,29.0,0.475,0.269,0.256,0.552,0.31,0.138,2.122,0.346,25156
世欧预,101.0,0.485,0.185,0.33,0.535,0.158,0.307,1.043,0.594,25156
亚冠,32.0,0.51,0.219,0.271,0.656,0.125,0.219,2.956,0.228,25156
国王杯,5.0,0.452,0.247,0.301,0.0,0.4,0.6,4.223,0.121,25156
天皇杯,2.0,0.427,0.267,0.306,0.0,1.0,0.0,5.482,0.065,25156
德乙,65.0,0.436,0.253,0.312,0.462,0.154,0.385,3.721,0.156,25156
德国杯,27.0,0.423,0.221,0.356,0.519,0.148,0.333,1.264,0.531,25156
德甲,270.0,0.445,0.236,0.32,0.367,0.256,0.378,6.975,0.031,25156
德超杯,1.0,0.187,0.202,0.612,0.0,0.0,1.0,0.635,0.728,25156
意大利杯,12.0,0.572,0.218,0.21,0.583,0.167,0.25,0.244,0.885,25156
意甲,237.0,0.409,0.266,0.324,0.401,0.304,0.295,1.899,0.387,25156
意超杯,1.0,0.535,0.266,0.199,1.0,0.0,0.0,0.869,0.648,25156
挪超,70.0,0.457,0.234,0.309,0.486,0.229,0.286,0.255,0.88,25156
日联杯,9.0,0.339,0.286,0.375,0.333,0.222,0.444,0.247,0.884,25156
欧冠,205.0,0.469,0.228,0.303,0.502,0.185,0.312,2.154,0.341,25156
欧协联,74.0,0.473,0.238,0.289,0.419,0.27,0.311,0.894,0.639,25156
欧国联,61.0,0.46,0.25,0.291,0.41,0.295,0.295,0.844,0.656,25156
欧洲超级杯,1.0,0.677,0.189,0.134,0.0,1.0,0.0,4.284,0.117,25156
欧联,186.0,0.463,0.246,0.291,0.5,0.215,0.285,1.284,0.526,25156
法乙,117.0,0.418,0.279,0.303,0.385,0.316,0.299,0.887,0.642,25156
法国杯,6.0,0.489,0.241,0.271,0.667,0.333,0.0,2.228,0.328,25156
法甲,129.0,0.461,0.236,0.302,0.473,0.217,0.31,0.258,0.879,25156
瑞典超,62.0,0.435,0.245,0.32,0.419,0.258,0.323,0.081,0.96,25156
社区盾杯,1.0,0.199,0.228,0.574,0.0,1.0,0.0,3.395,0.183,25156
美职,43.0,0.463,0.249,0.288,0.372,0.326,0.302,1.82,0.403,25156
芬超,25.0,0.435,0.238,0.328,0.44,0.28,0.28,0.363,0.834,25156
英冠,124.0,0.424,0.274,0.301,0.484,0.202,0.315,3.501,0.174,25156
英甲,2.0,0.357,0.25,0.393,0.5,0.0,0.5,0.672,0.715,25156
英联杯,13.0,0.44,0.248,0.312,0.615,0.154,0.231,1.656,0.437,25156
英超,324.0,0.436,0.238,0.326,0.41,0.25,0.34,0.832,0.66,25156
荷乙,54.0,0.47,0.234,0.296,0.593,0.13,0.278,4.326,0.115,25156
荷兰杯,2.0,0.386,0.158,0.456,0.5,0.0,0.5,0.391,0.823,25156
荷甲,39.0,0.486,0.231,0.282,0.436,0.282,0.282,0.643,0.725,25156
葡超,54.0,0.481,0.259,0.261,0.426,0.296,0.278,0.696,0.706,25156
西甲,231.0,0.439,0.256,0.305,0.472,0.255,0.273,1.363,0.506,25156
解放者杯,18.0,0.484,0.262,0.255,0.5,0.167,0.333,1.067,0.587,25156
足总杯,22.0,0.47,0.222,0.308,0.545,0.227,0.227,0.739,0.691,25156
金杯赛,20.0,0.525,0.21,0.265,0.45,0.35,0.2,2.42,0.298,25156
J2联赛,4.0,0.46,0.266,0.274,0.25,0.25,0.5,1.133,0.568,25157
J联赛,11.0,0.354,0.284,0.362,0.455,0.091,0.455,2.023,0.364,25157
世亚预,40.0,0.428,0.25,0.322,0.475,0.275,0.25,0.95,0.622,25157
世俱杯,63.0,0.436,0.223,0.341,0.476,0.254,0.27,1.454,0.483,25157
世南美预,29.0,0.475,0.269,0.256,0.552,0.31,0.138,2.122,0.346,25157
世欧预,101.0,0.485,0.185,0.33,0.535,0.158,0.307,1.043,0.594,25157
亚冠,32.0,0.51,0.219,0.271,0.656,0.125,0.219,2.956,0.228,25157
国王杯,5.0,0.452,0.247,0.301,0.0,0.4,0.6,4.223,0.121,25157
天皇杯,2.0,0.427,0.267,0.306,0.0,1.0,0.0,5.482,0.065,25157
德乙,67.0,0.433,0.253,0.314,0.463,0.164,0.373,2.966,0.227,25157
德国杯,27.0,0.423,0.221,0.356,0.519,0.148,0.333,1.264,0.531,25157
德甲,271.0,0.444,0.236,0.321,0.365,0.255,0.38,7.12,0.028,25157
德超杯,1.0,0.187,0.202,0.612,0.0,0.0,1.0,0.635,0.728,25157
意大利杯,12.0,0.572,0.218,0.21,0.583,0.167,0.25,0.244,0.885,25157
意甲,237.0,0.409,0.266,0.324,0.401,0.304,0.295,1.899,0.387,25157
意超杯,1.0,0.535,0.266,0.199,1.0,0.0,0.0,0.869,0.648,25157
挪超,70.0,0.457,0.234,0.309,0.486,0.229,0.286,0.255,0.88,25157
日联杯,9.0,0.339,0.286,0.375,0.333,0.222,0.444,0.247,0.884,25157
欧冠,205.0,0.469,0.228,0.303,0.502,0.185,0.312,2.154,0.341,25157
欧协联,74.0,0.473,0.238,0.289,0.419,0.27,0.311,0.894,0.639,25157
欧国联,61.0,0.46,0.25,0.291,0.41,0.295,0.295,0.844,0.656,25157
欧洲超级杯,1.0,0.677,0.189,0.134,0.0,1.0,0.0,4.284,0.117,25157
欧联,172.0,0.459,0.246,0.295,0.494,0.221,0.285,0.972,0.615,25157
法乙,122.0,0.421,0.279,0.3,0.402,0.311,0.287,0.623,0.732,25157
法国杯,6.0,0.489,0.241,0.271,0.667,0.333,0.0,2.228,0.328,25157
法甲,129.0,0.461,0.236,0.302,0.473,0.217,0.31,0.258,0.879,25157
瑞典超,62.0,0.435,0.245,0.32,0.419,0.258,0.323,0.081,0.96,25157
社区盾杯,1.0,0.199,0.228,0.574,0.0,1.0,0.0,3.395,0.183,25157
美职,43.0,0.463,0.249,0.288,0.372,0.326,0.302,1.82,0.403,25157
芬超,25.0,0.435,0.238,0.328,0.44,0.28,0.28,0.363,0.834,25157
英冠,125.0,0.423,0.274,0.302,0.488,0.2,0.312,3.789,0.15,25157
英甲,2.0,0.357,0.25,0.393,0.5,0.0,0.5,0.672,0.715,25157
英联杯,13.0,0.44,0.248,0.312,0.615,0.154,0.231,1.656,0.437,25157
英超,324.0,0.436,0.238,0.326,0.41,0.25,0.34,0.832,0.66,25157
荷乙,56.0,0.465,0.235,0.3,0.571,0.125,0.304,4.232,0.121,25157
荷兰杯,2.0,0.386,0.158,0.456,0.5,0.0,0.5,0.391,0.823,25157
荷甲,40.0,0.495,0.228,0.277,0.45,0.275,0.275,0.555,0.758,25157
葡超,55.0,0.488,0.256,0.257,0.436,0.291,0.273,0.617,0.735,25157
西甲,232.0,0.439,0.256,0.305,0.474,0.254,0.272,1.497,0.473,25157
解放者杯,18.0,0.484,0.262,0.255,0.5,0.167,0.333,1.067,0.587,25157
足总杯,22.0,0.47,0.222,0.308,0.545,0.227,0.227,0.739,0.691,25157
金杯赛,20.0,0.525,0.21,0.265,0.45,0.35,0.2,2.42,0.298,25157
J2联赛,4.0,0.46,0.266,0.274,0.25,0.25,0.5,1.133,0.568,25158
J联赛,11.0,0.354,0.284,0.362,0.455,0.091,0.455,2.023,0.364,25158
世亚预,40.0,0.428,0.25,0.322,0.475,0.275,0.25,0.95,0.622,25158
世俱杯,63.0,0.436,0.223,0.341,0.476,0.254,0.27,1.454,0.483,25158
世南美预,29.0,0.475,0.269,0.256,0.552,0.31,0.138,2.122,0.346,25158
世欧预,101.0,0.485,0.185,0.33,0.535,0.158,0.307,1.043,0.594,25158
亚冠,32.0,0.51,0.219,0.271,0.656,0.125,0.219,2.956,0.228,25158
国王杯,5.0,0.452,0.247,0.301,0.0,0.4,0.6,4.223,0.121,25158
天皇杯,2.0,0.427,0.267,0.306,0.0,1.0,0.0,5.482,0.065,25158
德乙,65.0,0.428,0.254,0.318,0.462,0.169,0.369,2.535,0.282,25158
德国杯,27.0,0.423,0.221,0.356,0.519,0.148,0.333,1.264,0.531,25158
德甲,274.0,0.444,0.235,0.321,0.369,0.255,0.376,6.551,0.038,25158
德超杯,1.0,0.187,0.202,0.612,0.0,0.0,1.0,0.635,0.728,25158
意大利杯,12.0,0.572,0.218,0.21,0.583,0.167,0.25,0.244,0.885,25158
意甲,236.0,0.408,0.266,0.326,0.394,0.305,0.301,1.934,0.38,25158
意超杯,1.0,0.535,0.266,0.199,1.0,0.0,0.0,0.869,0.648,25158
挪超,70.0,0.457,0.234,0.309,0.486,0.229,0.286,0.255,0.88,25158
日联杯,9.0,0.339,0.286,0.375,0.333,0.222,0.444,0.247,0.884,25158
欧冠,205.0,0.469,0.228,0.303,0.502,0.185,0.312,2.154,0.341,25158
欧协联,74.0,0.473,0.238,0.289,0.419,0.27,0.311,0.894,0.639,25158
欧国联,61.0,0.46,0.25,0.291,0.41,0.295,0.295,0.844,0.656,25158
欧洲超级杯,1.0,0.677,0.189,0.134,0.0,1.0,0.0,4.284,0.117,25158
欧联,172.0,0.459,0.246,0.295,0.494,0.221,0.285,0.972,0.615,25158
法乙,119.0,0.422,0.279,0.299,0.395,0.311,0.294,0.636,0.727,25158
法国杯,6.0,0.489,0.241,0.271,0.667,0.333,0.0,2.228,0.328,25158
法甲,128.0,0.46,0.236,0.304,0.469,0.219,0.312,0.217,0.897,25158
瑞典超,62.0,0.435,0.245,0.32,0.419,0.258,0.323,0.081,0.96,25158
社区盾杯,1.0,0.199,0.228,0.574,0.0,1.0,0.0,3.395,0.183,25158
美职,43.0,0.463,0.249,0.288,0.372,0.326,0.302,1.82,0.403,25158
芬超,25.0,0.435,0.238,0.328,0.44,0.28,0.28,0.363,0.834,25158
英冠,124.0,0.425,0.274,0.301,0.492,0.202,0.306,3.725,0.155,25158
英甲,2.0,0.357,0.25,0.393,0.5,0.0,0.5,0.672,0.715,25158
英联杯,13.0,0.44,0.248,0.312,0.615,0.154,0.231,1.656,0.437,25158
英超,330.0,0.435,0.238,0.327,0.415,0.248,0.336,0.537,0.765,25158
荷乙,56.0,0.465,0.235,0.3,0.571,0.125,0.304,4.232,0.121,25158
荷兰杯,2.0,0.386,0.158,0.456,0.5,0.0,0.5,0.391,0.823,25158
荷甲,40.0,0.495,0.228,0.277,0.45,0.275,0.275,0.555,0.758,25158
葡超,53.0,0.489,0.254,0.257,0.415,0.302,0.283,1.217,0.544,25158
西甲,233.0,0.441,0.255,0.304,0.481,0.253,0.266,1.918,0.383,25158
解放者杯,18.0,0.484,0.262,0.255,0.5,0.167,0.333,1.067,0.587,25158
足总杯,22.0,0.47,0.222,0.308,0.545,0.227,0.227,0.739,0.691,25158
金杯赛,20.0,0.525,0.21,0.265,0.45,0.35,0.2,2.42,0.298,25158
J2联赛,4.0,0.46,0.266,0.274,0.25,0.25,0.5,1.133,0.568,25159
J联赛,11.0,0.354,0.284,0.362,0.455,0.091,0.455,2.023,0.364,25159
世亚预,40.0,0.428,0.25,0.322,0.475,0.275,0.25,0.95,0.622,25159
世俱杯,63.0,0.436,0.223,0.341,0.476,0.254,0.27,1.454,0.483,25159
世南美预,29.0,0.475,0.269,0.256,0.552,0.31,0.138,2.122,0.346,25159
世欧预,101.0,0.485,0.185,0.33,0.535,0.158,0.307,1.043,0.594,25159
亚冠,32.0,0.51,0.219,0.271,0.656,0.125,0.219,2.956,0.228,25159
国王杯,5.0,0.452,0.247,0.301,0.0,0.4,0.6,4.223,0.121,25159
天皇杯,2.0,0.427,0.267,0.306,0.0,1.0,0.0,5.482,0.065,25159
德乙,65.0,0.428,0.254,0.318,0.462,0.169,0.369,2.535,0.282,25159
德国杯,27.0,0.423,0.221,0.356,0.519,0.148,0.333,1.264,0.531,25159
德甲,272.0,0.445,0.236,0.319,0.368,0.25,0.382,7.264,0.026,25159
德超杯,1.0,0.187,0.202,0.612,0.0,0.0,1.0,0.635,0.728,25159
意大利杯,12.0,0.572,0.218,0.21,0.583,0.167,0.25,0.244,0.885,25159
意甲,239.0,0.407,0.267,0.326,0.389,0.305,0.305,1.841,0.398,25159
意超杯,1.0,0.535,0.266,0.199,1.0,0.0,0.0,0.869,0.648,25159
挪超,70.0,0.457,0.234,0.309,0.486,0.229,0.286,0.255,0.88,25159
日联杯,9.0,0.339,0.286,0.375,0.333,0.222,0.444,0.247,0.884,25159
欧冠,205.0,0.469,0.228,0.303,0.502,0.185,0.312,2.154,0.341,25159
欧协联,74.0,0.473,0.238,0.289,0.419,0.27,0.311,0.894,0.639,25159
欧国联,61.0,0.46,0.25,0.291,0.41,0.295,0.295,0.844,0.656,25159
欧洲超级杯,1.0,0.677,0.189,0.134,0.0,1.0,0.0,4.284,0.117,25159
欧联,172.0,0.459,0.246,0.295,0.494,0.221,0.285,0.972,0.615,25159
法乙,119.0,0.422,0.279,0.299,0.395,0.311,0.294,0.636,0.727,25159
法国杯,6.0,0.489,0.241,0.271,0.667,0.333,0.0,2.228,0.328,25159
法甲,131.0,0.462,0.236,0.302,0.473,0.221,0.305,0.161,0.923,25159
瑞典超,62.0,0.435,0.245,0.32,0.419,0.258,0.323,0.081,0.96,25159
社区盾杯,1.0,0.199,0.228,0.574,0.0,1.0,0.0,3.395,0.183,25159
美职,43.0,0.463,0.249,0.288,0.372,0.326,0.302,1.82,0.403,25159
芬超,25.0,0.435,0.238,0.328,0.44,0.28,0.28,0.363,0.834,25159
英冠,124.0,0.425,0.274,0.301,0.492,0.202,0.306,3.725,0.155,25159
英甲,2.0,0.357,0.25,0.393,0.5,0.0,0.5,0.672,0.715,25159
英联杯,13.0,0.44,0.248,0.312,0.615,0.154,0.231,1.656,0.437,25159
英超,327.0,0.433,0.238,0.329,0.419,0.242,0.339,0.262,0.877,25159
荷乙,56.0,0.465,0.235,0.3,0.571,0.125,0.304,4.232,0.121,25159
荷兰杯,2.0,0.386,0.158,0.456,0.5,0.0,0.5,0.391,0.823,25159
荷甲,40.0,0.495,0.228,0.277,0.45,0.275,0.275,0.555,0.758,25159
葡超,53.0,0.489,0.254,0.257,0.415,0.302,0.283,1.217,0.544,25159
西甲,233.0,0.443,0.255,0.302,0.485,0.253,0.262,2.179,0.336,25159
解放者杯,18.0,0.484,0.262,0.255,0.5,0.167,0.333,1.067,0.587,25159
足总杯,22.0,0.47,0.222,0.308,0.545,0.227,0.227,0.739,0.691,25159
金杯赛,20.0,0.525,0.21,0.265,0.45,0.35,0.2,2.42,0.298,25159
J2联赛,4.0,0.46,0.266,0.274,0.25,0.25,0.5,1.133,0.568,25160
J联赛,11.0,0.354,0.284,0.362,0.455,0.091,0.455,2.023,0.364,25160
世亚预,40.0,0.428,0.25,0.322,0.475,0.275,0.25,0.95,0.622,25160
世俱杯,63.0,0.436,0.223,0.341,0.476,0.254,0.27,1.454,0.483,25160
世南美预,29.0,0.475,0.269,0.256,0.552,0.31,0.138,2.122,0.346,25160
世欧预,101.0,0.485,0.185,0.33,0.535,0.158,0.307,1.043,0.594,25160
亚冠,35.0,0.486,0.219,0.294,0.629,0.114,0.257,3.38,0.185,25160
国王杯,5.0,0.452,0.247,0.301,0.0,0.4,0.6,4.223,0.121,25160
天皇杯,2.0,0.427,0.267,0.306,0.0,1.0,0.0,5.482,0.065,25160
德乙,65.0,0.428,0.254,0.318,0.462,0.169,0.369,2.535,0.282,25160
德国杯,27.0,0.423,0.221,0.356,0.519,0.148,0.333,1.264,0.531,25160
德甲,270.0,0.447,0.236,0.317,0.37,0.248,0.381,7.164,0.028,25160
德超杯,1.0,0.187,0.202,0.612,0.0,0.0,1.0,0.635,0.728,25160
意大利杯,12.0,0.572,0.218,0.21,0.583,0.167,0.25,0.244,0.885,25160
意甲,238.0,0.406,0.267,0.327,0.387,0.303,0.311,1.525,0.466,25160
意超杯,1.0,0.535,0.266,0.199,1.0,0.0,0.0,0.869,0.648,25160
挪超,70.0,0.457,0.234,0.309,0.486,0.229,0.286,0.255,0.88,25160
日联杯,9.0,0.339,0.286,0.375,0.333,0.222,0.444,0.247,0.884,25160
欧冠,205.0,0.469,0.228,0.303,0.502,0.185,0.312,2.154,0.341,25160
欧协联,74.0,0.473,0.238,0.289,0.419,0.27,0.311,0.894,0.639,25160
欧国联,61.0,0.46,0.25,0.291,0.41,0.295,0.295,0.844,0.656,25160
欧洲超级杯,1.0,0.677,0.189,0.134,0.0,1.0,0.0,4.284,0.117,25160
欧联,172.0,0.459,0.246,0.295,0.494,0.221,0.285,0.972,0.615,25160
法乙,120.0,0.421,0.279,0.3,0.392,0.317,0.292,0.863,0.649,25160
法国杯,6.0,0.489,0.241,0.271,0.667,0.333,0.0,2.228,0.328,25160
法甲,129.0,0.462,0.236,0.302,0.481,0.217,0.302,0.301,0.86,25160
瑞典超,64.0,0.429,0.245,0.326,0.406,0.266,0.328,0.192,0.908,25160
社区盾杯,1.0,0.199,0.228,0.574,0.0,1.0,0.0,3.395,0.183,25160
美职,43.0,0.463,0.249,0.288,0.372,0.326,0.302,1.82,0.403,25160
芬超,27.0,0.433,0.236,0.332,0.407,0.333,0.259,1.561,0.458,25160
英冠,124.0,0.425,0.274,0.301,0.492,0.202,0.306,3.725,0.155,25160
英甲,2.0,0.357,0.25,0.393,0.5,0.0,0.5,0.672,0.715,25160
英联杯,13.0,0.44,0.248,0.312,0.615,0.154,0.231,1.656,0.437,25160
英超,324.0,0.433,0.238,0.329,0.414,0.244,0.343,0.506,0.776,25160
荷乙,57.0,0.464,0.235,0.301,0.561,0.123,0.316,4.252,0.119,25160
荷兰杯,2.0,0.386,0.158,0.456,0.5,0.0,0.5,0.391,0.823,25160
荷甲,40.0,0.495,0.228,0.277,0.45,0.275,0.275,0.555,0.758,25160
葡超,54.0,0.489,0.255,0.256,0.426,0.296,0.278,0.894,0.639,25160
西甲,231.0,0.443,0.254,0.303,0.485,0.255,0.26,2.357,0.308,25160
解放者杯,18.0,0.484,0.262,0.255,0.5,0.167,0.333,1.067,0.587,25160
足总杯,22.0,0.47,0.222,0.308,0.545,0.227,0.227,0.739,0.691,25160
金杯赛,20.0,0.525,0.21,0.265,0.45,0.35,0.2,2.42,0.298,25160
J2联赛,4.0,0.46,0.266,0.274,0.25,0.25,0.5,1.133,0.568,25161
J联赛,11.0,0.354,0.284,0.362,0.455,0.091,0.455,2.023,0.364,25161
世亚预,40.0,0.428,0.25,0.322,0.475,0.275,0.25,0.95,0.622,25161
世俱杯,63.0,0.436,0.223,0.341,0.476,0.254,0.27,1.454,0.483,25161
世南美预,29.0,0.475,0.269,0.256,0.552,0.31,0.138,2.122,0.346,25161
世欧预,101.0,0.485,0.185,0.33,0.535,0.158,0.307,1.043,0.594,25161
亚冠,37.0,0.485,0.219,0.297,0.622,0.108,0.27,3.588,0.166,25161
国王杯,5.0,0.452,0.247,0.301,0.0,0.4,0.6,4.223,0.121,25161
天皇杯,2.0,0.427,0.267,0.306,0.0,1.0,0.0,5.482,0.065,25161
德乙,65.0,0.428,0.254,0.318,0.462,0.169,0.369,2.535,0.282,25161
德国杯,20.0,0.39,0.229,0.381,0.45,0.15,0.4,0.746,0.689,25161
德甲,270.0,0.447,0.236,0.317,0.37,0.248,0.381,7.164,0.028,25161
德超杯,1.0,0.187,0.202,0.612,0.0,0.0,1.0,0.635,0.728,25161
意大利杯,12.0,0.572,0.218,0.21,0.583,0.167,0.25,0.244,0.885,25161
意甲,231.0,0.406,0.268,0.327,0.385,0.307,0.307,1.87,0.393,25161
意超杯,1.0,0.535,0.266,0.199,1.0,0.0,0.0,0.869,0.648,25161
挪超,70.0,0.457,0.234,0.309,0.486,0.229,0.286,0.255,0.88,25161
日联杯,9.0,0.339,0.286,0.375,0.333,0.222,0.444,0.247,0.884,25161
欧冠,214.0,0.469,0.228,0.303,0.495,0.192,0.313,1.604,0.449,25161
欧协联,74.0,0.473,0.238,0.289,0.419,0.27,0.311,0.894,0.639,25161
欧国联,61.0,0.46,0.25,0.291,0.41,0.295,0.295,0.844,0.656,25161
欧洲超级杯,1.0,0.677,0.189,0.134,0.0,1.0,0.0,4.284,0.117,25161
欧联,172.0,0.459,0.246,0.295,0.494,0.221,0.285,0.972,0.615,25161
法乙,120.0,0.421,0.279,0.3,0.392,0.317,0.292,0.863,0.649,25161
法国杯,6.0,0.489,0.241,0.271,0.667,0.333,0.0,2.228,0.328,25161
法甲,129.0,0.462,0.236,0.302,0.481,0.217,0.302,0.301,0.86,25161
瑞典超,64.0,0.429,0.245,0.326,0.406,0.266,0.328,0.192,0.908,25161
社区盾杯,1.0,0.199,0.228,0.574,0.0,1.0,0.0,3.395,0.183,25161
美职,43.0,0.463,0.249,0.288,0.372,0.326,0.302,1.82,0.403,25161
芬超,27.0,0.433,0.236,0.332,0.407,0.333,0.259,1.561,0.458,25161
英冠,127.0,0.425,0.275,0.3,0.496,0.205,0.299,3.763,0.152,25161
英甲,2.0,0.357,0.25,0.393,0.5,0.0,0.5,0.672,0.715,25161
英联杯,13.0,0.44,0.248,0.312,0.615,0.154,0.231,1.656,0.437,25161
英超,324.0,0.433,0.238,0.329,0.414,0.244,0.343,0.506,0.776,25161
荷乙,57.0,0.464,0.235,0.301,0.561,0.123,0.316,4.252,0.119,25161
荷兰杯,2.0,0.386,0.158,0.456,0.5,0.0,0.5,0.391,0.823,25161
荷甲,40.0,0.495,0.228,0.277,0.45,0.275,0.275,0.555,0.758,25161
葡超,54.0,0.489,0.255,0.256,0.426,0.296,0.278,0.894,0.639,25161
西甲,231.0,0.443,0.254,0.303,0.485,0.255,0.26,2.357,0.308,25161
解放者杯,18.0,0.484,0.262,0.255,0.5,0.167,0.333,1.067,0.587,25161
足总杯,22.0,0.47,0.222,0.308,0.545,0.227,0.227,0.739,0.691,25161
金杯赛,20.0,0.525,0.21,0.265,0.45,0.35,0.2,2.42,0.298,25161
J2联赛,4.0,0.46,0.266,0.274,0.25,0.25,0.5,1.133,0.568,25162
J联赛,11.0,0.354,0.284,0.362,0.455,0.091,0.455,2.023,0.364,25162
世亚预,40.0,0.428,0.25,0.322,0.475,0.275,0.25,0.95,0.622,25162
世俱杯,63.0,0.436,0.223,0.341,0.476,0.254,0.27,1.454,0.483,25162
世南美预,29.0,0.475,0.269,0.256,0.552,0.31,0.138,2.122,0.346,25162
世欧预,101.0,0.485,0.185,0.33,0.535,0.158,0.307,1.043,0.594,25162
亚冠,39.0,0.493,0.217,0.289,0.641,0.103,0.256,4.239,0.12,25162
国王杯,5.0,0.452,0.247,0.301,0.0,0.4,0.6,4.223,0.121,25162
天皇杯,2.0,0.427,0.267,0.306,0.0,1.0,0.0,5.482,0.065,25162
德乙,63.0,0.432,0.253,0.315,0.46,0.159,0.381,3.206,0.201,25162
德国杯,20.0,0.39,0.229,0.381,0.45,0.15,0.4,0.746,0.689,25162
德甲,269.0,0.446,0.236,0.318,0.372,0.245,0.383,6.997,0.03,25162
德超杯,1.0,0.187,0.202,0.612,0.0,0.0,1.0,0.635,0.728,25162
意大利杯,12.0,0.572,0.218,0.21,0.583,0.167,0.25,0.244,0.885,25162
意甲,231.0,0.406,0.268,0.327,0.385,0.307,0.307,1.87,0.393,25162
意超杯,1.0,0.535,0.266,0.199,1.0,0.0,0.0,0.869,0.648,25162
挪超,70.0,0.457,0.234,0.309,0.486,0.229,0.286,0.255,0.88,25162
日联杯,9.0,0.339,0.286,0.375,0.333,0.222,0.444,0.247,0.884,25162
欧冠,223.0,0.468,0.226,0.306,0.493,0.193,0.314,1.458,0.482,25162
欧协联,74.0,0.473,0.238,0.289,0.419,0.27,0.311,0.894,0.639,25162
欧国联,61.0,0.46,0.25,0.291,0.41,0.295,0.295,0.844,0.656,25162
欧洲超级杯,1.0,0.677,0.189,0.134,0.0,1.0,0.0,4.284,0.117,25162
欧联,172.0,0.459,0.246,0.295,0.494,0.221,0.285,0.972,0.615,25162
法乙,114.0,0.422,0.279,0.298,0.386,0.316,0.298,0.899,0.638,25162
法国杯,6.0,0.489,0.241,0.271,0.667,0.333,0.0,2.228,0.328,25162
法甲,127.0,0.46,0.237,0.303,0.488,0.213,0.299,0.547,0.761,25162
瑞典超,64.0,0.429,0.245,0.326,0.406,0.266,0.328,0.192,0.908,25162
社区盾杯,1.0,0.199,0.228,0.574,0.0,1.0,0.0,3.395,0.183,25162
美职,43.0,0.463,0.249,0.288,0.372,0.326,0.302,1.82,0.403,25162
芬超,27.0,0.433,0.236,0.332,0.407,0.333,0.259,1.561,0.458,25162
英冠,129.0,0.424,0.275,0.301,0.496,0.202,0.302,4.097,0.129,25162
英甲,2.0,0.357,0.25,0.393,0.5,0.0,0.5,0.672,0.715,25162
英联杯,13.0,0.44,0.248,0.312,0.615,0.154,0.231,1.656,0.437,25162
英超,324.0,0.433,0.238,0.329,0.414,0.244,0.343,0.506,0.776,25162
荷乙,57.0,0.464,0.235,0.301,0.561,0.123,0.316,4.252,0.119,25162
荷兰杯,2.0,0.386,0.158,0.456,0.5,0.0,0.5,0.391,0.823,25162
荷甲,40.0,0.495,0.228,0.277,0.45,0.275,0.275,0.555,0.758,25162
葡超,53.0,0.481,0.258,0.26,0.415,0.302,0.283,0.981,0.612,25162
西甲,230.0,0.443,0.254,0.303,0.483,0.257,0.261,2.184,0.336,25162
解放者杯,18.0,0.484,0.262,0.255,0.5,0.167,0.333,1.067,0.587,25162
足总杯,22.0,0.47,0.222,0.308,0.545,0.227,0.227,0.739,0.691,25162
金杯赛,20.0,0.525,0.21,0.265,0.45,0.35,0.2,2.42,0.298,25162
J2联赛,4.0,0.46,0.266,0.274,0.25,0.25,0.5,1.133,0.568,25163
J联赛,11.0,0.354,0.284,0.362,0.455,0.091,0.455,2.023,0.364,25163
世亚预,40.0,0.428,0.25,0.322,0.475,0.275,0.25,0.95,0.622,25163
世俱杯,63.0,0.436,0.223,0.341,0.476,0.254,0.27,1.454,0.483,25163
世南美预,29.0,0.475,0.269,0.256,0.552,0.31,0.138,2.122,0.346,25163
世欧预,101.0,0.485,0.185,0.33,0.535,0.158,0.307,1.043,0.594,25163
亚冠,39.0,0.493,0.217,0.289,0.641,0.103,0.256,4.239,0.12,25163
国王杯,5.0,0.452,0.247,0.301,0.0,0.4,0.6,4.223,0.121,25163
天皇杯,2.0,0.427,0.267,0.306,0.0,1.0,0.0,5.482,0.065,25163
德乙,63.0,0.432,0.253,0.315,0.46,0.159,0.381,3.206,0.201,25163
德国杯,20.0,0.39,0.229,0.381,0.45,0.15,0.4,0.746,0.689,25163
德甲,265.0,0.444,0.237,0.32,0.366,0.245,0.389,7.632,0.022,25163
德超杯,1.0,0.187,0.202,0.612,0.0,0.0,1.0,0.635,0.728,25163
意大利杯,12.0,0.572,0.218,0.21,0.583,0.167,0.25,0.244,0.885,25163
意甲,229.0,0.408,0.268,0.325,0.389,0.31,0.301,2.141,0.343,25163
意超杯,1.0,0.535,0.266,0.199,1.0,0.0,0.0,0.869,0.648,25163
挪超,70.0,0.457,0.234,0.309,0.486,0.229,0.286,0.255,0.88,25163
日联杯,9.0,0.339,0.286,0.375,0.333,0.222,0.444,0.247,0.884,25163
欧冠,223.0,0.468,0.226,0.306,0.493,0.193,0.314,1.458,0.482,25163
欧协联,74.0,0.473,0.238,0.289,0.419,0.27,0.311,0.894,0.639,25163
欧国联,61.0,0.46,0.25,0.291,0.41,0.295,0.295,0.844,0.656,25163
欧洲超级杯,1.0,0.677,0.189,0.134,0.0,1.0,0.0,4.284,0.117,25163
欧联,186.0,0.457,0.246,0.297,0.489,0.226,0.285,0.843,0.656,25163
法乙,114.0,0.422,0.279,0.298,0.386,0.316,0.298,0.899,0.638,25163
法国杯,6.0,0.489,0.241,0.271,0.667,0.333,0.0,2.228,0.328,25163
法甲,126.0,0.458,0.237,0.305,0.484,0.214,0.302,0.472,0.79,25163
瑞典超,64.0,0.429,0.245,0.326,0.406,0.266,0.328,0.192,0.908,25163
社区盾杯,1.0,0.199,0.228,0.574,0.0,1.0,0.0,3.395,0.183,25163
美职,43.0,0.463,0.249,0.288,0.372,0.326,0.302,1.82,0.403,25163
芬超,27.0,0.433,0.236,0.332,0.407,0.333,0.259,1.561,0.458,25163
英冠,129.0,0.424,0.275,0.301,0.496,0.202,0.302,4.097,0.129,25163
英甲,2.0,0.357,0.25,0.393,0.5,0.0,0.5,0.672,0.715,25163
英联杯,13.0,0.44,0.248,0.312,0.615,0.154,0.231,1.656,0.437,25163
英超,318.0,0.433,0.238,0.329,0.409,0.242,0.349,0.858,0.651,25163
荷乙,57.0,0.464,0.235,0.301,0.561,0.123,0.316,4.252,0.119,25163
荷兰杯,2.0,0.386,0.158,0.456,0.5,0.0,0.5,0.391,0.823,25163
荷甲,40.0,0.495,0.228,0.277,0.45,0.275,0.275,0.555,0.758,25163
葡超,53.0,0.481,0.258,0.26,0.415,0.302,0.283,0.981,0.612,25163
西甲,230.0,0.443,0.254,0.303,0.483,0.257,0.261,2.184,0.336,25163
解放者杯,18.0,0.484,0.262,0.255,0.5,0.167,0.333,1.067,0.587,25163
足总杯,22.0,0.47,0.222,0.308,0.545,0.227,0.227,0.739,0.691,25163
金杯赛,20.0,0.525,0.21,0.265,0.45,0.35,0.2,2.42,0.298,25163
J2联赛,4.0,0.46,0.266,0.274,0.25,0.25,0.5,1.133,0.568,25164
J联赛,11.0,0.354,0.284,0.362,0.455,0.091,0.455,2.023,0.364,25164
世亚预,40.0,0.428,0.25,0.322,0.475,0.275,0.25,0.95,0.622,25164
世俱杯,63.0,0.436,0.223,0.341,0.476,0.254,0.27,1.454,0.483,25164
世南美预,29.0,0.475,0.269,0.256,0.552,0.31,0.138,2.122,0.346,25164
世欧预,101.0,0.485,0.185,0.33,0.535,0.158,0.307,1.043,0.594,25164
亚冠,39.0,0.493,0.217,0.289,0.641,0.103,0.256,4.239,0.12,25164
国王杯,5.0,0.452,0.247,0.301,0.0,0.4,0.6,4.223,0.121,25164
天皇杯,2.0,0.427,0.267,0.306,0.0,1.0,0.0,5.482,0.065,25164
德乙,65.0,0.43,0.253,0.316,0.462,0.154,0.385,3.648,0.161,25164
德国杯,20.0,0.39,0.229,0.381,0.45,0.15,0.4,0.746,0.689,25164
德甲,264.0,0.443,0.236,0.32,0.367,0.242,0.39,7.526,0.023,25164
德超杯,1.0,0.187,0.202,0.612,0.0,0.0,1.0,0.635,0.728,25164
意大利杯,12.0,0.572,0.218,0.21,0.583,0.167,0.25,0.244,0.885,25164
意甲,227.0,0.407,0.268,0.324,0.388,0.313,0.3,2.329,0.312,25164
意超杯,1.0,0.535,0.266,0.199,1.0,0.0,0.0,0.869,0.648,25164
挪超,70.0,0.457,0.234,0.309,0.486,0.229,0.286,0.255,0.88,25164
日联杯,9.0,0.339,0.286,0.375,0.333,0.222,0.444,0.247,0.884,25164
欧冠,223.0,0.468,0.226,0.306,0.493,0.193,0.314,1.458,0.482,25164
欧协联,74.0,0.473,0.238,0.289,0.419,0.27,0.311,0.894,0.639,25164
欧国联,61.0,0.46,0.25,0.291,0.41,0.295,0.295,0.844,0.656,25164
欧洲超级杯,1.0,0.677,0.189,0.134,0.0,1.0,0.0,4.284,0.117,25164
欧联,186.0,0.457,0.246,0.297,0.489,0.226,0.285,0.843,0.656,25164
法乙,119.0,0.425,0.279,0.296,0.395,0.311,0.294,0.68,0.712,25164
法国杯,6.0,0.489,0.241,0.271,0.667,0.333,0.0,2.228,0.328,25164
法甲,123.0,0.461,0.236,0.303,0.472,0.22,0.309,0.195,0.907,25164
瑞典超,64.0,0.429,0.245,0.326,0.406,0.266,0.328,0.192,0.908,25164
社区盾杯,1.0,0.199,0.228,0.574,0.0,1.0,0.0,3.395,0.183,25164
美职,43.0,0.463,0.249,0.288,0.372,0.326,0.302,1.82,0.403,25164
芬超,27.0,0.433,0.236,0.332,0.407,0.333,0.259,1.561,0.458,25164
英冠,130.0,0.425,0.275,0.3,0.492,0.208,0.3,3.543,0.17,25164
英甲,2.0,0.357,0.25,0.393,0.5,0.0,0.5,0.672,0.715,25164
英联杯,13.0,0.44,0.248,0.312,0.615,0.154,0.231,1.656,0.437,25164
英超,316.0,0.433,0.238,0.329,0.408,0.241,0.351,0.949,0.622,25164
荷乙,57.0,0.464,0.235,0.301,0.561,0.123,0.316,4.252,0.119,25164
荷兰杯,2.0,0.386,0.158,0.456,0.5,0.0,0.5,0.391,0.823,25164
荷甲,41.0,0.5,0.227,0.273,0.439,0.293,0.268,1.102,0.576,25164
葡超,54.0,0.481,0.259,0.26,0.426,0.296,0.278,0.707,0.702,25164
西甲,228.0,0.441,0.255,0.304,0.482,0.259,0.259,2.47,0.291,25164
解放者杯,18.0,0.484,0.262,0.255,0.5,0.167,0.333,1.067,0.587,25164
足总杯,22.0,0.47,0.222,0.308,0.545,0.227,0.227,0.739,0.691,25164
金杯赛,20.0,0.525,0.21,0.265,0.45,0.35,0.2,2.42,0.298,25164
J2联赛,4.0,0.46,0.266,0.274,0.25,0.25,0.5,1.133,0.568,25165
J联赛,11.0,0.354,0.284,0.362,0.455,0.091,0.455,2.023,0.364,25165
世亚预,40.0,0.428,0.25,0.322,0.475,0.275,0.25,0.95,0.622,25165
世俱杯,63.0,0.436,0.223,0.341,0.476,0.254,0.27,1.454,0.483,25165
世南美预,29.0,0.475,0.269,0.256,0.552,0.31,0.138,2.122,0.346,25165
世欧预,101.0,0.485,0.185,0.33,0.535,0.158,0.307,1.043,0.594,25165
亚冠,39.0,0.493,0.217,0.289,0.641,0.103,0.256,4.239,0.12,25165
国王杯,5.0,0.452,0.247,0.301,0.0,0.4,0.6,4.223,0.121,25165
天皇杯,2.0,0.427,0.267,0.306,0.0,1.0,0.0,5.482,0.065,25165
德乙,65.0,0.43,0.253,0.316,0.462,0.154,0.385,3.648,0.161,25165
德国杯,20.0,0.39,0.229,0.381,0.45,0.15,0.4,0.746,0.689,25165
德甲,269.0,0.442,0.236,0.322,0.372,0.245,0.383,6.195,0.045,25165
德超杯,1.0,0.187,0.202,0.612,0.0,0.0,1.0,0.635,0.728,25165
意大利杯,12.0,0.572,0.218,0.21,0.583,0.167,0.25,0.244,0.885,25165
意甲,229.0,0.407,0.268,0.325,0.384,0.319,0.297,3.059,0.217,25165
意超杯,1.0,0.535,0.266,0.199,1.0,0.0,0.0,0.869,0.648,25165
挪超,70.0,0.457,0.234,0.309,0.486,0.229,0.286,0.255,0.88,25165
日联杯,9.0,0.339,0.286,0.375,0.333,0.222,0.444,0.247,0.884,25165
欧冠,215.0,0.467,0.226,0.307,0.488,0.195,0.316,1.15,0.563,25165
欧协联,74.0,0.473,0.238,0.289,0.419,0.27,0.311,0.894,0.639,25165
欧国联,61.0,0.46,0.25,0.291,0.41,0.295,0.295,0.844,0.656,25165
欧洲超级杯,1.0,0.677,0.189,0.134,0.0,1.0,0.0,4.284,0.117,25165
欧联,186.0,0.457,0.246,0.297,0.489,0.226,0.285,0.843,0.656,25165
法乙,119.0,0.425,0.279,0.296,0.395,0.311,0.294,0.68,0.712,25165
法国杯,6.0,0.489,0.241,0.271,0.667,0.333,0.0,2.228,0.328,25165
法甲,123.0,0.461,0.236,0.303,0.472,0.22,0.309,0.195,0.907,25165
瑞典超,64.0,0.429,0.245,0.326,0.406,0.266,0.328,0.192,0.908,25165
社区盾杯,1.0,0.199,0.228,0.574,0.0,1.0,0.0,3.395,0.183,25165
美职,43.0,0.463,0.249,0.288,0.372,0.326,0.302,1.82,0.403,25165
芬超,27.0,0.433,0.236,0.332,0.407,0.333,0.259,1.561,0.458,25165
英冠,124.0,0.427,0.275,0.297,0.484,0.218,0.298,2.409,0.3,25165
英甲,2.0,0.357,0.25,0.393,0.5,0.0,0.5,0.672,0.715,25165
英联杯,13.0,0.44,0.248,0.312,0.615,0.154,0.231,1.656,0.437,25165
英超,320.0,0.433,0.238,0.329,0.412,0.241,0.347,0.648,0.723,25165
荷乙,57.0,0.464,0.235,0.301,0.561,0.123,0.316,4.252,0.119,25165
荷兰杯,2.0,0.386,0.158,0.456,0.5,0.0,0.5,0.391,0.823,25165
荷甲,41.0,0.5,0.227,0.273,0.439,0.293,0.268,1.102,0.576,25165
葡超,54.0,0.481,0.259,0.26,0.426,0.296,0.278,0.707,0.702,25165
西甲,231.0,0.442,0.255,0.304,0.485,0.255,0.26,2.437,0.296,25165
解放者杯,18.0,0.484,0.262,0.255,0.5,0.167,0.333,1.067,0.587,25165
足总杯,22.0,0.47,0.222,0.308,0.545,0.227,0.227,0.739,0.691,25165
金杯赛,20.0,0.525,0.21,0.265,0.45,0.35,0.2,2.42,0.298,25165
J2联赛,4.0,0.46,0.266,0.274,0.25,0.25,0.5,1.133,0.568,25166
J联赛,11.0,0.354,0.284,0.362,0.455,0.091,0.455,2.023,0.364,25166
世亚预,40.0,0.428,0.25,0.322,0.475,0.275,0.25,0.95,0.622,25166
世俱杯,63.0,0.436,0.223,0.341,0.476,0.254,0.27,1.454,0.483,25166
世南美预,29.0,0.475,0.269,0.256,0.552,0.31,0.138,2.122,0.346,25166
世欧预,101.0,0.485,0.185,0.33,0.535,0.158,0.307,1.043,0.594,25166
亚冠,39.0,0.493,0.217,0.289,0.641,0.103,0.256,4.239,0.12,25166
国王杯,5.0,0.452,0.247,0.301,0.0,0.4,0.6,4.223,0.121,25166
天皇杯,2.0,0.427,0.267,0.306,0.0,1.0,0.0,5.482,0.065,25166
德乙,65.0,0.43,0.253,0.316,0.462,0.154,0.385,3.648,0.161,25166
德国杯,20.0,0.39,0.229,0.381,0.45,0.15,0.4,0.746,0.689,25166
德甲,271.0,0.443,0.236,0.321,0.376,0.244,0.38,5.658,0.059,25166
德超杯,1.0,0.187,0.202,0.612,0.0,0.0,1.0,0.635,0.728,25166
意大利杯,12.0,0.572,0.218,0.21,0.583,0.167,0.25,0.244,0.885,25166
意甲,232.0,0.409,0.268,0.323,0.392,0.315,0.293,2.731,0.255,25166
意超杯,1.0,0.535,0.266,0.199,1.0,0.0,0.0,0.869,0.648,25166
挪超,70.0,0.457,0.234,0.309,0.486,0.229,0.286,0.255,0.88,25166
日联杯,9.0,0.339,0.286,0.375,0.333,0.222,0.444,0.247,0.884,25166
欧冠,207.0,0.468,0.226,0.306,0.493,0.203,0.304,0.742,0.69,25166
欧协联,74.0,0.473,0.238,0.289,0.419,0.27,0.311,0.894,0.639,25166
欧国联,61.0,0.46,0.25,0.291,0.41,0.295,0.295,0.844,0.656,25166
欧洲超级杯,1.0,0.677,0.189,0.134,0.0,1.0,0.0,4.284,0.117,25166
欧联,185.0,0.456,0.246,0.298,0.486,0.227,0.286,0.738,0.691,25166
法乙,119.0,0.425,0.279,0.296,0.395,0.311,0.294,0.68,0.712,25166
法国杯,6.0,0.489,0.241,0.271,0.667,0.333,0.0,2.228,0.328,25166
法甲,123.0,0.461,0.236,0.303,0.472,0.22,0.309,0.195,0.907,25166
瑞典超,64.0,0.429,0.245,0.326,0.406,0.266,0.328,0.192,0.908,25166
社区盾杯,1.0,0.199,0.228,0.574,0.0,1.0,0.0,3.395,0.183,25166
美职,43.0,0.463,0.249,0.288,0.372,0.326,0.302,1.82,0.403,25166
芬超,27.0,0.433,0.236,0.332,0.407,0.333,0.259,1.561,0.458,25166
英冠,119.0,0.428,0.275,0.297,0.487,0.218,0.294,2.39,0.303,25166
英甲,2.0,0.357,0.25,0.393,0.5,0.0,0.5,0.672,0.715,25166
英联杯,13.0,0.44,0.248,0.312,0.615,0.154,0.231,1.656,0.437,25166
英超,325.0,0.433,0.239,0.328,0.418,0.24,0.342,0.332,0.847,25166
荷乙,57.0,0.464,0.235,0.301,0.561,0.123,0.316,4.252,0.119,25166
荷兰杯,2.0,0.386,0.158,0.456,0.5,0.0,0.5,0.391,0.823,25166
荷甲,41.0,0.5,0.227,0.273,0.439,0.293,0.268,1.102,0.576,25166
葡超,54.0,0.481,0.259,0.26,0.426,0.296,0.278,0.707,0.702,25166
西甲,235.0,0.439,0.255,0.307,0.481,0.26,0.26,2.674,0.263,25166
解放者杯,18.0,0.484,0.262,0.255,0.5,0.167,0.333,1.067,0.587,25166
足总杯,22.0,0.47,0.222,0.308,0.545,0.227,0.227,0.739,0.691,25166
金杯赛,20.0,0.525,0.21,0.265,0.45,0.35,0.2,2.42,0.298,25166
J2联赛,4.0,0.46,0.266,0.274,0.25,0.25,0.5,1.133,0.568,25167
J联赛,11.0,0.354,0.284,0.362,0.455,0.091,0.455,2.023,0.364,25167
世亚预,41.0,0.428,0.252,0.32,0.463,0.293,0.244,1.134,0.567,25167
世俱杯,63.0,0.436,0.223,0.341,0.476,0.254,0.27,1.454,0.483,25167
世南美预,29.0,0.475,0.269,0.256,0.552,0.31,0.138,2.122,0.346,25167
世欧预,114.0,0.476,0.187,0.338,0.544,0.149,0.307,2.284,0.319,25167
亚冠,39.0,0.493,0.217,0.289,0.641,0.103,0.256,4.239,0.12,25167
国王杯,5.0,0.452,0.247,0.301,0.0,0.4,0.6,4.223,0.121,25167
天皇杯,2.0,0.427,0.267,0.306,0.0,1.0,0.0,5.482,0.065,25167
德乙,65.0,0.43,0.253,0.316,0.462,0.154,0.385,3.648,0.161,25167
德国杯,20.0,0.39,0.229,0.381,0.45,0.15,0.4,0.746,0.689,25167
德甲,271.0,0.443,0.236,0.321,0.376,0.244,0.38,5.658,0.059,25167
德超杯,1.0,0.187,0.202,0.612,0.0,0.0,1.0,0.635,0.728,25167
意大利杯,12.0,0.572,0.218,0.21,0.583,0.167,0.25,0.244,0.885,25167
意甲,232.0,0.409,0.268,0.323,0.392,0.315,0.293,2.731,0.255,25167
意超杯,1.0,0.535,0.266,0.199,1.0,0.0,0.0,0.869,0.648,25167
挪超,70.0,0.457,0.234,0.309,0.486,0.229,0.286,0.255,0.88,25167
日联杯,9.0,0.339,0.286,0.375,0.333,0.222,0.444,0.247,0.884,25167
欧冠,207.0,0.468,0.226,0.306,0.493,0.203,0.304,0.742,0.69,25167
欧协联,74.0,0.473,0.238,0.289,0.419,0.27,0.311,0.894,0.639,25167
欧国联,61.0,0.46,0.25,0.291,0.41,0.295,0.295,0.844,0.656,25167
欧洲超级杯,1.0,0.677,0.189,0.134,0.0,1.0,0.0,4.284,0.117,25167
欧联,171.0,0.46,0.245,0.295,0.485,0.216,0.298,0.84,0.657,25167
法乙,119.0,0.425,0.279,0.296,0.395,0.311,0.294,0.68,0.712,25167
法国杯,6.0,0.489,0.241,0.271,0.667,0.333,0.0,2.228,0.328,25167
法甲,123.0,0.461,0.236,0.303,0.472,0.22,0.309,0.195,0.907,25167
瑞典超,64.0,0.429,0.245,0.326,0.406,0.266,0.328,0.192,0.908,25167
社区盾杯,1.0,0.199,0.228,0.574,0.0,1.0,0.0,3.395,0.183,25167
美职,43.0,0.463,0.249,0.288,0.372,0.326,0.302,1.82,0.403,25167
芬超,27.0,0.433,0.236,0.332,0.407,0.333,0.259,1.561,0.458,25167
英冠,119.0,0.428,0.275,0.297,0.487,0.218,0.294,2.39,0.303,25167
英甲,2.0,0.357,0.25,0.393,0.5,0.0,0.5,0.672,0.715,25167
英联杯,13.0,0.44,0.248,0.312,0.615,0.154,0.231,1.656,0.437,25167
英超,325.0,0.433,0.239,0.328,0.418,0.24,0.342,0.332,0.847,25167
荷乙,57.0,0.464,0.235,0.301,0.561,0.123,0.316,4.252,0.119,25167
荷兰杯,2.0,0.386,0.158,0.456,0.5,0.0,0.5,0.391,0.823,25167
荷甲,41.0,0.5,0.227,0.273,0.439,0.293,0.268,1.102,0.576,25167
葡超,54.0,0.481,0.259,0.26,0.426,0.296,0.278,0.707,0.702,25167
西甲,235.0,0.439,0.255,0.307,0.481,0.26,0.26,2.674,0.263,25167
解放者杯,18.0,0.484,0.262,0.255,0.5,0.167,0.333,1.067,0.587,25167
足总杯,22.0,0.47,0.222,0.308,0.545,0.227,0.227,0.739,0.691,25167
金杯赛,20.0,0.525,0.21,0.265,0.45,0.35,0.2,2.42,0.298,25167
J2联赛,4.0,0.46,0.266,0.274,0.25,0.25,0.5,1.133,0.568,25168
J联赛,11.0,0.354,0.284,0.362,0.455,0.091,0.455,2.023,0.364,25168
世亚预,42.0,0.427,0.254,0.319,0.476,0.286,0.238,1.271,0.53,25168
世俱杯,63.0,0.436,0.223,0.341,0.476,0.254,0.27,1.454,0.483,25168
世南美预,29.0,0.475,0.269,0.256,0.552,0.31,0.138,2.122,0.346,25168
世欧预,127.0,0.474,0.188,0.337,0.52,0.165,0.315,1.095,0.578,25168
亚冠,39.0,0.493,0.217,0.289,0.641,0.103,0.256,4.239,0.12,25168
国王杯,5.0,0.452,0.247,0.301,0.0,0.4,0.6,4.223,0.121,25168
天皇杯,2.0,0.427,0.267,0.306,0.0,1.0,0.0,5.482,0.065,25168
德乙,63.0,0.432,0.253,0.315,0.46,0.143,0.397,4.494,0.106,25168
德国杯,20.0,0.39,0.229,0.381,0.45,0.15,0.4,0.746,0.689,25168
德甲,270.0,0.443,0.236,0.321,0.378,0.241,0.381,5.638,0.06,25168
德超杯,1.0,0.187,0.202,0.612,0.0,0.0,1.0,0.635,0.728,25168
意大利杯,12.0,0.572,0.218,0.21,0.583,0.167,0.25,0.244,0.885,25168
意甲,231.0,0.409,0.267,0.323,0.394,0.312,0.294,2.432,0.296,25168
意超杯,1.0,0.535,0.266,0.199,1.0,0.0,0.0,0.869,0.648,25168
挪超,70.0,0.457,0.234,0.309,0.486,0.229,0.286,0.255,0.88,25168
日联杯,9.0,0.339,0.286,0.375,0.333,0.222,0.444,0.247,0.884,25168
欧冠,207.0,0.468,0.226,0.306,0.493,0.203,0.304,0.742,0.69,25168
欧协联,74.0,0.473,0.238,0.289,0.419,0.27,0.311,0.894,0.639,25168
欧国联,61.0,0.46,0.25,0.291,0.41,0.295,0.295,0.844,0.656,25168
欧洲超级杯,1.0,0.677,0.189,0.134,0.0,1.0,0.0,4.284,0.117,25168
欧联,171.0,0.46,0.245,0.295,0.485,0.216,0.298,0.84,0.657,25168
法乙,113.0,0.426,0.279,0.295,0.398,0.31,0.292,0.587,0.746,25168
法国杯,6.0,0.489,0.241,0.271,0.667,0.333,0.0,2.228,0.328,25168
法甲,122.0,0.459,0.237,0.304,0.475,0.221,0.303,0.195,0.907,25168
瑞典超,64.0,0.429,0.245,0.326,0.406,0.266,0.328,0.192,0.908,25168
社区盾杯,1.0,0.199,0.228,0.574,0.0,1.0,0.0,3.395,0.183,25168
美职,43.0,0.463,0.249,0.288,0.372,0.326,0.302,1.82,0.403,25168
芬超,27.0,0.433,0.236,0.332,0.407,0.333,0.259,1.561,0.458,25168
英冠,118.0,0.427,0.275,0.298,0.483,0.22,0.297,2.181,0.336,25168
英甲,2.0,0.357,0.25,0.393,0.5,0.0,0.5,0.672,0.715,25168
英联杯,13.0,0.44,0.248,0.312,0.615,0.154,0.231,1.656,0.437,25168
英超,325.0,0.433,0.239,0.328,0.418,0.24,0.342,0.332,0.847,25168
荷乙,57.0,0.464,0.235,0.301,0.561,0.123,0.316,4.252,0.119,25168
荷兰杯,2.0,0.386,0.158,0.456,0.5,0.0,0.5,0.391,0.823,25168
荷甲,41.0,0.5,0.227,0.273,0.439,0.293,0.268,1.102,0.576,25168
葡超,53.0,0.482,0.258,0.26,0.415,0.302,0.283,1.008,0.604,25168
西甲,234.0,0.438,0.255,0.307,0.483,0.261,0.256,3.048,0.218,25168
解放者杯,18.0,0.484,0.262,0.255,0.5,0.167,0.333,1.067,0.587,25168
足总杯,22.0,0.47,0.222,0.308,0.545,0.227,0.227,0.739,0.691,25168
金杯赛,20.0,0.525,0.21,0.265,0.45,0.35,0.2,2.42,0.298,25168
J2联赛,4.0,0.46,0.266,0.274,0.25,0.25,0.5,1.133,0.568,25169
J联赛,11.0,0.354,0.284,0.362,0.455,0.091,0.455,2.023,0.364,25169
世亚预,42.0,0.427,0.254,0.319,0.476,0.286,0.238,1.271,0.53,25169
世俱杯,63.0,0.436,0.223,0.341,0.476,0.254,0.27,1.454,0.483,25169
世南美预,29.0,0.475,0.269,0.256,0.552,0.31,0.138,2.122,0.346,25169
世欧预,127.0,0.474,0.188,0.337,0.52,0.165,0.315,1.095,0.578,25169
亚冠,39.0,0.493,0.217,0.289,0.641,0.103,0.256,4.239,0.12,25169
国王杯,5.0,0.452,0.247,0.301,0.0,0.4,0.6,4.223,0.121,25169
天皇杯,2.0,0.427,0.267,0.306,0.0,1.0,0.0,5.482,0.065,25169
德乙,65.0,0.436,0.253,0.311,0.462,0.138,0.4,5.098,0.078,25169
德国杯,20.0,0.39,0.229,0.381,0.45,0.15,0.4,0.746,0.689,25169
德甲,267.0,0.445,0.237,0.318,0.378,0.24,0.382,6.161,0.046,25169
德超杯,1.0,0.187,0.202,0.612,0.0,0.0,1.0,0.635,0.728,25169
意大利杯,12.0,0.572,0.218,0.21,0.583,0.167,0.25,0.244,0.885,25169
意甲,229.0,0.409,0.268,0.323,0.393,0.31,0.297,2.182,0.336,25169
意超杯,1.0,0.535,0.266,0.199,1.0,0.0,0.0,0.869,0.648,25169
挪超,71.0,0.453,0.233,0.314,0.479,0.225,0.296,0.202,0.904,25169
日联杯,9.0,0.339,0.286,0.375,0.333,0.222,0.444,0.247,0.884,25169
欧冠,207.0,0.468,0.226,0.306,0.493,0.203,0.304,0.742,0.69,25169
欧协联,74.0,0.473,0.238,0.289,0.419,0.27,0.311,0.894,0.639,25169
欧国联,61.0,0.46,0.25,0.291,0.41,0.295,0.295,0.844,0.656,25169
欧洲超级杯,1.0,0.677,0.189,0.134,0.0,1.0,0.0,4.284,0.117,25169
欧联,171.0,0.46,0.245,0.295,0.485,0.216,0.298,0.84,0.657,25169
法乙,118.0,0.422,0.28,0.298,0.398,0.305,0.297,0.427,0.808,25169
法国杯,6.0,0.489,0.241,0.271,0.667,0.333,0.0,2.228,0.328,25169
法甲,123.0,0.457,0.237,0.306,0.472,0.22,0.309,0.216,0.898,25169
瑞典超,64.0,0.429,0.245,0.326,0.406,0.266,0.328,0.192,0.908,25169
社区盾杯,1.0,0.199,0.228,0.574,0.0,1.0,0.0,3.395,0.183,25169
美职,43.0,0.463,0.249,0.288,0.372,0.326,0.302,1.82,0.403,25169
芬超,27.0,0.433,0.236,0.332,0.407,0.333,0.259,1.561,0.458,25169
英冠,119.0,0.426,0.276,0.298,0.479,0.218,0.303,2.195,0.334,25169
英甲,2.0,0.357,0.25,0.393,0.5,0.0,0.5,0.672,0.715,25169
英联杯,13.0,0.44,0.248,0.312,0.615,0.154,0.231,1.656,0.437,25169
英超,319.0,0.433,0.238,0.328,0.414,0.241,0.345,0.558,0.756,25169
荷乙,59.0,0.462,0.235,0.303,0.576,0.119,0.305,5.082,0.079,25169
荷兰杯,2.0,0.386,0.158,0.456,0.5,0.0,0.5,0.391,0.823,25169
荷甲,41.0,0.5,0.227,0.273,0.439,0.293,0.268,1.102,0.576,25169
葡超,53.0,0.482,0.258,0.26,0.415,0.302,0.283,1.008,0.604,25169
西甲,233.0,0.438,0.254,0.307,0.481,0.262,0.258,2.88,0.237,25169
解放者杯,18.0,0.484,0.262,0.255,0.5,0.167,0.333,1.067,0.587,25169
足总杯,22.0,0.47,0.222,0.308,0.545,0.227,0.227,0.739,0.691,25169
金杯赛,20.0,0.525,0.21,0.265,0.45,0.35,0.2,2.42,0.298,25169
J2联赛,4.0,0.46,0.266,0.274,0.25,0.25,0.5,1.133,0.568,25170
J联赛,11.0,0.354,0.284,0.362,0.455,0.091,0.455,2.023,0.364,25170
世亚预,42.0,0.427,0.254,0.319,0.476,0.286,0.238,1.271,0.53,25170
世俱杯,63.0,0.436,0.223,0.341,0.476,0.254,0.27,1.454,0.483,25170
世南美预,29.0,0.475,0.269,0.256,0.552,0.31,0.138,2.122,0.346,25170
世欧预,127.0,0.474,0.188,0.337,0.52,0.165,0.315,1.095,0.578,25170
亚冠,39.0,0.493,0.217,0.289,0.641,0.103,0.256,4.239,0.12,25170
国王杯,5.0,0.452,0.247,0.301,0.0,0.4,0.6,4.223,0.121,25170
天皇杯,2.0,0.427,0.267,0.306,0.0,1.0,0.0,5.482,0.065,25170
德乙,65.0,0.436,0.253,0.311,0.462,0.138,0.4,5.098,0.078,25170
德国杯,20.0,0.39,0.229,0.381,0.45,0.15,0.4,0.746,0.689,25170
德甲,269.0,0.446,0.237,0.317,0.383,0.238,0.379,5.643,0.06,25170
德超杯,1.0,0.187,0.202,0.612,0.0,0.0,1.0,0.635,0.728,25170
意大利杯,12.0,0.572,0.218,0.21,0.583,0.167,0.25,0.244,0.885,25170
意甲,228.0,0.409,0.268,0.323,0.399,0.311,0.289,2.495,0.287,25170
意超杯,1.0,0.535,0.266,0.199,1.0,0.0,0.0,0.869,0.648,25170
挪超,71.0,0.453,0.233,0.314,0.479,0.225,0.296,0.202,0.904,25170
日联杯,9.0,0.339,0.286,0.375,0.333,0.222,0.444,0.247,0.884,25170
欧冠,207.0,0.468,0.226,0.306,0.493,0.203,0.304,0.742,0.69,25170
欧协联,74.0,0.473,0.238,0.289,0.419,0.27,0.311,0.894,0.639,25170
欧国联,61.0,0.46,0.25,0.291,0.41,0.295,0.295,0.844,0.656,25170
欧洲超级杯,1.0,0.677,0.189,0.134,0.0,1.0,0.0,4.284,0.117,25170
欧联,171.0,0.46,0.245,0.295,0.485,0.216,0.298,0.84,0.657,25170
法乙,118.0,0.422,0.28,0.298,0.398,0.305,0.297,0.427,0.808,25170
法国杯,6.0,0.489,0.241,0.271,0.667,0.333,0.0,2.228,0.328,25170
法甲,121.0,0.456,0.237,0.307,0.471,0.215,0.314,0.333,0.846,25170
瑞典超,64.0,0.429,0.245,0.326,0.406,0.266,0.328,0.192,0.908,25170
社区盾杯,1.0,0.199,0.228,0.574,0.0,1.0,0.0,3.395,0.183,25170
美职,43.0,0.463,0.249,0.288,0.372,0.326,0.302,1.82,0.403,25170
芬超,27.0,0.433,0.236,0.332,0.407,0.333,0.259,1.561,0.458,25170
英冠,119.0,0.426,0.276,0.298,0.479,0.218,0.303,2.195,0.334,25170
英甲,2.0,0.357,0.25,0.393,0.5,0.0,0.5,0.672,0.715,25170
英联杯,13.0,0.44,0.248,0.312,0.615,0.154,0.231,1.656,0.437,25170
英超,320.0,0.432,0.239,0.33,0.419,0.238,0.344,0.323,0.851,25170
荷乙,59.0,0.462,0.235,0.303,0.576,0.119,0.305,5.082,0.079,25170
荷兰杯,2.0,0.386,0.158,0.456,0.5,0.0,0.5,0.391,0.823,25170
荷甲,41.0,0.5,0.227,0.273,0.439,0.293,0.268,1.102,0.576,25170
葡超,53.0,0.482,0.258,0.26,0.415,0.302,0.283,1.008,0.604,25170
西甲,233.0,0.442,0.254,0.304,0.485,0.258,0.258,2.606,0.272,25170
解放者杯,18.0,0.484,0.262,0.255,0.5,0.167,0.333,1.067,0.587,25170
足总杯,22.0,0.47,0.222,0.308,0.545,0.227,0.227,0.739,0.691,25170
金杯赛,20.0,0.525,0.21,0.265,0.45,0.35,0.2,2.42,0.298,25170
J2联赛,4.0,0.46,0.266,0.274,0.25,0.25,0.5,1.133,0.568,25171
J联赛,11.0,0.354,0.284,0.362,0.455,0.091,0.455,2.023,0.364,25171
世亚预,36.0,0.429,0.252,0.319,0.5,0.278,0.222,1.569,0.456,25171
世俱杯,63.0,0.436,0.223,0.341,0.476,0.254,0.27,1.454,0.483,25171
世南美预,26.0,0.486,0.273,0.24,0.538,0.308,0.154,1.06,0.589,25171
世欧预,127.0,0.474,0.188,0.337,0.52,0.165,0.315,1.095,0.578,25171
亚冠,39.0,0.493,0.217,0.289,0.641,0.103,0.256,4.239,0.12,25171
国王杯,5.0,0.452,0.247,0.301,0.0,0.4,0.6,4.223,0.121,25171
天皇杯,2.0,0.427,0.267,0.306,0.0,1.0,0.0,5.482,0.065,25171
德乙,65.0,0.436,0.253,0.311,0.462,0.138,0.4,5.098,0.078,25171
德国杯,20.0,0.39,0.229,0.381,0.45,0.15,0.4,0.746,0.689,25171
德甲,271.0,0.446,0.237,0.317,0.384,0.236,0.38,5.796,0.055,25171
德超杯,1.0,0.187,0.202,0.612,0.0,0.0,1.0,0.635,0.728,25171
意大利杯,12.0,0.572,0.218,0.21,0.583,0.167,0.25,0.244,0.885,25171
意甲,231.0,0.409,0.268,0.323,0.398,0.307,0.294,2.01,0.366,25171
意超杯,1.0,0.535,0.266,0.199,1.0,0.0,0.0,0.869,0.648,25171
挪超,71.0,0.453,0.233,0.314,0.479,0.225,0.296,0.202,0.904,25171
日联杯,9.0,0.339,0.286,0.375,0.333,0.222,0.444,0.247,0.884,25171
欧冠,207.0,0.468,0.226,0.306,0.493,0.203,0.304,0.742,0.69,25171
欧协联,74.0,0.473,0.238,0.289,0.419,0.27,0.311,0.894,0.639,25171
欧国联,56.0,0.472,0.249,0.279,0.429,0.321,0.25,1.574,0.455,25171
欧洲超级杯,1.0,0.677,0.189,0.134,0.0,1.0,0.0,4.284,0.117,25171
欧联,171.0,0.46,0.245,0.295,0.485,0.216,0.298,0.84,0.657,25171
法乙,118.0,0.422,0.28,0.298,0.398,0.305,0.297,0.427,0.808,25171
法国杯,6.0,0.489,0.241,0.271,0.667,0.333,0.0,2.228,0.328,25171
法甲,125.0,0.454,0.238,0.308,0.472,0.224,0.304,0.194,0.907,25171
瑞典超,64.0,0.429,0.245,0.326,0.406,0.266,0.328,0.192,0.908,25171
社区盾杯,1.0,0.199,0.228,0.574,0.0,1.0,0.0,3.395,0.183,25171
美职,43.0,0.463,0.249,0.288,0.372,0.326,0.302,1.82,0.403,25171
芬超,27.0,0.433,0.236,0.332,0.407,0.333,0.259,1.561,0.458,25171
英冠,119.0,0.426,0.276,0.298,0.479,0.218,0.303,2.195,0.334,25171
英甲,2.0,0.357,0.25,0.393,0.5,0.0,0.5,0.672,0.715,25171
英联杯,13.0,0.44,0.248,0.312,0.615,0.154,0.231,1.656,0.437,25171
英超,322.0,0.432,0.239,0.329,0.419,0.236,0.345,0.368,0.832,25171
荷乙,59.0,0.462,0.235,0.303,0.576,0.119,0.305,5.082,0.079,25171
荷兰杯,2.0,0.386,0.158,0.456,0.5,0.0,0.5,0.391,0.823,25171
荷甲,41.0,0.5,0.227,0.273,0.439,0.293,0.268,1.102,0.576,25171
葡超,53.0,0.482,0.258,0.26,0.415,0.302,0.283,1.008,0.604,25171
西甲,236.0,0.441,0.253,0.306,0.479,0.263,0.258,2.565,0.277,25171
解放者杯,18.0,0.484,0.262,0.255,0.5,0.167,0.333,1.067,0.587,25171
足总杯,22.0,0.47,0.222,0.308,0.545,0.227,0.227,0.739,0.691,25171
金杯赛,20.0,0.525,0.21,0.265,0.45,0.35,0.2,2.42,0.298,25171
J2联赛,4.0,0.46,0.266,0.274,0.25,0.25,0.5,1.133,0.568,25172
J联赛,11.0,0.354,0.284,0.362,0.455,0.091,0.455,2.023,0.364,25172
世亚预,36.0,0.429,0.252,0.319,0.5,0.278,0.222,1.569,0.456,25172
世俱杯,63.0,0.436,0.223,0.341,0.476,0.254,0.27,1.454,0.483,25172
世南美预,24.0,0.492,0.269,0.239,0.542,0.292,0.167,0.697,0.706,25172
世欧预,127.0,0.474,0.188,0.337,0.52,0.165,0.315,1.095,0.578,25172
亚冠,41.0,0.501,0.215,0.283,0.659,0.098,0.244,4.897,0.086,25172
国王杯,5.0,0.452,0.247,0.301,0.0,0.4,0.6,4.223,0.121,25172
天皇杯,2.0,0.427,0.267,0.306,0.0,1.0,0.0,5.482,0.065,25172
德乙,65.0,0.436,0.253,0.311,0.462,0.138,0.4,5.098,0.078,25172
德国杯,20.0,0.39,0.229,0.381,0.45,0.15,0.4,0.746,0.689,25172
德甲,271.0,0.446,0.237,0.317,0.384,0.236,0.38,5.796,0.055,25172
德超杯,1.0,0.187,0.202,0.612,0.0,0.0,1.0,0.635,0.728,25172
意大利杯,12.0,0.572,0.218,0.21,0.583,0.167,0.25,0.244,0.885,25172
意甲,231.0,0.409,0.268,0.323,0.398,0.307,0.294,2.01,0.366,25172
意超杯,1.0,0.535,0.266,0.199,1.0,0.0,0.0,0.869,0.648,25172
挪超,71.0,0.453,0.233,0.314,0.479,0.225,0.296,0.202,0.904,25172
日联杯,9.0,0.339,0.286,0.375,0.333,0.222,0.444,0.247,0.884,25172
欧冠,216.0,0.468,0.226,0.306,0.491,0.199,0.31,0.949,0.622,25172
欧协联,74.0,0.473,0.238,0.289,0.419,0.27,0.311,0.894,0.639,25172
欧国联,44.0,0.462,0.251,0.287,0.432,0.318,0.25,1.085,0.581,25172
欧洲超级杯,1.0,0.677,0.189,0.134,0.0,1.0,0.0,4.284,0.117,25172
欧联,171.0,0.46,0.245,0.295,0.485,0.216,0.298,0.84,0.657,25172
法乙,118.0,0.422,0.28,0.298,0.398,0.305,0.297,0.427,0.808,25172
法国杯,6.0,0.489,0.241,0.271,0.667,0.333,0.0,2.228,0.328,25172
法甲,125.0,0.454,0.238,0.308,0.472,0.224,0.304,0.194,0.907,25172
瑞典超,64.0,0.429,0.245,0.326,0.406,0.266,0.328,0.192,0.908,25172
社区盾杯,1.0,0.199,0.228,0.574,0.0,1.0,0.0,3.395,0.183,25172
美职,43.0,0.463,0.249,0.288,0.372,0.326,0.302,1.82,0.403,25172
芬超,27.0,0.433,0.236,0.332,0.407,0.333,0.259,1.561,0.458,25172
英冠,122.0,0.425,0.275,0.3,0.467,0.221,0.311,1.876,0.391,25172
英甲,2.0,0.357,0.25,0.393,0.5,0.0,0.5,0.672,0.715,25172
英联杯,13.0,0.44,0.248,0.312,0.615,0.154,0.231,1.656,0.437,25172
英超,322.0,0.432,0.239,0.329,0.419,0.236,0.345,0.368,0.832,25172
荷乙,59.0,0.462,0.235,0.303,0.576,0.119,0.305,5.082,0.079,25172
荷兰杯,2.0,0.386,0.158,0.456,0.5,0.0,0.5,0.391,0.823,25172
荷甲,41.0,0.5,0.227,0.273,0.439,0.293,0.268,1.102,0.576,25172
葡超,53.0,0.482,0.258,0.26,0.415,0.302,0.283,1.008,0.604,25172
西甲,236.0,0.441,0.253,0.306,0.479,0.263,0.258,2.565,0.277,25172
解放者杯,18.0,0.484,0.262,0.255,0.5,0.167,0.333,1.067,0.587,25172
足总杯,22.0,0.47,0.222,0.308,0.545,0.227,0.227,0.739,0.691,25172
金杯赛,20.0,0.525,0.21,0.265,0.45,0.35,0.2,2.42,0.298,25172
J2联赛,4.0,0.46,0.266,0.274,0.25,0.25,0.5,1.133,0.568,25173
J联赛,11.0,0.354,0.284,0.362,0.455,0.091,0.455,2.023,0.364,25173
世亚预,36.0,0.429,0.252,0.319,0.5,0.278,0.222,1.569,0.456,25173
世俱杯,63.0,0.436,0.223,0.341,0.476,0.254,0.27,1.454,0.483,25173
世南美预,24.0,0.492,0.269,0.239,0.542,0.292,0.167,0.697,0.706,25173
世欧预,127.0,0.474,0.188,0.337,0.52,0.165,0.315,1.095,0.578,25173
亚冠,42.0,0.496,0.217,0.287,0.643,0.119,0.238,4.034,0.133,25173
国王杯,5.0,0.452,0.247,0.301,0.0,0.4,0.6,4.223,0.121,25173
天皇杯,2.0,0.427,0.267,0.306,0.0,1.0,0.0,5.482,0.065,25173
德乙,65.0,0.436,0.253,0.311,0.462,0.138,0.4,5.098,0.078,25173
德国杯,20.0,0.39,0.229,0.381,0.45,0.15,0.4,0.746,0.689,25173
德甲,271.0,0.446,0.237,0.317,0.384,0.236,0.38,5.796,0.055,25173
德超杯,1.0,0.187,0.202,0.612,0.0,0.0,1.0,0.635,0.728,25173
意大利杯,12.0,0.572,0.218,0.21,0.583,0.167,0.25,0.244,0.885,25173
意甲,231.0,0.409,0.268,0.323,0.398,0.307,0.294,2.01,0.366,25173
意超杯,1.0,0.535,0.266,0.199,1.0,0.0,0.0,0.869,0.648,25173
挪超,71.0,0.453,0.233,0.314,0.479,0.225,0.296,0.202,0.904,25173
日联杯,9.0,0.339,0.286,0.375,0.333,0.222,0.444,0.247,0.884,25173
欧冠,225.0,0.469,0.226,0.306,0.493,0.196,0.311,1.227,0.542,25173
欧协联,74.0,0.473,0.238,0.289,0.419,0.27,0.311,0.894,0.639,25173
欧国联,30.0,0.44,0.255,0.305,0.467,0.3,0.233,0.793,0.673,25173
欧洲超级杯,1.0,0.677,0.189,0.134,0.0,1.0,0.0,4.284,0.117,25173
欧联,171.0,0.46,0.245,0.295,0.485,0.216,0.298,0.84,0.657,25173
法乙,118.0,0.422,0.28,0.298,0.398,0.305,0.297,0.427,0.808,25173
法国杯,6.0,0.489,0.241,0.271,0.667,0.333,0.0,2.228,0.328,25173
法甲,125.0,0.454,0.238,0.308,0.472,0.224,0.304,0.194,0.907,25173
瑞典超,64.0,0.429,0.245,0.326,0.406,0.266,0.328,0.192,0.908,25173
社区盾杯,1.0,0.199,0.228,0.574,0.0,1.0,0.0,3.395,0.183,25173
美职,43.0,0.463,0.249,0.288,0.372,0.326,0.302,1.82,0.403,25173
芬超,27.0,0.433,0.236,0.332,0.407,0.333,0.259,1.561,0.458,25173
英冠,126.0,0.424,0.276,0.3,0.468,0.222,0.31,1.917,0.383,25173
英甲,2.0,0.357,0.25,0.393,0.5,0.0,0.5,0.672,0.715,25173
英联杯,13.0,0.44,0.248,0.312,0.615,0.154,0.231,1.656,0.437,25173
英超,322.0,0.432,0.239,0.329,0.419,0.236,0.345,0.368,0.832,25173
荷乙,59.0,0.462,0.235,0.303,0.576,0.119,0.305,5.082,0.079,25173
荷兰杯,2.0,0.386,0.158,0.456,0.5,0.0,0.5,0.391,0.823,25173
荷甲,41.0,0.5,0.227,0.273,0.439,0.293,0.268,1.102,0.576,25173
葡超,53.0,0.482,0.258,0.26,0.415,0.302,0.283,1.008,0.604,25173
西甲,236.0,0.441,0.253,0.306,0.479,0.263,0.258,2.565,0.277,25173
解放者杯,18.0,0.484,0.262,0.255,0.5,0.167,0.333,1.067,0.587,25173
足总杯,22.0,0.47,0.222,0.308,0.545,0.227,0.227,0.739,0.691,25173
金杯赛,20.0,0.525,0.21,0.265,0.45,0.35,0.2,2.42,0.298,25173
J2联赛,4.0,0.46,0.266,0.274,0.25,0.25,0.5,1.133,0.568,25174
J联赛,11.0,0.354,0.284,0.362,0.455,0.091,0.455,2.023,0.364,25174
世亚预,31.0,0.467,0.252,0.281,0.516,0.258,0.226,0.5,0.779,25174
世俱杯,63.0,0.436,0.223,0.341,0.476,0.254,0.27,1.454,0.483,25174
世南美预,22.0,0.473,0.275,0.252,0.545,0.273,0.182,0.676,0.713,25174
世欧预,127.0,0.474,0.188,0.337,0.52,0.165,0.315,1.095,0.578,25174
亚冠,42.0,0.496,0.217,0.287,0.643,0.119,0.238,4.034,0.133,25174
国王杯,5.0,0.452,0.247,0.301,0.0,0.4,0.6,4.223,0.121,25174
天皇杯,2.0,0.427,0.267,0.306,0.0,1.0,0.0,5.482,0.065,25174
德乙,65.0,0.436,0.253,0.311,0.462,0.138,0.4,5.098,0.078,25174
德国杯,20.0,0.39,0.229,0.381,0.45,0.15,0.4,0.746,0.689,25174
德甲,271.0,0.446,0.237,0.317,0.384,0.236,0.38,5.796,0.055,25174
德超杯,1.0,0.187,0.202,0.612,0.0,0.0,1.0,0.635,0.728,25174
意大利杯,12.0,0.572,0.218,0.21,0.583,0.167,0.25,0.244,0.885,25174
意甲,231.0,0.409,0.268,0.323,0.398,0.307,0.294,2.01,0.366,25174
意超杯,1.0,0.535,0.266,0.199,1.0,0.0,0.0,0.869,0.648,25174
挪超,71.0,0.453,0.233,0.314,0.479,0.225,0.296,0.202,0.904,25174
日联杯,9.0,0.339,0.286,0.375,0.333,0.222,0.444,0.247,0.884,25174
欧冠,225.0,0.469,0.226,0.306,0.493,0.196,0.311,1.227,0.542,25174
欧协联,74.0,0.473,0.238,0.289,0.419,0.27,0.311,0.894,0.639,25174
欧国联,23.0,0.442,0.271,0.287,0.391,0.304,0.304,0.257,0.879,25174
欧洲超级杯,1.0,0.677,0.189,0.134,0.0,1.0,0.0,4.284,0.117,25174
欧联,185.0,0.465,0.243,0.292,0.497,0.216,0.286,0.987,0.61,25174
法乙,118.0,0.422,0.28,0.298,0.398,0.305,0.297,0.427,0.808,25174
法国杯,6.0,0.489,0.241,0.271,0.667,0.333,0.0,2.228,0.328,25174
法甲,125.0,0.454,0.238,0.308,0.472,0.224,0.304,0.194,0.907,25174
瑞典超,64.0,0.429,0.245,0.326,0.406,0.266,0.328,0.192,0.908,25174
社区盾杯,1.0,0.199,0.228,0.574,0.0,1.0,0.0,3.395,0.183,25174
美职,43.0,0.463,0.249,0.288,0.372,0.326,0.302,1.82,0.403,25174
芬超,27.0,0.433,0.236,0.332,0.407,0.333,0.259,1.561,0.458,25174
英冠,126.0,0.424,0.276,0.3,0.468,0.222,0.31,1.917,0.383,25174
英甲,2.0,0.357,0.25,0.393,0.5,0.0,0.5,0.672,0.715,25174
英联杯,13.0,0.44,0.248,0.312,0.615,0.154,0.231,1.656,0.437,25174
英超,322.0,0.432,0.239,0.329,0.419,0.236,0.345,0.368,0.832,25174
荷乙,59.0,0.462,0.235,0.303,0.576,0.119,0.305,5.082,0.079,25174
荷兰杯,2.0,0.386,0.158,0.456,0.5,0.0,0.5,0.391,0.823,25174
荷甲,41.0,0.5,0.227,0.273,0.439,0.293,0.268,1.102,0.576,25174
葡超,53.0,0.482,0.258,0.26,0.415,0.302,0.283,1.008,0.604,25174
西甲,236.0,0.441,0.253,0.306,0.479,0.263,0.258,2.565,0.277,25174
解放者杯,18.0,0.484,0.262,0.255,0.5,0.167,0.333,1.067,0.587,25174
足总杯,22.0,0.47,0.222,0.308,0.545,0.227,0.227,0.739,0.691,25174
金杯赛,20.0,0.525,0.21,0.265,0.45,0.35,0.2,2.42,0.298,25174
J2联赛,4.0,0.46,0.266,0.274,0.25,0.25,0.5,1.133,0.568,25175
J联赛,11.0,0.354,0.284,0.362,0.455,0.091,0.455,2.023,0.364,25175
世亚预,31.0,0.467,0.252,0.281,0.516,0.258,0.226,0.5,0.779,25175
世俱杯,63.0,0.436,0.223,0.341,0.476,0.254,0.27,1.454,0.483,25175
世南美预,22.0,0.473,0.275,0.252,0.545,0.273,0.182,0.676,0.713,25175
世欧预,127.0,0.474,0.188,0.337,0.52,0.165,0.315,1.095,0.578,25175
亚冠,42.0,0.496,0.217,0.287,0.643,0.119,0.238,4.034,0.133,25175
国王杯,5.0,0.452,0.247,0.301,0.0,0.4,0.6,4.223,0.121,25175
天皇杯,2.0,0.427,0.267,0.306,0.0,1.0,0.0,5.482,0.065,25175
德乙,65.0,0.441,0.253,0.307,0.477,0.138,0.385,4.849,0.089,25175
德国杯,20.0,0.39,0.229,0.381,0.45,0.15,0.4,0.746,0.689,25175
德甲,271.0,0.445,0.237,0.318,0.38,0.24,0.38,5.792,0.055,25175
德超杯,1.0,0.187,0.202,0.612,0.0,0.0,1.0,0.635,0.728,25175
意大利杯,12.0,0.572,0.218,0.21,0.583,0.167,0.25,0.244,0.885,25175
意甲,232.0,0.409,0.268,0.323,0.401,0.306,0.293,1.941,0.379,25175
意超杯,1.0,0.535,0.266,0.199,1.0,0.0,0.0,0.869,0.648,25175
挪超,71.0,0.453,0.233,0.314,0.479,0.225,0.296,0.202,0.904,25175
日联杯,9.0,0.339,0.286,0.375,0.333,0.222,0.444,0.247,0.884,25175
欧冠,225.0,0.469,0.226,0.306,0.493,0.196,0.311,1.227,0.542,25175
欧协联,74.0,0.473,0.238,0.289,0.419,0.27,0.311,0.894,0.639,25175
欧国联,23.0,0.442,0.271,0.287,0.391,0.304,0.304,0.257,0.879,25175
欧洲超级杯,1.0,0.677,0.189,0.134,0.0,1.0,0.0,4.284,0.117,25175
欧联,185.0,0.465,0.243,0.292,0.497,0.216,0.286,0.987,0.61,25175
法乙,112.0,0.424,0.28,0.296,0.402,0.295,0.304,0.239,0.887,25175
法国杯,6.0,0.489,0.241,0.271,0.667,0.333,0.0,2.228,0.328,25175
法甲,124.0,0.45,0.239,0.312,0.46,0.226,0.315,0.116,0.944,25175
瑞典超,64.0,0.429,0.245,0.326,0.406,0.266,0.328,0.192,0.908,25175
社区盾杯,1.0,0.199,0.228,0.574,0.0,1.0,0.0,3.395,0.183,25175
美职,43.0,0.463,0.249,0.288,0.372,0.326,0.302,1.82,0.403,25175
芬超,27.0,0.433,0.236,0.332,0.407,0.333,0.259,1.561,0.458,25175
英冠,126.0,0.423,0.275,0.301,0.476,0.214,0.31,2.575,0.276,25175
英甲,2.0,0.357,0.25,0.393,0.5,0.0,0.5,0.672,0.715,25175
英联杯,13.0,0.44,0.248,0.312,0.615,0.154,0.231,1.656,0.437,25175
英超,322.0,0.432,0.239,0.329,0.419,0.236,0.345,0.368,0.832,25175
荷乙,63.0,0.463,0.234,0.303,0.571,0.127,0.302,4.675,0.097,25175
荷兰杯,2.0,0.386,0.158,0.456,0.5,0.0,0.5,0.391,0.823,25175
荷甲,42.0,0.494,0.227,0.279,0.452,0.286,0.262,0.829,0.661,25175
葡超,54.0,0.483,0.258,0.259,0.426,0.296,0.278,0.753,0.686,25175
西甲,236.0,0.44,0.254,0.306,0.479,0.263,0.258,2.618,0.27,25175
解放者杯,18.0,0.484,0.262,0.255,0.5,0.167,0.333,1.067,0.587,25175
足总杯,22.0,0.47,0.222,0.308,0.545,0.227,0.227,0.739,0.691,25175
金杯赛,20.0,0.525,0.21,0.265,0.45,0.35,0.2,2.42,0.298,25175
J2联赛,4.0,0.46,0.266,0.274,0.25,0.25,0.5,1.133,0.568,25176
J联赛,11.0,0.354,0.284,0.362,0.455,0.091,0.455,2.023,0.364,25176
世亚预,31.0,0.467,0.252,0.281,0.516,0.258,0.226,0.5,0.779,25176
世俱杯,63.0,0.436,0.223,0.341,0.476,0.254,0.27,1.454,0.483,25176
世南美预,22.0,0.473,0.275,0.252,0.545,0.273,0.182,0.676,0.713,25176
世欧预,127.0,0.474,0.188,0.337,0.52,0.165,0.315,1.095,0.578,25176
亚冠,42.0,0.496,0.217,0.287,0.643,0.119,0.238,4.034,0.133,25176
国王杯,5.0,0.452,0.247,0.301,0.0,0.4,0.6,4.223,0.121,25176
天皇杯,2.0,0.427,0.267,0.306,0.0,1.0,0.0,5.482,0.065,25176
德乙,65.0,0.441,0.253,0.307,0.477,0.138,0.385,4.849,0.089,25176
德国杯,20.0,0.39,0.229,0.381,0.45,0.15,0.4,0.746,0.689,25176
德甲,273.0,0.446,0.237,0.317,0.374,0.242,0.385,7.244,0.027,25176
德超杯,1.0,0.187,0.202,0.612,0.0,0.0,1.0,0.635,0.728,25176
意大利杯,12.0,0.572,0.218,0.21,0.583,0.167,0.25,0.244,0.885,25176
意甲,232.0,0.412,0.267,0.32,0.409,0.302,0.289,1.738,0.419,25176
意超杯,1.0,0.535,0.266,0.199,1.0,0.0,0.0,0.869,0.648,25176
挪超,71.0,0.453,0.233,0.314,0.479,0.225,0.296,0.202,0.904,25176
日联杯,9.0,0.339,0.286,0.375,0.333,0.222,0.444,0.247,0.884,25176
欧冠,225.0,0.469,0.226,0.306,0.493,0.196,0.311,1.227,0.542,25176
欧协联,74.0,0.473,0.238,0.289,0.419,0.27,0.311,0.894,0.639,25176
欧国联,23.0,0.442,0.271,0.287,0.391,0.304,0.304,0.257,0.879,25176
欧洲超级杯,1.0,0.677,0.189,0.134,0.0,1.0,0.0,4.284,0.117,25176
欧联,185.0,0.465,0.243,0.292,0.497,0.216,0.286,0.987,0.61,25176
法乙,112.0,0.424,0.28,0.296,0.402,0.295,0.304,0.239,0.887,25176
法国杯,6.0,0.489,0.241,0.271,0.667,0.333,0.0,2.228,0.328,25176
法甲,124.0,0.45,0.239,0.312,0.46,0.226,0.315,0.116,0.944,25176
瑞典超,64.0,0.429,0.245,0.326,0.406,0.266,0.328,0.192,0.908,25176
社区盾杯,1.0,0.199,0.228,0.574,0.0,1.0,0.0,3.395,0.183,25176
美职,43.0,0.463,0.249,0.288,0.372,0.326,0.302,1.82,0.403,25176
芬超,27.0,0.433,0.236,0.332,0.407,0.333,0.259,1.561,0.458,25176
英冠,126.0,0.423,0.275,0.301,0.476,0.214,0.31,2.575,0.276,25176
英甲,2.0,0.357,0.25,0.393,0.5,0.0,0.5,0.672,0.715,25176
英联杯,13.0,0.44,0.248,0.312,0.615,0.154,0.231,1.656,0.437,25176
英超,321.0,0.431,0.239,0.33,0.427,0.231,0.343,0.258,0.879,25176
荷乙,63.0,0.463,0.234,0.303,0.571,0.127,0.302,4.675,0.097,25176
荷兰杯,2.0,0.386,0.158,0.456,0.5,0.0,0.5,0.391,0.823,25176
荷甲,42.0,0.494,0.227,0.279,0.452,0.286,0.262,0.829,0.661,25176
葡超,54.0,0.483,0.258,0.259,0.426,0.296,0.278,0.753,0.686,25176
西甲,235.0,0.441,0.253,0.305,0.481,0.26,0.26,2.484,0.289,25176
解放者杯,18.0,0.484,0.262,0.255,0.5,0.167,0.333,1.067,0.587,25176
足总杯,22.0,0.47,0.222,0.308,0.545,0.227,0.227,0.739,0.691,25176
金杯赛,20.0,0.525,0.21,0.265,0.45,0.35,0.2,2.42,0.298,25176
J2联赛,4.0,0.46,0.266,0.274,0.25,0.25,0.5,1.133,0.568,25177
J联赛,11.0,0.354,0.284,0.362,0.455,0.091,0.455,2.023,0.364,25177
世亚预,31.0,0.467,0.252,0.281,0.516,0.258,0.226,0.5,0.779,25177
世俱杯,63.0,0.436,0.223,0.341,0.476,0.254,0.27,1.454,0.483,25177
世南美预,22.0,0.473,0.275,0.252,0.545,0.273,0.182,0.676,0.713,25177
世欧预,127.0,0.474,0.188,0.337,0.52,0.165,0.315,1.095,0.578,25177
亚冠,42.0,0.496,0.217,0.287,0.643,0.119,0.238,4.034,0.133,25177
国王杯,5.0,0.452,0.247,0.301,0.0,0.4,0.6,4.223,0.121,25177
天皇杯,2.0,0.427,0.267,0.306,0.0,1.0,0.0,5.482,0.065,25177
德乙,65.0,0.441,0.253,0.307,0.477,0.138,0.385,4.849,0.089,25177
德国杯,20.0,0.39,0.229,0.381,0.45,0.15,0.4,0.746,0.689,25177
德甲,274.0,0.447,0.237,0.316,0.376,0.245,0.38,6.622,0.036,25177
德超杯,1.0,0.187,0.202,0.612,0.0,0.0,1.0,0.635,0.728,25177
意大利杯,12.0,0.572,0.218,0.21,0.583,0.167,0.25,0.244,0.885,25177
意甲,231.0,0.411,0.267,0.322,0.407,0.299,0.294,1.435,0.488,25177
意超杯,1.0,0.535,0.266,0.199,1.0,0.0,0.0,0.869,0.648,25177
挪超,71.0,0.453,0.233,0.314,0.479,0.225,0.296,0.202,0.904,25177
日联杯,9.0,0.339,0.286,0.375,0.333,0.222,0.444,0.247,0.884,25177
欧冠,225.0,0.469,0.226,0.306,0.493,0.196,0.311,1.227,0.542,25177
欧协联,74.0,0.473,0.238,0.289,0.419,0.27,0.311,0.894,0.639,25177
欧国联,23.0,0.442,0.271,0.287,0.391,0.304,0.304,0.257,0.879,25177
欧洲超级杯,1.0,0.677,0.189,0.134,0.0,1.0,0.0,4.284,0.117,25177
欧联,185.0,0.465,0.243,0.292,0.497,0.216,0.286,0.987,0.61,25177
法乙,112.0,0.424,0.28,0.296,0.402,0.295,0.304,0.239,0.887,25177
法国杯,6.0,0.489,0.241,0.271,0.667,0.333,0.0,2.228,0.328,25177
法甲,122.0,0.448,0.238,0.314,0.443,0.23,0.328,0.127,0.938,25177
瑞典超,64.0,0.429,0.245,0.326,0.406,0.266,0.328,0.192,0.908,25177
社区盾杯,1.0,0.199,0.228,0.574,0.0,1.0,0.0,3.395,0.183,25177
美职,43.0,0.463,0.249,0.288,0.372,0.326,0.302,1.82,0.403,25177
芬超,27.0,0.433,0.236,0.332,0.407,0.333,0.259,1.561,0.458,25177
英冠,126.0,0.423,0.275,0.301,0.476,0.214,0.31,2.575,0.276,25177
英甲,2.0,0.357,0.25,0.393,0.5,0.0,0.5,0.672,0.715,25177
英联杯,13.0,0.44,0.248,0.312,0.615,0.154,0.231,1.656,0.437,25177
英超,323.0,0.432,0.239,0.329,0.427,0.229,0.344,0.373,0.83,25177
荷乙,63.0,0.463,0.234,0.303,0.571,0.127,0.302,4.675,0.097,25177
荷兰杯,2.0,0.386,0.158,0.456,0.5,0.0,0.5,0.391,0.823,25177
荷甲,42.0,0.494,0.227,0.279,0.452,0.286,0.262,0.829,0.661,25177
葡超,54.0,0.483,0.258,0.259,0.426,0.296,0.278,0.753,0.686,25177
西甲,235.0,0.441,0.253,0.306,0.472,0.264,0.264,1.966,0.374,25177
解放者杯,18.0,0.484,0.262,0.255,0.5,0.167,0.333,1.067,0.587,25177
足总杯,22.0,0.47,0.222,0.308,0.545,0.227,0.227,0.739,0.691,25177
金杯赛,20.0,0.525,0.21,0.265,0.45,0.35,0.2,2.42,0.298,25177
J2联赛,4.0,0.46,0.266,0.274,0.25,0.25,0.5,1.133,0.568,25178
J联赛,11.0,0.354,0.284,0.362,0.455,0.091,0.455,2.023,0.364,25178
世亚预,31.0,0.467,0.252,0.281,0.516,0.258,0.226,0.5,0.779,25178
世俱杯,63.0,0.436,0.223,0.341,0.476,0.254,0.27,1.454,0.483,25178
世南美预,22.0,0.473,0.275,0.252,0.545,0.273,0.182,0.676,0.713,25178
世欧预,127.0,0.474,0.188,0.337,0.52,0.165,0.315,1.095,0.578,25178
亚冠,42.0,0.496,0.217,0.287,0.643,0.119,0.238,4.034,0.133,25178
国王杯,5.0,0.452,0.247,0.301,0.0,0.4,0.6,4.223,0.121,25178
天皇杯,2.0,0.427,0.267,0.306,0.0,1.0,0.0,5.482,0.065,25178
德乙,65.0,0.441,0.253,0.307,0.477,0.138,0.385,4.849,0.089,25178
德国杯,24.0,0.421,0.228,0.351,0.458,0.125,0.417,1.5,0.472,25178
德甲,274.0,0.447,0.237,0.316,0.376,0.245,0.38,6.622,0.036,25178
德超杯,1.0,0.187,0.202,0.612,0.0,0.0,1.0,0.635,0.728,25178
意大利杯,13.0,0.582,0.217,0.202,0.615,0.154,0.231,0.315,0.854,25178
意甲,232.0,0.412,0.267,0.321,0.405,0.297,0.297,1.256,0.534,25178
意超杯,1.0,0.535,0.266,0.199,1.0,0.0,0.0,0.869,0.648,25178
挪超,71.0,0.453,0.233,0.314,0.479,0.225,0.296,0.202,0.904,25178
日联杯,9.0,0.339,0.286,0.375,0.333,0.222,0.444,0.247,0.884,25178
欧冠,216.0,0.468,0.227,0.305,0.495,0.199,0.306,1.11,0.574,25178
欧协联,74.0,0.473,0.238,0.289,0.419,0.27,0.311,0.894,0.639,25178
欧国联,23.0,0.442,0.271,0.287,0.391,0.304,0.304,0.257,0.879,25178
欧洲超级杯,1.0,0.677,0.189,0.134,0.0,1.0,0.0,4.284,0.117,25178
欧联,185.0,0.465,0.243,0.292,0.497,0.216,0.286,0.987,0.61,25178
法乙,112.0,0.424,0.28,0.296,0.402,0.295,0.304,0.239,0.887,25178
法国杯,6.0,0.489,0.241,0.271,0.667,0.333,0.0,2.228,0.328,25178
法甲,122.0,0.448,0.238,0.314,0.443,0.23,0.328,0.127,0.938,25178
瑞典超,64.0,0.429,0.245,0.326,0.406,0.266,0.328,0.192,0.908,25178
社区盾杯,1.0,0.199,0.228,0.574,0.0,1.0,0.0,3.395,0.183,25178
美职,43.0,0.463,0.249,0.288,0.372,0.326,0.302,1.82,0.403,25178
芬超,27.0,0.433,0.236,0.332,0.407,0.333,0.259,1.561,0.458,25178
英冠,122.0,0.42,0.276,0.304,0.467,0.213,0.32,2.503,0.286,25178
英甲,2.0,0.357,0.25,0.393,0.5,0.0,0.5,0.672,0.715,25178
英联杯,13.0,0.44,0.248,0.312,0.615,0.154,0.231,1.656,0.437,25178
英超,326.0,0.431,0.24,0.329,0.423,0.23,0.347,0.469,0.791,25178
荷乙,64.0,0.46,0.234,0.306,0.578,0.125,0.297,5.192,0.075,25178
荷兰杯,2.0,0.386,0.158,0.456,0.5,0.0,0.5,0.391,0.823,25178
荷甲,42.0,0.494,0.227,0.279,0.452,0.286,0.262,0.829,0.661,25178
葡超,55.0,0.477,0.257,0.266,0.418,0.291,0.291,0.777,0.678,25178
西甲,237.0,0.442,0.253,0.305,0.473,0.266,0.262,2.123,0.346,25178
解放者杯,18.0,0.484,0.262,0.255,0.5,0.167,0.333,1.067,0.587,25178
足总杯,22.0,0.47,0.222,0.308,0.545,0.227,0.227,0.739,0.691,25178
金杯赛,20.0,0.525,0.21,0.265,0.45,0.35,0.2,2.42,0.298,25178
J2联赛,4.0,0.46,0.266,0.274,0.25,0.25,0.5,1.133,0.568,25179
J联赛,11.0,0.354,0.284,0.362,0.455,0.091,0.455,2.023,0.364,25179
世亚预,31.0,0.467,0.252,0.281,0.516,0.258,0.226,0.5,0.779,25179
世俱杯,63.0,0.436,0.223,0.341,0.476,0.254,0.27,1.454,0.483,25179
世南美预,22.0,0.473,0.275,0.252,0.545,0.273,0.182,0.676,0.713,25179
世欧预,127.0,0.474,0.188,0.337,0.52,0.165,0.315,1.095,0.578,25179
亚冠,40.0,0.49,0.217,0.292,0.625,0.125,0.25,3.293,0.193,25179
国王杯,5.0,0.452,0.247,0.301,0.0,0.4,0.6,4.223,0.121,25179
天皇杯,2.0,0.427,0.267,0.306,0.0,1.0,0.0,5.482,0.065,25179
德乙,65.0,0.441,0.253,0.307,0.477,0.138,0.385,4.849,0.089,25179
德国杯,27.0,0.419,0.227,0.354,0.444,0.148,0.407,1.003,0.605,25179
德甲,274.0,0.447,0.237,0.316,0.376,0.245,0.38,6.622,0.036,25179
德超杯,1.0,0.187,0.202,0.612,0.0,0.0,1.0,0.635,0.728,25179
意大利杯,16.0,0.572,0.222,0.206,0.625,0.188,0.188,0.19,0.909,25179
意甲,232.0,0.412,0.267,0.321,0.405,0.297,0.297,1.256,0.534,25179
意超杯,1.0,0.535,0.266,0.199,1.0,0.0,0.0,0.869,0.648,25179
挪超,71.0,0.453,0.233,0.314,0.479,0.225,0.296,0.202,0.904,25179
日联杯,9.0,0.339,0.286,0.375,0.333,0.222,0.444,0.247,0.884,25179
欧冠,209.0,0.471,0.226,0.303,0.498,0.196,0.306,1.156,0.561,25179
欧协联,74.0,0.473,0.238,0.289,0.419,0.27,0.311,0.894,0.639,25179
欧国联,23.0,0.442,0.271,0.287,0.391,0.304,0.304,0.257,0.879,25179
欧洲超级杯,1.0,0.677,0.189,0.134,0.0,1.0,0.0,4.284,0.117,25179
欧联,185.0,0.465,0.243,0.292,0.497,0.216,0.286,0.987,0.61,25179
法乙,112.0,0.424,0.28,0.296,0.402,0.295,0.304,0.239,0.887,25179
法国杯,6.0,0.489,0.241,0.271,0.667,0.333,0.0,2.228,0.328,25179
法甲,122.0,0.448,0.238,0.314,0.443,0.23,0.328,0.127,0.938,25179
瑞典超,64.0,0.429,0.245,0.326,0.406,0.266,0.328,0.192,0.908,25179
社区盾杯,1.0,0.199,0.228,0.574,0.0,1.0,0.0,3.395,0.183,25179
美职,43.0,0.463,0.249,0.288,0.372,0.326,0.302,1.82,0.403,25179
芬超,27.0,0.433,0.236,0.332,0.407,0.333,0.259,1.561,0.458,25179
英冠,118.0,0.417,0.277,0.306,0.475,0.22,0.305,2.29,0.318,25179
英甲,2.0,0.357,0.25,0.393,0.5,0.0,0.5,0.672,0.715,25179
英联杯,13.0,0.44,0.248,0.312,0.615,0.154,0.231,1.656,0.437,25179
英超,333.0,0.432,0.24,0.329,0.42,0.231,0.348,0.588,0.745,25179
荷乙,64.0,0.46,0.234,0.306,0.578,0.125,0.297,5.192,0.075,25179
荷兰杯,2.0,0.386,0.158,0.456,0.5,0.0,0.5,0.391,0.823,25179
荷甲,42.0,0.494,0.227,0.279,0.452,0.286,0.262,0.829,0.661,25179
葡超,55.0,0.477,0.257,0.266,0.418,0.291,0.291,0.777,0.678,25179
西甲,238.0,0.441,0.253,0.306,0.471,0.265,0.265,1.924,0.382,25179
解放者杯,18.0,0.484,0.262,0.255,0.5,0.167,0.333,1.067,0.587,25179
足总杯,22.0,0.47,0.222,0.308,0.545,0.227,0.227,0.739,0.691,25179
金杯赛,20.0,0.525,0.21,0.265,0.45,0.35,0.2,2.42,0.298,25179
J2联赛,4.0,0.46,0.266,0.274,0.25,0.25,0.5,1.133,0.568,25180
J联赛,11.0,0.354,0.284,0.362,0.455,0.091,0.455,2.023,0.364,25180
世亚预,31.0,0.467,0.252,0.281,0.516,0.258,0.226,0.5,0.779,25180
世俱杯,63.0,0.436,0.223,0.341,0.476,0.254,0.27,1.454,0.483,25180
世南美预,22.0,0.473,0.275,0.252,0.545,0.273,0.182,0.676,0.713,25180
世欧预,127.0,0.474,0.188,0.337,0.52,0.165,0.315,1.095,0.578,25180
亚冠,40.0,0.49,0.217,0.292,0.625,0.125,0.25,3.293,0.193,25180
国王杯,5.0,0.452,0.247,0.301,0.0,0.4,0.6,4.223,0.121,25180
天皇杯,2.0,0.427,0.267,0.306,0.0,1.0,0.0,5.482,0.065,25180
德乙,67.0,0.435,0.253,0.312,0.463,0.149,0.388,4.223,0.121,25180
德国杯,27.0,0.419,0.227,0.354,0.444,0.148,0.407,1.003,0.605,25180
德甲,275.0,0.447,0.237,0.317,0.375,0.244,0.382,6.952,0.031,25180
德超杯,1.0,0.187,0.202,0.612,0.0,0.0,1.0,0.635,0.728,25180
意大利杯,16.0,0.572,0.222,0.206,0.625,0.188,0.188,0.19,0.909,25180
意甲,232.0,0.412,0.267,0.321,0.405,0.297,0.297,1.256,0.534,25180
意超杯,1.0,0.535,0.266,0.199,1.0,0.0,0.0,0.869,0.648,25180
挪超,71.0,0.453,0.233,0.314,0.479,0.225,0.296,0.202,0.904,25180
日联杯,9.0,0.339,0.286,0.375,0.333,0.222,0.444,0.247,0.884,25180
欧冠,209.0,0.471,0.226,0.303,0.498,0.196,0.306,1.156,0.561,25180
欧协联,74.0,0.473,0.238,0.289,0.419,0.27,0.311,0.894,0.639,25180
欧国联,23.0,0.442,0.271,0.287,0.391,0.304,0.304,0.257,0.879,25180
欧洲超级杯,1.0,0.677,0.189,0.134,0.0,1.0,0.0,4.284,0.117,25180
欧联,171.0,0.463,0.244,0.294,0.509,0.205,0.287,1.868,0.393,25180
法乙,116.0,0.425,0.28,0.295,0.405,0.293,0.302,0.206,0.902,25180
法国杯,6.0,0.489,0.241,0.271,0.667,0.333,0.0,2.228,0.328,25180
法甲,124.0,0.446,0.239,0.315,0.452,0.226,0.323,0.115,0.944,25180
瑞典超,64.0,0.429,0.245,0.326,0.406,0.266,0.328,0.192,0.908,25180
社区盾杯,1.0,0.199,0.228,0.574,0.0,1.0,0.0,3.395,0.183,25180
美职,43.0,0.463,0.249,0.288,0.372,0.326,0.302,1.82,0.403,25180
芬超,27.0,0.433,0.236,0.332,0.407,0.333,0.259,1.561,0.458,25180
英冠,119.0,0.416,0.277,0.307,0.471,0.218,0.311,2.299,0.317,25180
英甲,2.0,0.357,0.25,0.393,0.5,0.0,0.5,0.672,0.715,25180
英联杯,13.0,0.44,0.248,0.312,0.615,0.154,0.231,1.656,0.437,25180
英超,333.0,0.432,0.24,0.329,0.42,0.231,0.348,0.588,0.745,25180
荷乙,64.0,0.46,0.234,0.306,0.578,0.125,0.297,5.192,0.075,25180
荷兰杯,2.0,0.386,0.158,0.456,0.5,0.0,0.5,0.391,0.823,25180
荷甲,43.0,0.489,0.228,0.283,0.442,0.279,0.279,0.69,0.708,25180
葡超,56.0,0.475,0.258,0.267,0.411,0.304,0.286,1.005,0.605,25180
西甲,239.0,0.441,0.253,0.306,0.469,0.268,0.264,2.024,0.363,25180
解放者杯,18.0,0.484,0.262,0.255,0.5,0.167,0.333,1.067,0.587,25180
足总杯,22.0,0.47,0.222,0.308,0.545,0.227,0.227,0.739,0.691,25180
金杯赛,20.0,0.525,0.21,0.265,0.45,0.35,0.2,2.42,0.298,25180
J2联赛,4.0,0.46,0.266,0.274,0.25,0.25,0.5,1.133,0.568,25181
J联赛,11.0,0.354,0.284,0.362,0.455,0.091,0.455,2.023,0.364,25181
世亚预,31.0,0.467,0.252,0.281,0.516,0.258,0.226,0.5,0.779,25181
世俱杯,63.0,0.436,0.223,0.341,0.476,0.254,0.27,1.454,0.483,25181
世南美预,22.0,0.473,0.275,0.252,0.545,0.273,0.182,0.676,0.713,25181
世欧预,127.0,0.474,0.188,0.337,0.52,0.165,0.315,1.095,0.578,25181
亚冠,40.0,0.49,0.217,0.292,0.625,0.125,0.25,3.293,0.193,25181
国王杯,5.0,0.452,0.247,0.301,0.0,0.4,0.6,4.223,0.121,25181
天皇杯,2.0,0.427,0.267,0.306,0.0,1.0,0.0,5.482,0.065,25181
德乙,65.0,0.436,0.253,0.311,0.477,0.154,0.369,3.479,0.176,25181
德国杯,27.0,0.419,0.227,0.354,0.444,0.148,0.407,1.003,0.605,25181
德甲,279.0,0.444,0.237,0.319,0.38,0.24,0.38,5.886,0.053,25181
德超杯,1.0,0.187,0.202,0.612,0.0,0.0,1.0,0.635,0.728,25181
意大利杯,16.0,0.572,0.222,0.206,0.625,0.188,0.188,0.19,0.909,25181
意甲,232.0,0.412,0.267,0.321,0.405,0.297,0.297,1.261,0.532,25181
意超杯,1.0,0.535,0.266,0.199,1.0,0.0,0.0,0.869,0.648,25181
挪超,71.0,0.453,0.233,0.314,0.479,0.225,0.296,0.202,0.904,25181
日联杯,9.0,0.339,0.286,0.375,0.333,0.222,0.444,0.247,0.884,25181
欧冠,209.0,0.471,0.226,0.303,0.498,0.196,0.306,1.156,0.561,25181
欧协联,74.0,0.473,0.238,0.289,0.419,0.27,0.311,0.894,0.639,25181
欧国联,23.0,0.442,0.271,0.287,0.391,0.304,0.304,0.257,0.879,25181
欧洲超级杯,1.0,0.677,0.189,0.134,0.0,1.0,0.0,4.284,0.117,25181
欧联,171.0,0.463,0.244,0.294,0.509,0.205,0.287,1.868,0.393,25181
法乙,116.0,0.425,0.28,0.295,0.405,0.293,0.302,0.206,0.902,25181
法国杯,6.0,0.489,0.241,0.271,0.667,0.333,0.0,2.228,0.328,25181
法甲,123.0,0.448,0.238,0.314,0.455,0.228,0.317,0.077,0.962,25181
瑞典超,64.0,0.429,0.245,0.326,0.406,0.266,0.328,0.192,0.908,25181
社区盾杯,1.0,0.199,0.228,0.574,0.0,1.0,0.0,3.395,0.183,25181
美职,43.0,0.463,0.249,0.288,0.372,0.326,0.302,1.82,0.403,25181
芬超,27.0,0.433,0.236,0.332,0.407,0.333,0.259,1.561,0.458,25181
英冠,118.0,0.416,0.277,0.307,0.466,0.22,0.314,2.076,0.354,25181
英甲,2.0,0.357,0.25,0.393,0.5,0.0,0.5,0.672,0.715,25181
英联杯,13.0,0.44,0.248,0.312,0.615,0.154,0.231,1.656,0.437,25181
英超,338.0,0.432,0.24,0.329,0.426,0.231,0.343,0.354,0.838,25181
荷乙,60.0,0.466,0.232,0.301,0.583,0.1,0.317,6.322,0.042,25181
荷兰杯,2.0,0.386,0.158,0.456,0.5,0.0,0.5,0.391,0.823,25181
荷甲,42.0,0.487,0.228,0.285,0.452,0.262,0.286,0.316,0.854,25181
葡超,55.0,0.476,0.257,0.267,0.4,0.309,0.291,1.361,0.506,25181
西甲,240.0,0.439,0.253,0.308,0.467,0.267,0.267,1.884,0.39,25181
解放者杯,18.0,0.484,0.262,0.255,0.5,0.167,0.333,1.067,0.587,25181
足总杯,22.0,0.47,0.222,0.308,0.545,0.227,0.227,0.739,0.691,25181
金杯赛,20.0,0.525,0.21,0.265,0.45,0.35,0.2,2.42,0.298,25181
J2联赛,4.0,0.46,0.266,0.274,0.25,0.25,0.5,1.133,0.568,25182
J联赛,11.0,0.354,0.284,0.362,0.455,0.091,0.455,2.023,0.364,25182
世亚预,31.0,0.467,0.252,0.281,0.516,0.258,0.226,0.5,0.779,25182
世俱杯,63.0,0.436,0.223,0.341,0.476,0.254,0.27,1.454,0.483,25182
世南美预,22.0,0.473,0.275,0.252,0.545,0.273,0.182,0.676,0.713,25182
世欧预,127.0,0.474,0.188,0.337,0.52,0.165,0.315,1.095,0.578,25182
亚冠,40.0,0.49,0.217,0.292,0.625,0.125,0.25,3.293,0.193,25182
国王杯,5.0,0.452,0.247,0.301,0.0,0.4,0.6,4.223,0.121,25182
天皇杯,2.0,0.427,0.267,0.306,0.0,1.0,0.0,5.482,0.065,25182
德乙,65.0,0.436,0.253,0.311,0.477,0.154,0.369,3.479,0.176,25182
德国杯,27.0,0.419,0.227,0.354,0.444,0.148,0.407,1.003,0.605,25182
德甲,276.0,0.446,0.237,0.317,0.388,0.236,0.377,5.201,0.074,25182
德超杯,1.0,0.187,0.202,0.612,0.0,0.0,1.0,0.635,0.728,25182
意大利杯,16.0,0.572,0.222,0.206,0.625,0.188,0.188,0.19,0.909,25182
意甲,234.0,0.41,0.267,0.323,0.406,0.299,0.295,1.456,0.483,25182
意超杯,1.0,0.535,0.266,0.199,1.0,0.0,0.0,0.869,0.648,25182
挪超,71.0,0.453,0.233,0.314,0.479,0.225,0.296,0.202,0.904,25182
日联杯,9.0,0.339,0.286,0.375,0.333,0.222,0.444,0.247,0.884,25182
欧冠,209.0,0.471,0.226,0.303,0.498,0.196,0.306,1.156,0.561,25182
欧协联,74.0,0.473,0.238,0.289,0.419,0.27,0.311,0.894,0.639,25182
欧国联,23.0,0.442,0.271,0.287,0.391,0.304,0.304,0.257,0.879,25182
欧洲超级杯,1.0,0.677,0.189,0.134,0.0,1.0,0.0,4.284,0.117,25182
欧联,171.0,0.463,0.244,0.294,0.509,0.205,0.287,1.868,0.393,25182
法乙,116.0,0.425,0.28,0.295,0.405,0.293,0.302,0.206,0.902,25182
法国杯,6.0,0.489,0.241,0.271,0.667,0.333,0.0,2.228,0.328,25182
法甲,126.0,0.443,0.24,0.316,0.46,0.222,0.317,0.255,0.88,25182
瑞典超,64.0,0.429,0.245,0.326,0.406,0.266,0.328,0.192,0.908,25182
社区盾杯,1.0,0.199,0.228,0.574,0.0,1.0,0.0,3.395,0.183,25182
美职,43.0,0.463,0.249,0.288,0.372,0.326,0.302,1.82,0.403,25182
芬超,27.0,0.433,0.236,0.332,0.407,0.333,0.259,1.561,0.458,25182
英冠,118.0,0.416,0.277,0.307,0.466,0.22,0.314,2.076,0.354,25182
英甲,2.0,0.357,0.25,0.393,0.5,0.0,0.5,0.672,0.715,25182
英联杯,13.0,0.44,0.248,0.312,0.615,0.154,0.231,1.656,0.437,25182
英超,334.0,0.432,0.24,0.328,0.425,0.231,0.344,0.426,0.808,25182
荷乙,60.0,0.466,0.232,0.301,0.583,0.1,0.317,6.322,0.042,25182
荷兰杯,2.0,0.386,0.158,0.456,0.5,0.0,0.5,0.391,0.823,25182
荷甲,42.0,0.487,0.228,0.285,0.452,0.262,0.286,0.316,0.854,25182
葡超,55.0,0.476,0.257,0.267,0.4,0.309,0.291,1.361,0.506,25182
西甲,242.0,0.443,0.253,0.304,0.467,0.269,0.264,1.81,0.404,25182
解放者杯,18.0,0.484,0.262,0.255,0.5,0.167,0.333,1.067,0.587,25182
足总杯,22.0,0.47,0.222,0.308,0.545,0.227,0.227,0.739,0.691,25182
金杯赛,20.0,0.525,0.21,0.265,0.45,0.35,0.2,2.42,0.298,25182
J2联赛,4.0,0.46,0.266,0.274,0.25,0.25,0.5,1.133,0.568,25183
J联赛,11.0,0.354,0.284,0.362,0.455,0.091,0.455,2.023,0.364,25183
世亚预,31.0,0.467,0.252,0.281,0.516,0.258,0.226,0.5,0.779,25183
世俱杯,63.0,0.436,0.223,0.341,0.476,0.254,0.27,1.454,0.483,25183
世南美预,22.0,0.473,0.275,0.252,0.545,0.273,0.182,0.676,0.713,25183
世欧预,127.0,0.474,0.188,0.337,0.52,0.165,0.315,1.095,0.578,25183
亚冠,40.0,0.49,0.217,0.292,0.625,0.125,0.25,3.293,0.193,25183
国王杯,5.0,0.452,0.247,0.301,0.0,0.4,0.6,4.223,0.121,25183
天皇杯,2.0,0.427,0.267,0.306,0.0,1.0,0.0,5.482,0.065,25183
德乙,65.0,0.436,0.253,0.311,0.477,0.154,0.369,3.479,0.176,25183
德国杯,27.0,0.419,0.227,0.354,0.444,0.148,0.407,1.003,0.605,25183
德甲,274.0,0.447,0.237,0.317,0.387,0.237,0.376,5.222,0.073,25183
德超杯,1.0,0.187,0.202,0.612,0.0,0.0,1.0,0.635,0.728,25183
意大利杯,16.0,0.572,0.222,0.206,0.625,0.188,0.188,0.19,0.909,25183
意甲,231.0,0.413,0.267,0.32,0.407,0.299,0.294,1.331,0.514,25183
意超杯,1.0,0.535,0.266,0.199,1.0,0.0,0.0,0.869,0.648,25183
挪超,71.0,0.453,0.233,0.314,0.479,0.225,0.296,0.202,0.904,25183
日联杯,9.0,0.339,0.286,0.375,0.333,0.222,0.444,0.247,0.884,25183
欧冠,218.0,0.471,0.226,0.303,0.5,0.188,0.312,1.814,0.404,25183
欧协联,74.0,0.473,0.238,0.289,0.419,0.27,0.311,0.894,0.639,25183
欧国联,23.0,0.442,0.271,0.287,0.391,0.304,0.304,0.257,0.879,25183
欧洲超级杯,1.0,0.677,0.189,0.134,0.0,1.0,0.0,4.284,0.117,25183
欧联,171.0,0.463,0.244,0.294,0.509,0.205,0.287,1.868,0.393,25183
法乙,116.0,0.425,0.28,0.295,0.405,0.293,0.302,0.206,0.902,25183
法国杯,6.0,0.489,0.241,0.271,0.667,0.333,0.0,2.228,0.328,25183
法甲,125.0,0.444,0.24,0.316,0.456,0.224,0.32,0.181,0.913,25183
瑞典超,64.0,0.429,0.245,0.326,0.406,0.266,0.328,0.192,0.908,25183
社区盾杯,1.0,0.199,0.228,0.574,0.0,1.0,0.0,3.395,0.183,25183
美职,43.0,0.463,0.249,0.288,0.372,0.326,0.302,1.82,0.403,25183
芬超,27.0,0.433,0.236,0.332,0.407,0.333,0.259,1.561,0.458,25183
英冠,123.0,0.415,0.276,0.309,0.463,0.228,0.309,1.727,0.422,25183
英甲,2.0,0.357,0.25,0.393,0.5,0.0,0.5,0.672,0.715,25183
英联杯,13.0,0.44,0.248,0.312,0.615,0.154,0.231,1.656,0.437,25183
英超,330.0,0.431,0.24,0.329,0.421,0.23,0.348,0.569,0.753,25183
荷乙,60.0,0.466,0.232,0.301,0.583,0.1,0.317,6.322,0.042,25183
荷兰杯,2.0,0.386,0.158,0.456,0.5,0.0,0.5,0.391,0.823,25183
荷甲,42.0,0.487,0.228,0.285,0.452,0.262,0.286,0.316,0.854,25183
葡超,55.0,0.476,0.257,0.267,0.4,0.309,0.291,1.361,0.506,25183
西甲,239.0,0.442,0.253,0.305,0.464,0.272,0.264,1.979,0.372,25183
解放者杯,18.0,0.484,0.262,0.255,0.5,0.167,0.333,1.067,0.587,25183
足总杯,22.0,0.47,0.222,0.308,0.545,0.227,0.227,0.739,0.691,25183
金杯赛,20.0,0.525,0.21,0.265,0.45,0.35,0.2,2.42,0.298,25183
J2联赛,4.0,0.46,0.266,0.274,0.25,0.25,0.5,1.133,0.568,25184
J联赛,11.0,0.354,0.284,0.362,0.455,0.091,0.455,2.023,0.364,25184
世亚预,31.0,0.467,0.252,0.281,0.516,0.258,0.226,0.5,0.779,25184
世俱杯,63.0,0.436,0.223,0.341,0.476,0.254,0.27,1.454,0.483,25184
世南美预,22.0,0.473,0.275,0.252,0.545,0.273,0.182,0.676,0.713,25184
世欧预,127.0,0.474,0.188,0.337,0.52,0.165,0.315,1.095,0.578,25184
亚冠,36.0,0.488,0.217,0.295,0.639,0.083,0.278,4.661,0.097,25184
国王杯,5.0,0.452,0.247,0.301,0.0,0.4,0.6,4.223,0.121,25184
天皇杯,2.0,0.427,0.267,0.306,0.0,1.0,0.0,5.482,0.065,25184
德乙,65.0,0.436,0.253,0.311,0.477,0.154,0.369,3.479,0.176,25184
德国杯,23.0,0.424,0.229,0.348,0.435,0.174,0.391,0.437,0.804,25184
德甲,274.0,0.447,0.237,0.317,0.387,0.237,0.376,5.222,0.073,25184
德超杯,1.0,0.187,0.202,0.612,0.0,0.0,1.0,0.635,0.728,25184
意大利杯,14.0,0.559,0.224,0.217,0.571,0.214,0.214,0.011,0.995,25184
意甲,231.0,0.413,0.267,0.32,0.407,0.299,0.294,1.331,0.514,25184
意超杯,1.0,0.535,0.266,0.199,1.0,0.0,0.0,0.869,0.648,25184
挪超,71.0,0.453,0.233,0.314,0.479,0.225,0.296,0.202,0.904,25184
日联杯,9.0,0.339,0.286,0.375,0.333,0.222,0.444,0.247,0.884,25184
欧冠,227.0,0.47,0.225,0.305,0.489,0.194,0.317,1.303,0.521,25184
欧协联,74.0,0.473,0.238,0.289,0.419,0.27,0.311,0.894,0.639,25184
欧国联,23.0,0.442,0.271,0.287,0.391,0.304,0.304,0.257,0.879,25184
欧洲超级杯,1.0,0.677,0.189,0.134,0.0,1.0,0.0,4.284,0.117,25184
欧联,171.0,0.463,0.244,0.294,0.509,0.205,0.287,1.868,0.393,25184
法乙,116.0,0.425,0.28,0.295,0.405,0.293,0.302,0.206,0.902,25184
法国杯,6.0,0.489,0.241,0.271,0.667,0.333,0.0,2.228,0.328,25184
法甲,125.0,0.444,0.24,0.316,0.456,0.224,0.32,0.181,0.913,25184
瑞典超,64.0,0.429,0.245,0.326,0.406,0.266,0.328,0.192,0.908,25184
社区盾杯,1.0,0.199,0.228,0.574,0.0,1.0,0.0,3.395,0.183,25184
美职,43.0,0.463,0.249,0.288,0.372,0.326,0.302,1.82,0.403,25184
芬超,27.0,0.433,0.236,0.332,0.407,0.333,0.259,1.561,0.458,25184
英冠,127.0,0.416,0.276,0.308,0.465,0.236,0.299,1.48,0.477,25184
英甲,2.0,0.357,0.25,0.393,0.5,0.0,0.5,0.672,0.715,25184
英联杯,13.0,0.44,0.248,0.312,0.615,0.154,0.231,1.656,0.437,25184
英超,328.0,0.432,0.24,0.329,0.421,0.232,0.348,0.529,0.768,25184
荷乙,60.0,0.466,0.232,0.301,0.583,0.1,0.317,6.322,0.042,25184
荷兰杯,2.0,0.386,0.158,0.456,0.5,0.0,0.5,0.391,0.823,25184
荷甲,42.0,0.487,0.228,0.285,0.452,0.262,0.286,0.316,0.854,25184
葡超,55.0,0.476,0.257,0.267,0.4,0.309,0.291,1.361,0.506,25184
西甲,238.0,0.443,0.253,0.304,0.466,0.273,0.261,2.161,0.339,25184
解放者杯,18.0,0.484,0.262,0.255,0.5,0.167,0.333,1.067,0.587,25184
足总杯,22.0,0.47,0.222,0.308,0.545,0.227,0.227,0.739,0.691,25184
金杯赛,20.0,0.525,0.21,0.265,0.45,0.35,0.2,2.42,0.298,25184
J2联赛,4.0,0.46,0.266,0.274,0.25,0.25,0.5,1.133,0.568,25185
J联赛,11.0,0.354,0.284,0.362,0.455,0.091,0.455,2.023,0.364,25185
世亚预,31.0,0.467,0.252,0.281,0.516,0.258,0.226,0.5,0.779,25185
世俱杯,63.0,0.436,0.223,0.341,0.476,0.254,0.27,1.454,0.483,25185
世南美预,22.0,0.473,0.275,0.252,0.545,0.273,0.182,0.676,0.713,25185
世欧预,127.0,0.474,0.188,0.337,0.52,0.165,0.315,1.095,0.578,25185
亚冠,34.0,0.483,0.217,0.3,0.647,0.088,0.265,4.644,0.098,25185
国王杯,5.0,0.452,0.247,0.301,0.0,0.4,0.6,4.223,0.121,25185
天皇杯,2.0,0.427,0.267,0.306,0.0,1.0,0.0,5.482,0.065,25185
德乙,65.0,0.436,0.253,0.311,0.477,0.154,0.369,3.479,0.176,25185
德国杯,20.0,0.414,0.225,0.36,0.4,0.15,0.45,0.961,0.618,25185
德甲,274.0,0.447,0.237,0.317,0.387,0.237,0.376,5.222,0.073,25185
德超杯,1.0,0.187,0.202,0.612,0.0,0.0,1.0,0.635,0.728,25185
意大利杯,14.0,0.559,0.224,0.217,0.571,0.214,0.214,0.011,0.995,25185
意甲,231.0,0.413,0.267,0.32,0.407,0.299,0.294,1.331,0.514,25185
意超杯,1.0,0.535,0.266,0.199,1.0,0.0,0.0,0.869,0.648,25185
挪超,71.0,0.453,0.233,0.314,0.479,0.225,0.296,0.202,0.904,25185
日联杯,9.0,0.339,0.286,0.375,0.333,0.222,0.444,0.247,0.884,25185
欧冠,227.0,0.47,0.225,0.305,0.489,0.194,0.317,1.303,0.521,25185
欧协联,74.0,0.473,0.238,0.289,0.419,0.27,0.311,0.894,0.639,25185
欧国联,23.0,0.442,0.271,0.287,0.391,0.304,0.304,0.257,0.879,25185
欧洲超级杯,1.0,0.677,0.189,0.134,0.0,1.0,0.0,4.284,0.117,25185
欧联,185.0,0.459,0.243,0.298,0.503,0.195,0.303,2.585,0.275,25185
法乙,116.0,0.425,0.28,0.295,0.405,0.293,0.302,0.206,0.902,25185
法国杯,6.0,0.489,0.241,0.271,0.667,0.333,0.0,2.228,0.328,25185
法甲,125.0,0.444,0.24,0.316,0.456,0.224,0.32,0.181,0.913,25185
瑞典超,64.0,0.429,0.245,0.326,0.406,0.266,0.328,0.192,0.908,25185
社区盾杯,1.0,0.199,0.228,0.574,0.0,1.0,0.0,3.395,0.183,25185
美职,43.0,0.463,0.249,0.288,0.372,0.326,0.302,1.82,0.403,25185
芬超,27.0,0.433,0.236,0.332,0.407,0.333,0.259,1.561,0.458,25185
英冠,127.0,0.416,0.276,0.308,0.465,0.236,0.299,1.48,0.477,25185
英甲,2.0,0.357,0.25,0.393,0.5,0.0,0.5,0.672,0.715,25185
英联杯,13.0,0.44,0.248,0.312,0.615,0.154,0.231,1.656,0.437,25185
英超,320.0,0.431,0.24,0.329,0.412,0.234,0.353,0.874,0.646,25185
荷乙,60.0,0.466,0.232,0.301,0.583,0.1,0.317,6.322,0.042,25185
荷兰杯,2.0,0.386,0.158,0.456,0.5,0.0,0.5,0.391,0.823,25185
荷甲,42.0,0.487,0.228,0.285,0.452,0.262,0.286,0.316,0.854,25185
葡超,55.0,0.476,0.257,0.267,0.4,0.309,0.291,1.361,0.506,25185
西甲,237.0,0.443,0.253,0.304,0.464,0.274,0.262,2.027,0.363,25185
解放者杯,18.0,0.484,0.262,0.255,0.5,0.167,0.333,1.067,0.587,25185
足总杯,22.0,0.47,0.222,0.308,0.545,0.227,0.227,0.739,0.691,25185
金杯赛,20.0,0.525,0.21,0.265,0.45,0.35,0.2,2.42,0.298,25185
J2联赛,4.0,0.46,0.266,0.274,0.25,0.25,0.5,1.133,0.568,25186
J联赛,11.0,0.354,0.284,0.362,0.455,0.091,0.455,2.023,0.364,25186
世亚预,31.0,0.467,0.252,0.281,0.516,0.258,0.226,0.5,0.779,25186
世俱杯,63.0,0.436,0.223,0.341,0.476,0.254,0.27,1.454,0.483,25186
世南美预,22.0,0.473,0.275,0.252,0.545,0.273,0.182,0.676,0.713,25186
世欧预,127.0,0.474,0.188,0.337,0.52,0.165,0.315,1.095,0.578,25186
亚冠,34.0,0.483,0.217,0.3,0.647,0.088,0.265,4.644,0.098,25186
国王杯,5.0,0.452,0.247,0.301,0.0,0.4,0.6,4.223,0.121,25186
天皇杯,2.0,0.427,0.267,0.306,0.0,1.0,0.0,5.482,0.065,25186
德乙,65.0,0.432,0.253,0.315,0.462,0.169,0.369,2.562,0.278,25186
德国杯,20.0,0.414,0.225,0.36,0.4,0.15,0.45,0.961,0.618,25186
德甲,274.0,0.446,0.237,0.317,0.387,0.237,0.376,5.097,0.078,25186
德超杯,1.0,0.187,0.202,0.612,0.0,0.0,1.0,0.635,0.728,25186
意大利杯,14.0,0.559,0.224,0.217,0.571,0.214,0.214,0.011,0.995,25186
意甲,230.0,0.411,0.268,0.321,0.404,0.3,0.296,1.341,0.511,25186
意超杯,1.0,0.535,0.266,0.199,1.0,0.0,0.0,0.869,0.648,25186
挪超,71.0,0.453,0.233,0.314,0.479,0.225,0.296,0.202,0.904,25186
日联杯,9.0,0.339,0.286,0.375,0.333,0.222,0.444,0.247,0.884,25186
欧冠,227.0,0.47,0.225,0.305,0.489,0.194,0.317,1.303,0.521,25186
欧协联,74.0,0.473,0.238,0.289,0.419,0.27,0.311,0.894,0.639,25186
欧国联,23.0,0.442,0.271,0.287,0.391,0.304,0.304,0.257,0.879,25186
欧洲超级杯,1.0,0.677,0.189,0.134,0.0,1.0,0.0,4.284,0.117,25186
欧联,185.0,0.459,0.243,0.298,0.503,0.195,0.303,2.585,0.275,25186
法乙,118.0,0.424,0.28,0.296,0.39,0.288,0.322,0.623,0.732,25186
法国杯,6.0,0.489,0.241,0.271,0.667,0.333,0.0,2.228,0.328,25186
法甲,124.0,0.445,0.241,0.313,0.46,0.218,0.323,0.368,0.832,25186
瑞典超,64.0,0.429,0.245,0.326,0.406,0.266,0.328,0.192,0.908,25186
社区盾杯,1.0,0.199,0.228,0.574,0.0,1.0,0.0,3.395,0.183,25186
美职,43.0,0.463,0.249,0.288,0.372,0.326,0.302,1.82,0.403,25186
芬超,27.0,0.433,0.236,0.332,0.407,0.333,0.259,1.561,0.458,25186
英冠,127.0,0.416,0.276,0.308,0.472,0.228,0.299,2.041,0.36,25186
英甲,2.0,0.357,0.25,0.393,0.5,0.0,0.5,0.672,0.715,25186
英联杯,13.0,0.44,0.248,0.312,0.615,0.154,0.231,1.656,0.437,25186
英超,320.0,0.431,0.24,0.329,0.412,0.234,0.353,0.874,0.646,25186
荷乙,62.0,0.461,0.232,0.307,0.565,0.097,0.339,6.545,0.038,25186
荷兰杯,2.0,0.386,0.158,0.456,0.5,0.0,0.5,0.391,0.823,25186
荷甲,41.0,0.482,0.229,0.289,0.439,0.268,0.293,0.426,0.808,25186
葡超,54.0,0.47,0.259,0.27,0.407,0.296,0.296,0.879,0.644,25186
西甲,237.0,0.444,0.253,0.304,0.46,0.274,0.266,1.684,0.431,25186
解放者杯,18.0,0.484,0.262,0.255,0.5,0.167,0.333,1.067,0.587,25186
足总杯,22.0,0.47,0.222,0.308,0.545,0.227,0.227,0.739,0.691,25186
金杯赛,20.0,0.525,0.21,0.265,0.45,0.35,0.2,2.42,0.298,25186
J2联赛,4.0,0.46,0.266,0.274,0.25,0.25,0.5,1.133,0.568,25187
J联赛,11.0,0.354,0.284,0.362,0.455,0.091,0.455,2.023,0.364,25187
世亚预,31.0,0.467,0.252,0.281,0.516,0.258,0.226,0.5,0.779,25187
世俱杯,63.0,0.436,0.223,0.341,0.476,0.254,0.27,1.454,0.483,25187
世南美预,22.0,0.473,0.275,0.252,0.545,0.273,0.182,0.676,0.713,25187
世欧预,127.0,0.474,0.188,0.337,0.52,0.165,0.315,1.095,0.578,25187
亚冠,34.0,0.483,0.217,0.3,0.647,0.088,0.265,4.644,0.098,25187
国王杯,5.0,0.452,0.247,0.301,0.0,0.4,0.6,4.223,0.121,25187
天皇杯,2.0,0.427,0.267,0.306,0.0,1.0,0.0,5.482,0.065,25187
德乙,65.0,0.432,0.253,0.315,0.462,0.169,0.369,2.562,0.278,25187
德国杯,20.0,0.414,0.225,0.36,0.4,0.15,0.45,0.961,0.618,25187
德甲,273.0,0.446,0.238,0.316,0.396,0.231,0.374,4.508,0.105,25187
德超杯,1.0,0.187,0.202,0.612,0.0,0.0,1.0,0.635,0.728,25187
意大利杯,14.0,0.559,0.224,0.217,0.571,0.214,0.214,0.011,0.995,25187
意甲,230.0,0.41,0.268,0.322,0.404,0.296,0.3,1.01,0.604,25187
意超杯,1.0,0.535,0.266,0.199,1.0,0.0,0.0,0.869,0.648,25187
挪超,71.0,0.453,0.233,0.314,0.479,0.225,0.296,0.202,0.904,25187
日联杯,9.0,0.339,0.286,0.375,0.333,0.222,0.444,0.247,0.884,25187
欧冠,227.0,0.47,0.225,0.305,0.489,0.194,0.317,1.303,0.521,25187
欧协联,74.0,0.473,0.238,0.289,0.419,0.27,0.311,0.894,0.639,25187
欧国联,23.0,0.442,0.271,0.287,0.391,0.304,0.304,0.257,0.879,25187
欧洲超级杯,1.0,0.677,0.189,0.134,0.0,1.0,0.0,4.284,0.117,25187
欧联,185.0,0.459,0.243,0.298,0.503,0.195,0.303,2.585,0.275,25187
法乙,118.0,0.424,0.28,0.296,0.39,0.288,0.322,0.623,0.732,25187
法国杯,6.0,0.489,0.241,0.271,0.667,0.333,0.0,2.228,0.328,25187
法甲,125.0,0.445,0.242,0.314,0.456,0.216,0.328,0.453,0.797,25187
瑞典超,64.0,0.429,0.245,0.326,0.406,0.266,0.328,0.192,0.908,25187
社区盾杯,1.0,0.199,0.228,0.574,0.0,1.0,0.0,3.395,0.183,25187
美职,43.0,0.463,0.249,0.288,0.372,0.326,0.302,1.82,0.403,25187
芬超,27.0,0.433,0.236,0.332,0.407,0.333,0.259,1.561,0.458,25187
英冠,127.0,0.416,0.276,0.308,0.472,0.228,0.299,2.041,0.36,25187
英甲,2.0,0.357,0.25,0.393,0.5,0.0,0.5,0.672,0.715,25187
英联杯,13.0,0.44,0.248,0.312,0.615,0.154,0.231,1.656,0.437,25187
英超,319.0,0.432,0.24,0.328,0.414,0.232,0.354,0.986,0.611,25187
荷乙,62.0,0.461,0.232,0.307,0.565,0.097,0.339,6.545,0.038,25187
荷兰杯,2.0,0.386,0.158,0.456,0.5,0.0,0.5,0.391,0.823,25187
荷甲,41.0,0.482,0.229,0.289,0.439,0.268,0.293,0.426,0.808,25187
葡超,54.0,0.47,0.259,0.27,0.407,0.296,0.296,0.879,0.644,25187
西甲,238.0,0.446,0.253,0.3,0.466,0.269,0.265,1.444,0.486,25187
解放者杯,18.0,0.484,0.262,0.255,0.5,0.167,0.333,1.067,0.587,25187
足总杯,22.0,0.47,0.222,0.308,0.545,0.227,0.227,0.739,0.691,25187
金杯赛,20.0,0.525,0.21,0.265,0.45,0.35,0.2,2.42,0.298,25187
J2联赛,4.0,0.46,0.266,0.274,0.25,0.25,0.5,1.133,0.568,25188
J联赛,11.0,0.354,0.284,0.362,0.455,0.091,0.455,2.023,0.364,25188
世亚预,31.0,0.467,0.252,0.281,0.516,0.258,0.226,0.5,0.779,25188
世俱杯,63.0,0.436,0.223,0.341,0.476,0.254,0.27,1.454,0.483,25188
世南美预,22.0,0.473,0.275,0.252,0.545,0.273,0.182,0.676,0.713,25188
世欧预,127.0,0.474,0.188,0.337,0.52,0.165,0.315,1.095,0.578,25188
亚冠,34.0,0.483,0.217,0.3,0.647,0.088,0.265,4.644,0.098,25188
国王杯,5.0,0.452,0.247,0.301,0.0,0.4,0.6,4.223,0.121,25188
天皇杯,2.0,0.427,0.267,0.306,0.0,1.0,0.0,5.482,0.065,25188
德乙,65.0,0.432,0.253,0.315,0.462,0.169,0.369,2.562,0.278,25188
德国杯,20.0,0.414,0.225,0.36,0.4,0.15,0.45,0.961,0.618,25188
德甲,274.0,0.447,0.237,0.316,0.391,0.234,0.376,5.088,0.079,25188
德超杯,1.0,0.187,0.202,0.612,0.0,0.0,1.0,0.635,0.728,25188
意大利杯,14.0,0.559,0.224,0.217,0.571,0.214,0.214,0.011,0.995,25188
意甲,230.0,0.407,0.268,0.325,0.409,0.291,0.3,0.919,0.632,25188
意超杯,1.0,0.535,0.266,0.199,1.0,0.0,0.0,0.869,0.648,25188
挪超,71.0,0.453,0.233,0.314,0.479,0.225,0.296,0.202,0.904,25188
日联杯,9.0,0.339,0.286,0.375,0.333,0.222,0.444,0.247,0.884,25188
欧冠,227.0,0.47,0.225,0.305,0.489,0.194,0.317,1.303,0.521,25188
欧协联,74.0,0.473,0.238,0.289,0.419,0.27,0.311,0.894,0.639,25188
欧国联,23.0,0.442,0.271,0.287,0.391,0.304,0.304,0.257,0.879,25188
欧洲超级杯,1.0,0.677,0.189,0.134,0.0,1.0,0.0,4.284,0.117,25188
欧联,185.0,0.459,0.243,0.298,0.503,0.195,0.303,2.585,0.275,25188
法乙,118.0,0.424,0.28,0.296,0.39,0.288,0.322,0.623,0.732,25188
法国杯,6.0,0.489,0.241,0.271,0.667,0.333,0.0,2.228,0.328,25188
法甲,123.0,0.445,0.242,0.313,0.455,0.22,0.325,0.345,0.841,25188
瑞典超,64.0,0.429,0.245,0.326,0.406,0.266,0.328,0.192,0.908,25188
社区盾杯,1.0,0.199,0.228,0.574,0.0,1.0,0.0,3.395,0.183,25188
美职,43.0,0.463,0.249,0.288,0.372,0.326,0.302,1.82,0.403,25188
芬超,27.0,0.433,0.236,0.332,0.407,0.333,0.259,1.561,0.458,25188
英冠,127.0,0.416,0.276,0.308,0.472,0.228,0.299,2.041,0.36,25188
英甲,2.0,0.357,0.25,0.393,0.5,0.0,0.5,0.672,0.715,25188
英联杯,13.0,0.44,0.248,0.312,0.615,0.154,0.231,1.656,0.437,25188
英超,320.0,0.433,0.24,0.327,0.419,0.228,0.353,1.016,0.602,25188
荷乙,62.0,0.461,0.232,0.307,0.565,0.097,0.339,6.545,0.038,25188
荷兰杯,2.0,0.386,0.158,0.456,0.5,0.0,0.5,0.391,0.823,25188
荷甲,41.0,0.482,0.229,0.289,0.439,0.268,0.293,0.426,0.808,25188
葡超,54.0,0.47,0.259,0.27,0.407,0.296,0.296,0.879,0.644,25188
西甲,237.0,0.444,0.253,0.303,0.464,0.266,0.27,1.228,0.541,25188
解放者杯,18.0,0.484,0.262,0.255,0.5,0.167,0.333,1.067,0.587,25188
足总杯,22.0,0.47,0.222,0.308,0.545,0.227,0.227,0.739,0.691,25188
金杯赛,20.0,0.525,0.21,0.265,0.45,0.35,0.2,2.42,0.298,25188
J2联赛,4.0,0.46,0.266,0.274,0.25,0.25,0.5,1.133,0.568,25189
J联赛,11.0,0.354,0.284,0.362,0.455,0.091,0.455,2.023,0.364,25189
世亚预,31.0,0.467,0.252,0.281,0.516,0.258,0.226,0.5,0.779,25189
世俱杯,63.0,0.436,0.223,0.341,0.476,0.254,0.27,1.454,0.483,25189
世南美预,22.0,0.473,0.275,0.252,0.545,0.273,0.182,0.676,0.713,25189
世欧预,127.0,0.474,0.188,0.337,0.52,0.165,0.315,1.095,0.578,25189
亚冠,34.0,0.483,0.217,0.3,0.647,0.088,0.265,4.644,0.098,25189
国王杯,5.0,0.452,0.247,0.301,0.0,0.4,0.6,4.223,0.121,25189
天皇杯,2.0,0.427,0.267,0.306,0.0,1.0,0.0,5.482,0.065,25189
德乙,65.0,0.432,0.253,0.315,0.462,0.169,0.369,2.562,0.278,25189
德国杯,20.0,0.414,0.225,0.36,0.4,0.15,0.45,0.961,0.618,25189
德甲,274.0,0.447,0.237,0.316,0.391,0.234,0.376,5.088,0.079,25189
德超杯,1.0,0.187,0.202,0.612,0.0,0.0,1.0,0.635,0.728,25189
意大利杯,14.0,0.559,0.224,0.217,0.571,0.214,0.214,0.011,0.995,25189
意甲,231.0,0.407,0.268,0.325,0.411,0.29,0.299,0.912,0.634,25189
意超杯,1.0,0.535,0.266,0.199,1.0,0.0,0.0,0.869,0.648,25189
挪超,71.0,0.453,0.233,0.314,0.479,0.225,0.296,0.202,0.904,25189
日联杯,9.0,0.339,0.286,0.375,0.333,0.222,0.444,0.247,0.884,25189
欧冠,220.0,0.476,0.225,0.299,0.491,0.2,0.309,0.791,0.673,25189
欧协联,74.0,0.473,0.238,0.289,0.419,0.27,0.311,0.894,0.639,25189
欧国联,23.0,0.442,0.271,0.287,0.391,0.304,0.304,0.257,0.879,25189
欧洲超级杯,1.0,0.677,0.189,0.134,0.0,1.0,0.0,4.284,0.117,25189
欧联,185.0,0.459,0.243,0.298,0.503,0.195,0.303,2.585,0.275,25189
法乙,119.0,0.423,0.28,0.297,0.387,0.286,0.328,0.747,0.688,25189
法国杯,6.0,0.489,0.241,0.271,0.667,0.333,0.0,2.228,0.328,25189
法甲,123.0,0.445,0.242,0.313,0.455,0.22,0.325,0.345,0.841,25189
瑞典超,64.0,0.429,0.245,0.326,0.406,0.266,0.328,0.192,0.908,25189
社区盾杯,1.0,0.199,0.228,0.574,0.0,1.0,0.0,3.395,0.183,25189
美职,43.0,0.463,0.249,0.288,0.372,0.326,0.302,1.82,0.403,25189
芬超,27.0,0.433,0.236,0.332,0.407,0.333,0.259,1.561,0.458,25189
英冠,120.0,0.415,0.276,0.308,0.483,0.217,0.3,2.909,0.234,25189
英甲,2.0,0.357,0.25,0.393,0.5,0.0,0.5,0.672,0.715,25189
英联杯,16.0,0.438,0.242,0.32,0.625,0.125,0.25,2.439,0.295,25189
英超,321.0,0.433,0.24,0.327,0.417,0.231,0.352,0.943,0.624,25189
荷乙,62.0,0.461,0.232,0.307,0.565,0.097,0.339,6.545,0.038,25189
荷兰杯,7.0,0.473,0.177,0.351,0.286,0.143,0.571,1.534,0.464,25189
荷甲,41.0,0.482,0.229,0.289,0.439,0.268,0.293,0.426,0.808,25189
葡超,56.0,0.48,0.256,0.264,0.429,0.286,0.286,0.595,0.743,25189
西甲,238.0,0.443,0.254,0.303,0.462,0.269,0.269,1.34,0.512,25189
解放者杯,18.0,0.484,0.262,0.255,0.5,0.167,0.333,1.067,0.587,25189
足总杯,22.0,0.47,0.222,0.308,0.545,0.227,0.227,0.739,0.691,25189
金杯赛,20.0,0.525,0.21,0.265,0.45,0.35,0.2,2.42,0.298,25189
J2联赛,4.0,0.46,0.266,0.274,0.25,0.25,0.5,1.133,0.568,25190
J联赛,11.0,0.354,0.284,0.362,0.455,0.091,0.455,2.023,0.364,25190
世亚预,31.0,0.467,0.252,0.281,0.516,0.258,0.226,0.5,0.779,25190
世俱杯,63.0,0.436,0.223,0.341,0.476,0.254,0.27,1.454,0.483,25190
世南美预,22.0,0.473,0.275,0.252,0.545,0.273,0.182,0.676,0.713,25190
世欧预,127.0,0.474,0.188,0.337,0.52,0.165,0.315,1.095,0.578,25190
亚冠,34.0,0.483,0.217,0.3,0.647,0.088,0.265,4.644,0.098,25190
国王杯,5.0,0.452,0.247,0.301,0.0,0.4,0.6,4.223,0.121,25190
天皇杯,2.0,0.427,0.267,0.306,0.0,1.0,0.0,5.482,0.065,25190
德乙,65.0,0.432,0.253,0.315,0.462,0.169,0.369,2.562,0.278,25190
德国杯,20.0,0.414,0.225,0.36,0.4,0.15,0.45,0.961,0.618,25190
德甲,274.0,0.447,0.237,0.316,0.391,0.234,0.376,5.088,0.079,25190
德超杯,1.0,0.187,0.202,0.612,0.0,0.0,1.0,0.635,0.728,25190
意大利杯,14.0,0.559,0.224,0.217,0.571,0.214,0.214,0.011,0.995,25190
意甲,231.0,0.407,0.268,0.325,0.411,0.29,0.299,0.912,0.634,25190
意超杯,2.0,0.434,0.291,0.276,1.0,0.0,0.0,2.612,0.271,25190
挪超,71.0,0.453,0.233,0.314,0.479,0.225,0.296,0.202,0.904,25190
日联杯,9.0,0.339,0.286,0.375,0.333,0.222,0.444,0.247,0.884,25190
欧冠,211.0,0.469,0.227,0.304,0.479,0.204,0.318,0.667,0.716,25190
欧协联,87.0,0.487,0.235,0.278,0.437,0.276,0.287,1.104,0.576,25190
欧国联,23.0,0.442,0.271,0.287,0.391,0.304,0.304,0.257,0.879,25190
欧洲超级杯,1.0,0.677,0.189,0.134,0.0,1.0,0.0,4.284,0.117,25190
欧联,184.0,0.459,0.243,0.298,0.505,0.196,0.299,2.541,0.281,25190
法乙,119.0,0.423,0.28,0.297,0.387,0.286,0.328,0.747,0.688,25190
法国杯,6.0,0.489,0.241,0.271,0.667,0.333,0.0,2.228,0.328,25190
法甲,123.0,0.445,0.242,0.313,0.455,0.22,0.325,0.345,0.841,25190
瑞典超,64.0,0.429,0.245,0.326,0.406,0.266,0.328,0.192,0.908,25190
社区盾杯,1.0,0.199,0.228,0.574,0.0,1.0,0.0,3.395,0.183,25190
美职,43.0,0.463,0.249,0.288,0.372,0.326,0.302,1.82,0.403,25190
芬超,27.0,0.433,0.236,0.332,0.407,0.333,0.259,1.561,0.458,25190
英冠,116.0,0.417,0.276,0.308,0.491,0.216,0.293,3.164,0.206,25190
英甲,2.0,0.357,0.25,0.393,0.5,0.0,0.5,0.672,0.715,25190
英联杯,16.0,0.438,0.242,0.32,0.625,0.125,0.25,2.439,0.295,25190
英超,321.0,0.433,0.24,0.327,0.417,0.231,0.352,0.943,0.624,25190
荷乙,62.0,0.461,0.232,0.307,0.565,0.097,0.339,6.545,0.038,25190
荷兰杯,7.0,0.473,0.177,0.351,0.286,0.143,0.571,1.534,0.464,25190
荷甲,41.0,0.482,0.229,0.289,0.439,0.268,0.293,0.426,0.808,25190
葡超,56.0,0.48,0.256,0.264,0.429,0.286,0.286,0.595,0.743,25190
西甲,238.0,0.443,0.254,0.303,0.462,0.269,0.269,1.34,0.512,25190
解放者杯,18.0,0.484,0.262,0.255,0.5,0.167,0.333,1.067,0.587,25190
足总杯,22.0,0.47,0.222,0.308,0.545,0.227,0.227,0.739,0.691,25190
金杯赛,20.0,0.525,0.21,0.265,0.45,0.35,0.2,2.42,0.298,25190
J2联赛,4.0,0.46,0.266,0.274,0.25,0.25,0.5,1.133,0.568,25191
J联赛,11.0,0.354,0.284,0.362,0.455,0.091,0.455,2.023,0.364,25191
世亚预,31.0,0.467,0.252,0.281,0.516,0.258,0.226,0.5,0.779,25191
世俱杯,63.0,0.436,0.223,0.341,0.476,0.254,0.27,1.454,0.483,25191
世南美预,22.0,0.473,0.275,0.252,0.545,0.273,0.182,0.676,0.713,25191
世欧预,127.0,0.474,0.188,0.337,0.52,0.165,0.315,1.095,0.578,25191
亚冠,34.0,0.483,0.217,0.3,0.647,0.088,0.265,4.644,0.098,25191
国王杯,5.0,0.452,0.247,0.301,0.0,0.4,0.6,4.223,0.121,25191
天皇杯,2.0,0.427,0.267,0.306,0.0,1.0,0.0,5.482,0.065,25191
德乙,65.0,0.432,0.253,0.315,0.462,0.169,0.369,2.562,0.278,25191
德国杯,20.0,0.414,0.225,0.36,0.4,0.15,0.45,0.961,0.618,25191
德甲,278.0,0.446,0.237,0.316,0.385,0.234,0.381,6.106,0.047,25191
德超杯,1.0,0.187,0.202,0.612,0.0,0.0,1.0,0.635,0.728,25191
意大利杯,14.0,0.559,0.224,0.217,0.571,0.214,0.214,0.011,0.995,25191
意甲,233.0,0.409,0.268,0.323,0.412,0.292,0.296,1.043,0.594,25191
意超杯,2.0,0.434,0.291,0.276,1.0,0.0,0.0,2.612,0.271,25191
挪超,71.0,0.453,0.233,0.314,0.479,0.225,0.296,0.202,0.904,25191
日联杯,9.0,0.339,0.286,0.375,0.333,0.222,0.444,0.247,0.884,25191
欧冠,211.0,0.469,0.227,0.304,0.479,0.204,0.318,0.667,0.716,25191
欧协联,87.0,0.487,0.235,0.278,0.437,0.276,0.287,1.104,0.576,25191
欧国联,23.0,0.442,0.271,0.287,0.391,0.304,0.304,0.257,0.879,25191
欧洲超级杯,1.0,0.677,0.189,0.134,0.0,1.0,0.0,4.284,0.117,25191
欧联,170.0,0.457,0.243,0.299,0.512,0.182,0.306,3.714,0.156,25191
法乙,119.0,0.423,0.28,0.297,0.387,0.286,0.328,0.747,0.688,25191
法国杯,6.0,0.489,0.241,0.271,0.667,0.333,0.0,2.228,0.328,25191
法甲,123.0,0.445,0.242,0.313,0.455,0.22,0.325,0.345,0.841,25191
瑞典超,64.0,0.429,0.245,0.326,0.406,0.266,0.328,0.192,0.908,25191
社区盾杯,1.0,0.199,0.228,0.574,0.0,1.0,0.0,3.395,0.183,25191
美职,43.0,0.463,0.249,0.288,0.372,0.326,0.302,1.82,0.403,25191
芬超,27.0,0.433,0.236,0.332,0.407,0.333,0.259,1.561,0.458,25191
英冠,116.0,0.417,0.276,0.308,0.491,0.216,0.293,3.164,0.206,25191
英甲,2.0,0.357,0.25,0.393,0.5,0.0,0.5,0.672,0.715,25191
英联杯,16.0,0.438,0.242,0.32,0.625,0.125,0.25,2.439,0.295,25191
英超,327.0,0.433,0.24,0.327,0.416,0.229,0.355,1.14,0.565,25191
荷乙,62.0,0.461,0.232,0.307,0.565,0.097,0.339,6.545,0.038,25191
荷兰杯,7.0,0.473,0.177,0.351,0.286,0.143,0.571,1.534,0.464,25191
荷甲,41.0,0.482,0.229,0.289,0.439,0.268,0.293,0.426,0.808,25191
葡超,56.0,0.48,0.256,0.264,0.429,0.286,0.286,0.595,0.743,25191
西甲,240.0,0.444,0.253,0.303,0.462,0.271,0.267,1.507,0.471,25191
解放者杯,18.0,0.484,0.262,0.255,0.5,0.167,0.333,1.067,0.587,25191
足总杯,22.0,0.47,0.222,0.308,0.545,0.227,0.227,0.739,0.691,25191
金杯赛,20.0,0.525,0.21,0.265,0.45,0.35,0.2,2.42,0.298,25191
J2联赛,4.0,0.46,0.266,0.274,0.25,0.25,0.5,1.133,0.568,25192
J联赛,11.0,0.354,0.284,0.362,0.455,0.091,0.455,2.023,0.364,25192
世亚预,31.0,0.467,0.252,0.281,0.516,0.258,0.226,0.5,0.779,25192
世俱杯,63.0,0.436,0.223,0.341,0.476,0.254,0.27,1.454,0.483,25192
世南美预,22.0,0.473,0.275,0.252,0.545,0.273,0.182,0.676,0.713,25192
世欧预,127.0,0.474,0.188,0.337,0.52,0.165,0.315,1.095,0.578,25192
亚冠,34.0,0.483,0.217,0.3,0.647,0.088,0.265,4.644,0.098,25192
国王杯,5.0,0.452,0.247,0.301,0.0,0.4,0.6,4.223,0.121,25192
天皇杯,2.0,0.427,0.267,0.306,0.0,1.0,0.0,5.482,0.065,25192
德乙,63.0,0.426,0.255,0.32,0.46,0.175,0.365,2.163,0.339,25192
德国杯,20.0,0.414,0.225,0.36,0.4,0.15,0.45,0.961,0.618,25192
德甲,279.0,0.445,0.237,0.318,0.38,0.237,0.384,6.479,0.039,25192
德超杯,1.0,0.187,0.202,0.612,0.0,0.0,1.0,0.635,0.728,25192
意大利杯,14.0,0.559,0.224,0.217,0.571,0.214,0.214,0.011,0.995,25192
意甲,235.0,0.408,0.268,0.324,0.413,0.289,0.298,0.896,0.639,25192
意超杯,2.0,0.434,0.291,0.276,1.0,0.0,0.0,2.612,0.271,25192
挪超,71.0,0.453,0.233,0.314,0.479,0.225,0.296,0.202,0.904,25192
日联杯,9.0,0.339,0.286,0.375,0.333,0.222,0.444,0.247,0.884,25192
欧冠,211.0,0.469,0.227,0.304,0.479,0.204,0.318,0.667,0.716,25192
欧协联,87.0,0.487,0.235,0.278,0.437,0.276,0.287,1.104,0.576,25192
欧国联,23.0,0.442,0.271,0.287,0.391,0.304,0.304,0.257,0.879,25192
欧洲超级杯,1.0,0.677,0.189,0.134,0.0,1.0,0.0,4.284,0.117,25192
欧联,170.0,0.457,0.243,0.299,0.512,0.182,0.306,3.714,0.156,25192
法乙,115.0,0.422,0.28,0.298,0.383,0.287,0.33,0.834,0.659,25192
法国杯,10.0,0.486,0.23,0.284,0.6,0.2,0.2,0.554,0.758,25192
法甲,122.0,0.443,0.242,0.314,0.451,0.221,0.328,0.308,0.857,25192
瑞典超,64.0,0.429,0.245,0.326,0.406,0.266,0.328,0.192,0.908,25192
社区盾杯,1.0,0.199,0.228,0.574,0.0,1.0,0.0,3.395,0.183,25192
美职,43.0,0.463,0.249,0.288,0.372,0.326,0.302,1.82,0.403,25192
芬超,27.0,0.433,0.236,0.332,0.407,0.333,0.259,1.561,0.458,25192
英冠,115.0,0.416,0.276,0.308,0.487,0.217,0.296,2.864,0.239,25192
英甲,2.0,0.357,0.25,0.393,0.5,0.0,0.5,0.672,0.715,25192
英联杯,16.0,0.438,0.242,0.32,0.625,0.125,0.25,2.439,0.295,25192
英超,328.0,0.433,0.24,0.327,0.418,0.229,0.354,1.077,0.584,25192
荷乙,60.0,0.46,0.232,0.308,0.583,0.083,0.333,7.803,0.02,25192
荷兰杯,7.0,0.473,0.177,0.351,0.286,0.143,0.571,1.534,0.464,25192
荷甲,40.0,0.481,0.228,0.291,0.45,0.275,0.275,0.498,0.78,25192
葡超,56.0,0.48,0.256,0.264,0.429,0.286,0.286,0.595,0.743,25192
西甲,243.0,0.443,0.253,0.304,0.461,0.267,0.272,1.2,0.549,25192
解放者杯,18.0,0.484,0.262,0.255,0.5,0.167,0.333,1.067,0.587,25192
足总杯,22.0,0.47,0.222,0.308,0.545,0.227,0.227,0.739,0.691,25192
金杯赛,20.0,0.525,0.21,0.265,0.45,0.35,0.2,2.42,0.298,25192
J2联赛,4.0,0.46,0.266,0.274,0.25,0.25,0.5,1.133,0.568,25193
J联赛,11.0,0.354,0.284,0.362,0.455,0.091,0.455,2.023,0.364,25193
世亚预,31.0,0.467,0.252,0.281,0.516,0.258,0.226,0.5,0.779,25193
世俱杯,63.0,0.436,0.223,0.341,0.476,0.254,0.27,1.454,0.483,25193
世南美预,22.0,0.473,0.275,0.252,0.545,0.273,0.182,0.676,0.713,25193
世欧预,127.0,0.474,0.188,0.337,0.52,0.165,0.315,1.095,0.578,25193
亚冠,38.0,0.473,0.217,0.31,0.632,0.079,0.289,5.386,0.068,25193
国王杯,5.0,0.452,0.247,0.301,0.0,0.4,0.6,4.223,0.121,25193
天皇杯,2.0,0.427,0.267,0.306,0.0,1.0,0.0,5.482,0.065,25193
德乙,63.0,0.426,0.255,0.32,0.46,0.175,0.365,2.163,0.339,25193
德国杯,20.0,0.414,0.225,0.36,0.4,0.15,0.45,0.961,0.618,25193
德甲,276.0,0.448,0.237,0.315,0.38,0.239,0.38,6.506,0.039,25193
德超杯,1.0,0.187,0.202,0.612,0.0,0.0,1.0,0.635,0.728,25193
意大利杯,14.0,0.559,0.224,0.217,0.571,0.214,0.214,0.011,0.995,25193
意甲,233.0,0.408,0.268,0.324,0.416,0.288,0.296,0.907,0.635,25193
意超杯,2.0,0.434,0.291,0.276,1.0,0.0,0.0,2.612,0.271,25193
挪超,71.0,0.453,0.233,0.314,0.479,0.225,0.296,0.202,0.904,25193
日联杯,9.0,0.339,0.286,0.375,0.333,0.222,0.444,0.247,0.884,25193
欧冠,211.0,0.469,0.227,0.304,0.479,0.204,0.318,0.667,0.716,25193
欧协联,87.0,0.487,0.235,0.278,0.437,0.276,0.287,1.104,0.576,25193
欧国联,23.0,0.442,0.271,0.287,0.391,0.304,0.304,0.257,0.879,25193
欧洲超级杯,1.0,0.677,0.189,0.134,0.0,1.0,0.0,4.284,0.117,25193
欧联,170.0,0.457,0.243,0.299,0.512,0.182,0.306,3.714,0.156,25193
法乙,115.0,0.422,0.28,0.298,0.383,0.287,0.33,0.834,0.659,25193
法国杯,10.0,0.486,0.23,0.284,0.6,0.2,0.2,0.554,0.758,25193
法甲,120.0,0.444,0.242,0.314,0.458,0.208,0.333,0.753,0.686,25193
瑞典超,64.0,0.429,0.245,0.326,0.406,0.266,0.328,0.192,0.908,25193
社区盾杯,1.0,0.199,0.228,0.574,0.0,1.0,0.0,3.395,0.183,25193
美职,43.0,0.463,0.249,0.288,0.372,0.326,0.302,1.82,0.403,25193
芬超,27.0,0.433,0.236,0.332,0.407,0.333,0.259,1.561,0.458,25193
英冠,115.0,0.416,0.276,0.308,0.487,0.217,0.296,2.864,0.239,25193
英甲,2.0,0.357,0.25,0.393,0.5,0.0,0.5,0.672,0.715,25193
英联杯,17.0,0.449,0.241,0.31,0.588,0.176,0.235,1.332,0.514,25193
英超,324.0,0.43,0.241,0.329,0.42,0.225,0.355,1.055,0.59,25193
荷乙,60.0,0.46,0.232,0.308,0.583,0.083,0.333,7.803,0.02,25193
荷兰杯,7.0,0.473,0.177,0.351,0.286,0.143,0.571,1.534,0.464,25193
荷甲,40.0,0.481,0.228,0.291,0.45,0.275,0.275,0.498,0.78,25193
葡超,56.0,0.48,0.256,0.264,0.429,0.286,0.286,0.595,0.743,25193
西甲,242.0,0.445,0.253,0.302,0.459,0.264,0.277,0.73,0.694,25193
解放者杯,18.0,0.484,0.262,0.255,0.5,0.167,0.333,1.067,0.587,25193
足总杯,22.0,0.47,0.222,0.308,0.545,0.227,0.227,0.739,0.691,25193
金杯赛,20.0,0.525,0.21,0.265,0.45,0.35,0.2,2.42,0.298,25193
非洲杯,7.0,0.591,0.252,0.157,0.857,0.143,0.0,2.264,0.322,25193
J2联赛,4.0,0.46,0.266,0.274,0.25,0.25,0.5,1.133,0.568,25194
J联赛,11.0,0.354,0.284,0.362,0.455,0.091,0.455,2.023,0.364,25194
世亚预,31.0,0.467,0.252,0.281,0.516,0.258,0.226,0.5,0.779,25194
世俱杯,63.0,0.436,0.223,0.341,0.476,0.254,0.27,1.454,0.483,25194
世南美预,22.0,0.473,0.275,0.252,0.545,0.273,0.182,0.676,0.713,25194
世欧预,127.0,0.474,0.188,0.337,0.52,0.165,0.315,1.095,0.578,25194
亚冠,38.0,0.473,0.217,0.31,0.632,0.079,0.289,5.386,0.068,25194
国王杯,5.0,0.452,0.247,0.301,0.0,0.4,0.6,4.223,0.121,25194
天皇杯,2.0,0.427,0.267,0.306,0.0,1.0,0.0,5.482,0.065,25194
德乙,63.0,0.426,0.255,0.32,0.46,0.175,0.365,2.163,0.339,25194
德国杯,20.0,0.414,0.225,0.36,0.4,0.15,0.45,0.961,0.618,25194
德甲,273.0,0.448,0.237,0.315,0.381,0.238,0.381,6.47,0.039,25194
德超杯,1.0,0.187,0.202,0.612,0.0,0.0,1.0,0.635,0.728,25194
意大利杯,14.0,0.559,0.224,0.217,0.571,0.214,0.214,0.011,0.995,25194
意甲,230.0,0.408,0.268,0.324,0.413,0.287,0.3,0.72,0.698,25194
意超杯,2.0,0.434,0.291,0.276,1.0,0.0,0.0,2.612,0.271,25194
挪超,71.0,0.453,0.233,0.314,0.479,0.225,0.296,0.202,0.904,25194
日联杯,9.0,0.339,0.286,0.375,0.333,0.222,0.444,0.247,0.884,25194
欧冠,211.0,0.469,0.227,0.304,0.479,0.204,0.318,0.667,0.716,25194
欧协联,87.0,0.487,0.235,0.278,0.437,0.276,0.287,1.104,0.576,25194
欧国联,23.0,0.442,0.271,0.287,0.391,0.304,0.304,0.257,0.879,25194
欧洲超级杯,1.0,0.677,0.189,0.134,0.0,1.0,0.0,4.284,0.117,25194
欧联,170.0,0.457,0.243,0.299,0.512,0.182,0.306,3.714,0.156,25194
法乙,115.0,0.422,0.28,0.298,0.383,0.287,0.33,0.834,0.659,25194
法国杯,10.0,0.486,0.23,0.284,0.6,0.2,0.2,0.554,0.758,25194
法甲,120.0,0.444,0.242,0.314,0.458,0.208,0.333,0.753,0.686,25194
瑞典超,64.0,0.429,0.245,0.326,0.406,0.266,0.328,0.192,0.908,25194
社区盾杯,1.0,0.199,0.228,0.574,0.0,1.0,0.0,3.395,0.183,25194
美职,43.0,0.463,0.249,0.288,0.372,0.326,0.302,1.82,0.403,25194
芬超,27.0,0.433,0.236,0.332,0.407,0.333,0.259,1.561,0.458,25194
英冠,125.0,0.415,0.275,0.31,0.48,0.232,0.288,2.295,0.317,25194
英甲,2.0,0.357,0.25,0.393,0.5,0.0,0.5,0.672,0.715,25194
英联杯,17.0,0.449,0.241,0.31,0.588,0.176,0.235,1.332,0.514,25194
英超,321.0,0.428,0.241,0.33,0.424,0.227,0.349,0.624,0.732,25194
荷乙,60.0,0.46,0.232,0.308,0.583,0.083,0.333,7.803,0.02,25194
荷兰杯,7.0,0.473,0.177,0.351,0.286,0.143,0.571,1.534,0.464,25194
荷甲,40.0,0.481,0.228,0.291,0.45,0.275,0.275,0.498,0.78,25194
葡超,56.0,0.48,0.256,0.264,0.429,0.286,0.286,0.595,0.743,25194
西甲,238.0,0.443,0.254,0.303,0.466,0.261,0.273,1.068,0.586,25194
解放者杯,18.0,0.484,0.262,0.255,0.5,0.167,0.333,1.067,0.587,25194
足总杯,22.0,0.47,0.222,0.308,0.545,0.227,0.227,0.739,0.691,25194
金杯赛,20.0,0.525,0.21,0.265,0.45,0.35,0.2,2.42,0.298,25194
非洲杯,10.0,0.566,0.263,0.172,0.7,0.3,0.0,2.088,0.352,25194
J2联赛,4.0,0.46,0.266,0.274,0.25,0.25,0.5,1.133,0.568,25195
J联赛,11.0,0.354,0.284,0.362,0.455,0.091,0.455,2.023,0.364,25195
世亚预,31.0,0.467,0.252,0.281,0.516,0.258,0.226,0.5,0.779,25195
世俱杯,63.0,0.436,0.223,0.341,0.476,0.254,0.27,1.454,0.483,25195
世南美预,22.0,0.473,0.275,0.252,0.545,0.273,0.182,0.676,0.713,25195
世欧预,127.0,0.474,0.188,0.337,0.52,0.165,0.315,1.095,0.578,25195
亚冠,38.0,0.473,0.217,0.31,0.632,0.079,0.289,5.386,0.068,25195
国王杯,5.0,0.452,0.247,0.301,0.0,0.4,0.6,4.223,0.121,25195
天皇杯,2.0,0.427,0.267,0.306,0.0,1.0,0.0,5.482,0.065,25195
德乙,63.0,0.426,0.255,0.32,0.46,0.175,0.365,2.163,0.339,25195
德国杯,20.0,0.414,0.225,0.36,0.4,0.15,0.45,0.961,0.618,25195
德甲,273.0,0.448,0.237,0.315,0.381,0.238,0.381,6.47,0.039,25195
德超杯,1.0,0.187,0.202,0.612,0.0,0.0,1.0,0.635,0.728,25195
意大利杯,11.0,0.506,0.242,0.252,0.455,0.273,0.273,0.118,0.943,25195
意甲,233.0,0.406,0.268,0.325,0.408,0.288,0.305,0.624,0.732,25195
意超杯,2.0,0.434,0.291,0.276,1.0,0.0,0.0,2.612,0.271,25195
挪超,71.0,0.453,0.233,0.314,0.479,0.225,0.296,0.202,0.904,25195
日联杯,9.0,0.339,0.286,0.375,0.333,0.222,0.444,0.247,0.884,25195
欧冠,211.0,0.469,0.227,0.304,0.479,0.204,0.318,0.667,0.716,25195
欧协联,87.0,0.487,0.235,0.278,0.437,0.276,0.287,1.104,0.576,25195
欧国联,23.0,0.442,0.271,0.287,0.391,0.304,0.304,0.257,0.879,25195
欧洲超级杯,1.0,0.677,0.189,0.134,0.0,1.0,0.0,4.284,0.117,25195
欧联,170.0,0.457,0.243,0.299,0.512,0.182,0.306,3.714,0.156,25195
法乙,114.0,0.422,0.28,0.299,0.377,0.289,0.333,1.027,0.598,25195
法国杯,10.0,0.486,0.23,0.284,0.6,0.2,0.2,0.554,0.758,25195
法甲,119.0,0.446,0.242,0.312,0.462,0.21,0.328,0.657,0.72,25195
瑞典超,64.0,0.429,0.245,0.326,0.406,0.266,0.328,0.192,0.908,25195
社区盾杯,1.0,0.199,0.228,0.574,0.0,1.0,0.0,3.395,0.183,25195
美职,43.0,0.463,0.249,0.288,0.372,0.326,0.302,1.82,0.403,25195
芬超,27.0,0.433,0.236,0.332,0.407,0.333,0.259,1.561,0.458,25195
英冠,125.0,0.415,0.275,0.31,0.48,0.232,0.288,2.295,0.317,25195
英甲,2.0,0.357,0.25,0.393,0.5,0.0,0.5,0.672,0.715,25195
英联杯,17.0,0.449,0.241,0.31,0.588,0.176,0.235,1.332,0.514,25195
英超,326.0,0.428,0.242,0.331,0.423,0.224,0.353,0.919,0.632,25195
荷乙,60.0,0.46,0.232,0.308,0.583,0.083,0.333,7.803,0.02,25195
荷兰杯,5.0,0.507,0.184,0.309,0.2,0.2,0.6,2.313,0.315,25195
荷甲,40.0,0.481,0.228,0.291,0.45,0.275,0.275,0.498,0.78,25195
葡超,54.0,0.479,0.258,0.263,0.426,0.259,0.315,0.878,0.645,25195
西甲,236.0,0.443,0.254,0.304,0.47,0.254,0.275,1.043,0.594,25195
解放者杯,18.0,0.484,0.262,0.255,0.5,0.167,0.333,1.067,0.587,25195
足总杯,22.0,0.47,0.222,0.308,0.545,0.227,0.227,0.739,0.691,25195
金杯赛,20.0,0.525,0.21,0.265,0.45,0.35,0.2,2.42,0.298,25195
非洲杯,13.0,0.537,0.277,0.186,0.692,0.308,0.0,3.053,0.217,25195
J2联赛,4.0,0.46,0.266,0.274,0.25,0.25,0.5,1.133,0.568,25196
J联赛,11.0,0.354,0.284,0.362,0.455,0.091,0.455,2.023,0.364,25196
世亚预,31.0,0.467,0.252,0.281,0.516,0.258,0.226,0.5,0.779,25196
世俱杯,63.0,0.436,0.223,0.341,0.476,0.254,0.27,1.454,0.483,25196
世南美预,22.0,0.473,0.275,0.252,0.545,0.273,0.182,0.676,0.713,25196
世欧预,127.0,0.474,0.188,0.337,0.52,0.165,0.315,1.095,0.578,25196
亚冠,38.0,0.473,0.217,0.31,0.632,0.079,0.289,5.386,0.068,25196
国王杯,5.0,0.452,0.247,0.301,0.0,0.4,0.6,4.223,0.121,25196
天皇杯,2.0,0.427,0.267,0.306,0.0,1.0,0.0,5.482,0.065,25196
德乙,63.0,0.426,0.255,0.32,0.46,0.175,0.365,2.163,0.339,25196
德国杯,20.0,0.414,0.225,0.36,0.4,0.15,0.45,0.961,0.618,25196
德甲,273.0,0.448,0.237,0.315,0.381,0.238,0.381,6.47,0.039,25196
德超杯,1.0,0.187,0.202,0.612,0.0,0.0,1.0,0.635,0.728,25196
意大利杯,10.0,0.486,0.248,0.266,0.4,0.3,0.3,0.307,0.858,25196
意甲,237.0,0.406,0.268,0.326,0.405,0.287,0.308,0.545,0.762,25196
意超杯,2.0,0.434,0.291,0.276,1.0,0.0,0.0,2.612,0.271,25196
挪超,71.0,0.453,0.233,0.314,0.479,0.225,0.296,0.202,0.904,25196
日联杯,9.0,0.339,0.286,0.375,0.333,0.222,0.444,0.247,0.884,25196
欧冠,211.0,0.469,0.227,0.304,0.479,0.204,0.318,0.667,0.716,25196
欧协联,74.0,0.481,0.237,0.281,0.419,0.243,0.338,1.445,0.486,25196
欧国联,23.0,0.442,0.271,0.287,0.391,0.304,0.304,0.257,0.879,25196
欧洲超级杯,1.0,0.677,0.189,0.134,0.0,1.0,0.0,4.284,0.117,25196
欧联,170.0,0.457,0.243,0.299,0.512,0.182,0.306,3.714,0.156,25196
法乙,114.0,0.422,0.28,0.299,0.377,0.289,0.333,1.027,0.598,25196
法国杯,10.0,0.486,0.23,0.284,0.6,0.2,0.2,0.554,0.758,25196
法甲,119.0,0.446,0.242,0.312,0.462,0.21,0.328,0.657,0.72,25196
瑞典超,64.0,0.429,0.245,0.326,0.406,0.266,0.328,0.192,0.908,25196
社区盾杯,1.0,0.199,0.228,0.574,0.0,1.0,0.0,3.395,0.183,25196
美职,43.0,0.463,0.249,0.288,0.372,0.326,0.302,1.82,0.403,25196
芬超,27.0,0.433,0.236,0.332,0.407,0.333,0.259,1.561,0.458,25196
英冠,125.0,0.415,0.275,0.31,0.48,0.232,0.288,2.295,0.317,25196
英甲,2.0,0.357,0.25,0.393,0.5,0.0,0.5,0.672,0.715,25196
英联杯,17.0,0.449,0.241,0.31,0.588,0.176,0.235,1.332,0.514,25196
英超,328.0,0.428,0.242,0.331,0.421,0.226,0.354,0.922,0.631,25196
荷乙,60.0,0.46,0.232,0.308,0.583,0.083,0.333,7.803,0.02,25196
荷兰杯,5.0,0.507,0.184,0.309,0.2,0.2,0.6,2.313,0.315,25196
荷甲,40.0,0.481,0.228,0.291,0.45,0.275,0.275,0.498,0.78,25196
葡超,58.0,0.475,0.257,0.268,0.414,0.293,0.293,0.874,0.646,25196
西甲,236.0,0.443,0.254,0.304,0.47,0.254,0.275,1.043,0.594,25196
解放者杯,18.0,0.484,0.262,0.255,0.5,0.167,0.333,1.067,0.587,25196
足总杯,22.0,0.47,0.222,0.308,0.545,0.227,0.227,0.739,0.691,25196
金杯赛,20.0,0.525,0.21,0.265,0.45,0.35,0.2,2.42,0.298,25196
非洲杯,17.0,0.523,0.285,0.192,0.588,0.294,0.118,0.639,0.726,25196
J2联赛,4.0,0.46,0.266,0.274,0.25,0.25,0.5,1.133,0.568,26001
J联赛,11.0,0.354,0.284,0.362,0.455,0.091,0.455,2.023,0.364,26001
世亚预,31.0,0.467,0.252,0.281,0.516,0.258,0.226,0.5,0.779,26001
世俱杯,63.0,0.436,0.223,0.341,0.476,0.254,0.27,1.454,0.483,26001
世南美预,22.0,0.473,0.275,0.252,0.545,0.273,0.182,0.676,0.713,26001
世欧预,127.0,0.474,0.188,0.337,0.52,0.165,0.315,1.095,0.578,26001
亚冠,38.0,0.473,0.217,0.31,0.632,0.079,0.289,5.386,0.068,26001
国王杯,5.0,0.452,0.247,0.301,0.0,0.4,0.6,4.223,0.121,26001
天皇杯,2.0,0.427,0.267,0.306,0.0,1.0,0.0,5.482,0.065,26001
德乙,61.0,0.425,0.254,0.32,0.475,0.18,0.344,1.788,0.409,26001
德国杯,20.0,0.414,0.225,0.36,0.4,0.15,0.45,0.961,0.618,26001
德甲,272.0,0.446,0.237,0.316,0.379,0.239,0.382,6.592,0.037,26001
德超杯,1.0,0.187,0.202,0.612,0.0,0.0,1.0,0.635,0.728,26001
意大利杯,10.0,0.486,0.248,0.266,0.4,0.3,0.3,0.307,0.858,26001
意甲,237.0,0.408,0.268,0.324,0.409,0.287,0.304,0.608,0.738,26001
意超杯,2.0,0.434,0.291,0.276,1.0,0.0,0.0,2.612,0.271,26001
挪超,71.0,0.453,0.233,0.314,0.479,0.225,0.296,0.202,0.904,26001
日联杯,9.0,0.339,0.286,0.375,0.333,0.222,0.444,0.247,0.884,26001
欧冠,211.0,0.469,0.227,0.304,0.479,0.204,0.318,0.667,0.716,26001
欧协联,74.0,0.481,0.237,0.281,0.419,0.243,0.338,1.445,0.486,26001
欧国联,23.0,0.442,0.271,0.287,0.391,0.304,0.304,0.257,0.879,26001
欧洲超级杯,1.0,0.677,0.189,0.134,0.0,1.0,0.0,4.284,0.117,26001
欧联,170.0,0.457,0.243,0.299,0.512,0.182,0.306,3.714,0.156,26001
法乙,114.0,0.422,0.28,0.299,0.377,0.289,0.333,1.027,0.598,26001
法国杯,9.0,0.501,0.224,0.275,0.556,0.222,0.222,0.144,0.93,26001
法甲,119.0,0.446,0.242,0.312,0.462,0.21,0.328,0.657,0.72,26001
瑞典超,64.0,0.429,0.245,0.326,0.406,0.266,0.328,0.192,0.908,26001
社区盾杯,1.0,0.199,0.228,0.574,0.0,1.0,0.0,3.395,0.183,26001
美职,43.0,0.463,0.249,0.288,0.372,0.326,0.302,1.82,0.403,26001
芬超,27.0,0.433,0.236,0.332,0.407,0.333,0.259,1.561,0.458,26001
英冠,130.0,0.416,0.275,0.31,0.469,0.231,0.3,1.844,0.398,26001
英甲,2.0,0.357,0.25,0.393,0.5,0.0,0.5,0.672,0.715,26001
英联杯,17.0,0.449,0.241,0.31,0.588,0.176,0.235,1.332,0.514,26001
英超,333.0,0.429,0.242,0.329,0.417,0.228,0.354,0.979,0.613,26001
荷乙,55.0,0.457,0.232,0.311,0.6,0.073,0.327,8.51,0.014,26001
荷兰杯,5.0,0.507,0.184,0.309,0.2,0.2,0.6,2.313,0.315,26001
荷甲,39.0,0.485,0.227,0.288,0.462,0.256,0.282,0.194,0.907,26001
葡超,57.0,0.476,0.256,0.268,0.404,0.298,0.298,1.214,0.545,26001
西甲,235.0,0.441,0.254,0.305,0.468,0.255,0.277,0.992,0.609,26001
解放者杯,18.0,0.484,0.262,0.255,0.5,0.167,0.333,1.067,0.587,26001
足总杯,22.0,0.47,0.222,0.308,0.545,0.227,0.227,0.739,0.691,26001
金杯赛,20.0,0.525,0.21,0.265,0.45,0.35,0.2,2.42,0.298,26001
非洲杯,19.0,0.481,0.278,0.24,0.526,0.263,0.211,0.165,0.921,26001
J2联赛,4.0,0.46,0.266,0.274,0.25,0.25,0.5,1.133,0.568,26002
J联赛,11.0,0.354,0.284,0.362,0.455,0.091,0.455,2.023,0.364,26002
世亚预,31.0,0.467,0.252,0.281,0.516,0.258,0.226,0.5,0.779,26002
世俱杯,63.0,0.436,0.223,0.341,0.476,0.254,0.27,1.454,0.483,26002
世南美预,22.0,0.473,0.275,0.252,0.545,0.273,0.182,0.676,0.713,26002
世欧预,127.0,0.474,0.188,0.337,0.52,0.165,0.315,1.095,0.578,26002
亚冠,38.0,0.473,0.217,0.31,0.632,0.079,0.289,5.386,0.068,26002
国王杯,5.0,0.452,0.247,0.301,0.0,0.4,0.6,4.223,0.121,26002
天皇杯,2.0,0.427,0.267,0.306,0.0,1.0,0.0,5.482,0.065,26002
德乙,61.0,0.425,0.254,0.32,0.475,0.18,0.344,1.788,0.409,26002
德国杯,20.0,0.414,0.225,0.36,0.4,0.15,0.45,0.961,0.618,26002
德甲,267.0,0.445,0.237,0.318,0.378,0.243,0.378,5.807,0.055,26002
德超杯,1.0,0.187,0.202,0.612,0.0,0.0,1.0,0.635,0.728,26002
意大利杯,10.0,0.486,0.248,0.266,0.4,0.3,0.3,0.307,0.858,26002
意甲,235.0,0.41,0.268,0.322,0.413,0.289,0.298,0.809,0.667,26002
意超杯,2.0,0.434,0.291,0.276,1.0,0.0,0.0,2.612,0.271,26002
挪超,71.0,0.453,0.233,0.314,0.479,0.225,0.296,0.202,0.904,26002
日联杯,9.0,0.339,0.286,0.375,0.333,0.222,0.444,0.247,0.884,26002
欧冠,211.0,0.469,0.227,0.304,0.479,0.204,0.318,0.667,0.716,26002
欧协联,74.0,0.481,0.237,0.281,0.419,0.243,0.338,1.445,0.486,26002
欧国联,23.0,0.442,0.271,0.287,0.391,0.304,0.304,0.257,0.879,26002
欧洲超级杯,1.0,0.677,0.189,0.134,0.0,1.0,0.0,4.284,0.117,26002
欧联,170.0,0.457,0.243,0.299,0.512,0.182,0.306,3.714,0.156,26002
法乙,114.0,0.422,0.28,0.299,0.377,0.289,0.333,1.027,0.598,26002
法国杯,9.0,0.501,0.224,0.275,0.556,0.222,0.222,0.144,0.93,26002
法甲,119.0,0.446,0.242,0.312,0.462,0.21,0.328,0.657,0.72,26002
瑞典超,64.0,0.429,0.245,0.326,0.406,0.266,0.328,0.192,0.908,26002
社区盾杯,1.0,0.199,0.228,0.574,0.0,1.0,0.0,3.395,0.183,26002
美职,43.0,0.463,0.249,0.288,0.372,0.326,0.302,1.82,0.403,26002
芬超,27.0,0.433,0.236,0.332,0.407,0.333,0.259,1.561,0.458,26002
英冠,140.0,0.418,0.274,0.308,0.479,0.229,0.293,2.381,0.304,26002
英甲,2.0,0.357,0.25,0.393,0.5,0.0,0.5,0.672,0.715,26002
英联杯,17.0,0.449,0.241,0.31,0.588,0.176,0.235,1.332,0.514,26002
英超,333.0,0.431,0.242,0.328,0.417,0.237,0.345,0.472,0.79,26002
荷乙,55.0,0.457,0.232,0.311,0.6,0.073,0.327,8.51,0.014,26002
荷兰杯,5.0,0.507,0.184,0.309,0.2,0.2,0.6,2.313,0.315,26002
荷甲,39.0,0.485,0.227,0.288,0.462,0.256,0.282,0.194,0.907,26002
葡超,57.0,0.476,0.256,0.268,0.404,0.298,0.298,1.214,0.545,26002
西甲,232.0,0.443,0.253,0.304,0.47,0.259,0.272,1.22,0.543,26002
解放者杯,18.0,0.484,0.262,0.255,0.5,0.167,0.333,1.067,0.587,26002
足总杯,22.0,0.47,0.222,0.308,0.545,0.227,0.227,0.739,0.691,26002
金杯赛,20.0,0.525,0.21,0.265,0.45,0.35,0.2,2.42,0.298,26002
非洲杯,19.0,0.481,0.278,0.24,0.526,0.263,0.211,0.165,0.921,26002
J2联赛,4.0,0.46,0.266,0.274,0.25,0.25,0.5,1.133,0.568,26003
J联赛,11.0,0.354,0.284,0.362,0.455,0.091,0.455,2.023,0.364,26003
世亚预,31.0,0.467,0.252,0.281,0.516,0.258,0.226,0.5,0.779,26003
世俱杯,63.0,0.436,0.223,0.341,0.476,0.254,0.27,1.454,0.483,26003
世南美预,22.0,0.473,0.275,0.252,0.545,0.273,0.182,0.676,0.713,26003
世欧预,127.0,0.474,0.188,0.337,0.52,0.165,0.315,1.095,0.578,26003
亚冠,38.0,0.473,0.217,0.31,0.632,0.079,0.289,5.386,0.068,26003
国王杯,5.0,0.452,0.247,0.301,0.0,0.4,0.6,4.223,0.121,26003
天皇杯,2.0,0.427,0.267,0.306,0.0,1.0,0.0,5.482,0.065,26003
德乙,61.0,0.425,0.254,0.32,0.475,0.18,0.344,1.788,0.409,26003
德国杯,20.0,0.414,0.225,0.36,0.4,0.15,0.45,0.961,0.618,26003
德甲,265.0,0.446,0.237,0.317,0.377,0.245,0.377,5.851,0.054,26003
德超杯,1.0,0.187,0.202,0.612,0.0,0.0,1.0,0.635,0.728,26003
意大利杯,10.0,0.486,0.248,0.266,0.4,0.3,0.3,0.307,0.858,26003
意甲,236.0,0.412,0.269,0.319,0.407,0.301,0.292,1.467,0.48,26003
意超杯,2.0,0.434,0.291,0.276,1.0,0.0,0.0,2.612,0.271,26003
挪超,71.0,0.453,0.233,0.314,0.479,0.225,0.296,0.202,0.904,26003
日联杯,9.0,0.339,0.286,0.375,0.333,0.222,0.444,0.247,0.884,26003
欧冠,211.0,0.469,0.227,0.304,0.479,0.204,0.318,0.667,0.716,26003
欧协联,74.0,0.481,0.237,0.281,0.419,0.243,0.338,1.445,0.486,26003
欧国联,23.0,0.442,0.271,0.287,0.391,0.304,0.304,0.257,0.879,26003
欧洲超级杯,1.0,0.677,0.189,0.134,0.0,1.0,0.0,4.284,0.117,26003
欧联,170.0,0.457,0.243,0.299,0.512,0.182,0.306,3.714,0.156,26003
法乙,114.0,0.422,0.28,0.299,0.377,0.289,0.333,1.027,0.598,26003
法国杯,9.0,0.501,0.224,0.275,0.556,0.222,0.222,0.144,0.93,26003
法甲,122.0,0.446,0.242,0.312,0.451,0.213,0.336,0.661,0.719,26003
瑞典超,64.0,0.429,0.245,0.326,0.406,0.266,0.328,0.192,0.908,26003
社区盾杯,1.0,0.199,0.228,0.574,0.0,1.0,0.0,3.395,0.183,26003
美职,43.0,0.463,0.249,0.288,0.372,0.326,0.302,1.82,0.403,26003
芬超,27.0,0.433,0.236,0.332,0.407,0.333,0.259,1.561,0.458,26003
英冠,140.0,0.418,0.274,0.308,0.479,0.229,0.293,2.381,0.304,26003
英甲,2.0,0.357,0.25,0.393,0.5,0.0,0.5,0.672,0.715,26003
英联杯,17.0,0.449,0.241,0.31,0.588,0.176,0.235,1.332,0.514,26003
英超,330.0,0.431,0.242,0.328,0.424,0.233,0.342,0.337,0.845,26003
荷乙,55.0,0.457,0.232,0.311,0.6,0.073,0.327,8.51,0.014,26003
荷兰杯,5.0,0.507,0.184,0.309,0.2,0.2,0.6,2.313,0.315,26003
荷甲,39.0,0.485,0.227,0.288,0.462,0.256,0.282,0.194,0.907,26003
葡超,59.0,0.476,0.254,0.27,0.407,0.305,0.288,1.264,0.532,26003
西甲,231.0,0.439,0.254,0.307,0.463,0.26,0.277,1.014,0.602,26003
解放者杯,18.0,0.484,0.262,0.255,0.5,0.167,0.333,1.067,0.587,26003
足总杯,22.0,0.47,0.222,0.308,0.545,0.227,0.227,0.739,0.691,26003
金杯赛,20.0,0.525,0.21,0.265,0.45,0.35,0.2,2.42,0.298,26003
非洲杯,19.0,0.481,0.278,0.24,0.526,0.263,0.211,0.165,0.921,26003
J2联赛,4.0,0.46,0.266,0.274,0.25,0.25,0.5,1.133,0.568,26004
J联赛,11.0,0.354,0.284,0.362,0.455,0.091,0.455,2.023,0.364,26004
世亚预,31.0,0.467,0.252,0.281,0.516,0.258,0.226,0.5,0.779,26004
世俱杯,63.0,0.436,0.223,0.341,0.476,0.254,0.27,1.454,0.483,26004
世南美预,22.0,0.473,0.275,0.252,0.545,0.273,0.182,0.676,0.713,26004
世欧预,127.0,0.474,0.188,0.337,0.52,0.165,0.315,1.095,0.578,26004
亚冠,38.0,0.473,0.217,0.31,0.632,0.079,0.289,5.386,0.068,26004
国王杯,5.0,0.452,0.247,0.301,0.0,0.4,0.6,4.223,0.121,26004
天皇杯,2.0,0.427,0.267,0.306,0.0,1.0,0.0,5.482,0.065,26004
德乙,61.0,0.425,0.254,0.32,0.475,0.18,0.344,1.788,0.409,26004
德国杯,20.0,0.414,0.225,0.36,0.4,0.15,0.45,0.961,0.618,26004
德甲,265.0,0.446,0.237,0.317,0.377,0.245,0.377,5.851,0.054,26004
德超杯,1.0,0.187,0.202,0.612,0.0,0.0,1.0,0.635,0.728,26004
意大利杯,10.0,0.486,0.248,0.266,0.4,0.3,0.3,0.307,0.858,26004
意甲,238.0,0.413,0.269,0.318,0.408,0.298,0.294,1.247,0.536,26004
意超杯,2.0,0.434,0.291,0.276,1.0,0.0,0.0,2.612,0.271,26004
挪超,71.0,0.453,0.233,0.314,0.479,0.225,0.296,0.202,0.904,26004
日联杯,9.0,0.339,0.286,0.375,0.333,0.222,0.444,0.247,0.884,26004
欧冠,211.0,0.469,0.227,0.304,0.479,0.204,0.318,0.667,0.716,26004
欧协联,74.0,0.481,0.237,0.281,0.419,0.243,0.338,1.445,0.486,26004
欧国联,23.0,0.442,0.271,0.287,0.391,0.304,0.304,0.257,0.879,26004
欧洲超级杯,1.0,0.677,0.189,0.134,0.0,1.0,0.0,4.284,0.117,26004
欧联,170.0,0.457,0.243,0.299,0.512,0.182,0.306,3.714,0.156,26004
法乙,114.0,0.422,0.28,0.299,0.377,0.289,0.333,1.027,0.598,26004
法国杯,9.0,0.501,0.224,0.275,0.556,0.222,0.222,0.144,0.93,26004
法甲,125.0,0.45,0.242,0.308,0.456,0.216,0.328,0.504,0.777,26004
瑞典超,64.0,0.429,0.245,0.326,0.406,0.266,0.328,0.192,0.908,26004
社区盾杯,1.0,0.199,0.228,0.574,0.0,1.0,0.0,3.395,0.183,26004
美职,43.0,0.463,0.249,0.288,0.372,0.326,0.302,1.82,0.403,26004
芬超,27.0,0.433,0.236,0.332,0.407,0.333,0.259,1.561,0.458,26004
英冠,133.0,0.421,0.273,0.306,0.481,0.226,0.293,2.347,0.309,26004
英甲,2.0,0.357,0.25,0.393,0.5,0.0,0.5,0.672,0.715,26004
英联杯,17.0,0.449,0.241,0.31,0.588,0.176,0.235,1.332,0.514,26004
英超,328.0,0.43,0.242,0.328,0.418,0.241,0.341,0.29,0.865,26004
荷乙,55.0,0.457,0.232,0.311,0.6,0.073,0.327,8.51,0.014,26004
荷兰杯,5.0,0.507,0.184,0.309,0.2,0.2,0.6,2.313,0.315,26004
荷甲,39.0,0.485,0.227,0.288,0.462,0.256,0.282,0.194,0.907,26004
葡超,59.0,0.476,0.254,0.27,0.407,0.305,0.288,1.264,0.532,26004
西甲,235.0,0.439,0.254,0.307,0.46,0.264,0.277,0.997,0.607,26004
解放者杯,18.0,0.484,0.262,0.255,0.5,0.167,0.333,1.067,0.587,26004
足总杯,22.0,0.47,0.222,0.308,0.545,0.227,0.227,0.739,0.691,26004
金杯赛,20.0,0.525,0.21,0.265,0.45,0.35,0.2,2.42,0.298,26004
非洲杯,19.0,0.481,0.278,0.24,0.526,0.263,0.211,0.165,0.921,26004
J2联赛,4.0,0.46,0.266,0.274,0.25,0.25,0.5,1.133,0.568,26005
J联赛,11.0,0.354,0.284,0.362,0.455,0.091,0.455,2.023,0.364,26005
世亚预,31.0,0.467,0.252,0.281,0.516,0.258,0.226,0.5,0.779,26005
世俱杯,63.0,0.436,0.223,0.341,0.476,0.254,0.27,1.454,0.483,26005
世南美预,22.0,0.473,0.275,0.252,0.545,0.273,0.182,0.676,0.713,26005
世欧预,127.0,0.474,0.188,0.337,0.52,0.165,0.315,1.095,0.578,26005
亚冠,38.0,0.473,0.217,0.31,0.632,0.079,0.289,5.386,0.068,26005
国王杯,5.0,0.452,0.247,0.301,0.0,0.4,0.6,4.223,0.121,26005
天皇杯,2.0,0.427,0.267,0.306,0.0,1.0,0.0,5.482,0.065,26005
德乙,61.0,0.425,0.254,0.32,0.475,0.18,0.344,1.788,0.409,26005
德国杯,20.0,0.414,0.225,0.36,0.4,0.15,0.45,0.961,0.618,26005
德甲,265.0,0.446,0.237,0.317,0.377,0.245,0.377,5.851,0.054,26005
德超杯,1.0,0.187,0.202,0.612,0.0,0.0,1.0,0.635,0.728,26005
意大利杯,10.0,0.486,0.248,0.266,0.4,0.3,0.3,0.307,0.858,26005
意甲,235.0,0.414,0.268,0.318,0.409,0.294,0.298,0.921,0.631,26005
意超杯,2.0,0.434,0.291,0.276,1.0,0.0,0.0,2.612,0.271,26005
挪超,71.0,0.453,0.233,0.314,0.479,0.225,0.296,0.202,0.904,26005
日联杯,9.0,0.339,0.286,0.375,0.333,0.222,0.444,0.247,0.884,26005
欧冠,211.0,0.469,0.227,0.304,0.479,0.204,0.318,0.667,0.716,26005
欧协联,74.0,0.481,0.237,0.281,0.419,0.243,0.338,1.445,0.486,26005
欧国联,23.0,0.442,0.271,0.287,0.391,0.304,0.304,0.257,0.879,26005
欧洲超级杯,1.0,0.677,0.189,0.134,0.0,1.0,0.0,4.284,0.117,26005
欧联,170.0,0.457,0.243,0.299,0.512,0.182,0.306,3.714,0.156,26005
法乙,114.0,0.422,0.28,0.299,0.377,0.289,0.333,1.027,0.598,26005
法国杯,9.0,0.501,0.224,0.275,0.556,0.222,0.222,0.144,0.93,26005
法甲,125.0,0.45,0.242,0.308,0.456,0.216,0.328,0.504,0.777,26005
法超杯,1.0,0.63,0.209,0.161,0.0,1.0,0.0,3.781,0.151,26005
瑞典超,64.0,0.429,0.245,0.326,0.406,0.266,0.328,0.192,0.908,26005
社区盾杯,1.0,0.199,0.228,0.574,0.0,1.0,0.0,3.395,0.183,26005
美职,43.0,0.463,0.249,0.288,0.372,0.326,0.302,1.82,0.403,26005
芬超,27.0,0.433,0.236,0.332,0.407,0.333,0.259,1.561,0.458,26005
英冠,133.0,0.421,0.273,0.306,0.481,0.226,0.293,2.347,0.309,26005
英甲,2.0,0.357,0.25,0.393,0.5,0.0,0.5,0.672,0.715,26005
英联杯,17.0,0.449,0.241,0.31,0.588,0.176,0.235,1.332,0.514,26005
英超,330.0,0.431,0.243,0.326,0.424,0.245,0.33,0.055,0.973,26005
荷乙,55.0,0.457,0.232,0.311,0.6,0.073,0.327,8.51,0.014,26005
荷兰杯,5.0,0.507,0.184,0.309,0.2,0.2,0.6,2.313,0.315,26005
荷甲,39.0,0.485,0.227,0.288,0.462,0.256,0.282,0.194,0.907,26005
葡超,57.0,0.472,0.256,0.272,0.404,0.298,0.298,1.122,0.571,26005
西甲,235.0,0.439,0.254,0.307,0.46,0.264,0.277,0.997,0.607,26005
西超杯,2.0,0.466,0.236,0.297,0.5,0.0,0.5,0.753,0.686,26005
解放者杯,18.0,0.484,0.262,0.255,0.5,0.167,0.333,1.067,0.587,26005
足总杯,22.0,0.47,0.222,0.308,0.545,0.227,0.227,0.739,0.691,26005
金杯赛,20.0,0.525,0.21,0.265,0.45,0.35,0.2,2.42,0.298,26005
非洲杯,19.0,0.481,0.278,0.24,0.526,0.263,0.211,0.165,0.921,26005
J2联赛,4.0,0.46,0.266,0.274,0.25,0.25,0.5,1.133,0.568,26006
J联赛,11.0,0.354,0.284,0.362,0.455,0.091,0.455,2.023,0.364,26006
世亚预,31.0,0.467,0.252,0.281,0.516,0.258,0.226,0.5,0.779,26006
世俱杯,63.0,0.436,0.223,0.341,0.476,0.254,0.27,1.454,0.483,26006
世南美预,22.0,0.473,0.275,0.252,0.545,0.273,0.182,0.676,0.713,26006
世欧预,127.0,0.474,0.188,0.337,0.52,0.165,0.315,1.095,0.578,26006
亚冠,38.0,0.473,0.217,0.31,0.632,0.079,0.289,5.386,0.068,26006
国王杯,5.0,0.452,0.247,0.301,0.0,0.4,0.6,4.223,0.121,26006
天皇杯,2.0,0.427,0.267,0.306,0.0,1.0,0.0,5.482,0.065,26006
德乙,61.0,0.425,0.254,0.32,0.475,0.18,0.344,1.788,0.409,26006
德国杯,20.0,0.414,0.225,0.36,0.4,0.15,0.45,0.961,0.618,26006
德甲,266.0,0.445,0.237,0.318,0.376,0.248,0.376,5.801,0.055,26006
德超杯,1.0,0.187,0.202,0.612,0.0,0.0,1.0,0.635,0.728,26006
意大利杯,10.0,0.486,0.248,0.266,0.4,0.3,0.3,0.307,0.858,26006
意甲,235.0,0.414,0.268,0.318,0.409,0.294,0.298,0.921,0.631,26006
意超杯,1.0,0.332,0.316,0.352,1.0,0.0,0.0,2.01,0.366,26006
挪超,71.0,0.453,0.233,0.314,0.479,0.225,0.296,0.202,0.904,26006
日联杯,9.0,0.339,0.286,0.375,0.333,0.222,0.444,0.247,0.884,26006
欧冠,211.0,0.469,0.227,0.304,0.479,0.204,0.318,0.667,0.716,26006
欧协联,74.0,0.481,0.237,0.281,0.419,0.243,0.338,1.445,0.486,26006
欧国联,23.0,0.442,0.271,0.287,0.391,0.304,0.304,0.257,0.879,26006
欧洲超级杯,1.0,0.677,0.189,0.134,0.0,1.0,0.0,4.284,0.117,26006
欧联,170.0,0.457,0.243,0.299,0.512,0.182,0.306,3.714,0.156,26006
法乙,114.0,0.422,0.28,0.299,0.377,0.289,0.333,1.027,0.598,26006
法国杯,9.0,0.501,0.224,0.275,0.556,0.222,0.222,0.144,0.93,26006
法甲,125.0,0.45,0.242,0.308,0.456,0.216,0.328,0.504,0.777,26006
法超杯,1.0,0.63,0.209,0.161,0.0,1.0,0.0,3.781,0.151,26006
瑞典超,64.0,0.429,0.245,0.326,0.406,0.266,0.328,0.192,0.908,26006
社区盾杯,1.0,0.199,0.228,0.574,0.0,1.0,0.0,3.395,0.183,26006
美职,43.0,0.463,0.249,0.288,0.372,0.326,0.302,1.82,0.403,26006
芬超,27.0,0.433,0.236,0.332,0.407,0.333,0.259,1.561,0.458,26006
英冠,121.0,0.42,0.274,0.306,0.488,0.215,0.298,2.897,0.235,26006
英甲,2.0,0.357,0.25,0.393,0.5,0.0,0.5,0.672,0.715,26006
英联杯,17.0,0.449,0.241,0.31,0.588,0.176,0.235,1.332,0.514,26006
英超,329.0,0.431,0.243,0.325,0.426,0.246,0.328,0.048,0.976,26006
荷乙,55.0,0.457,0.232,0.311,0.6,0.073,0.327,8.51,0.014,26006
荷兰杯,5.0,0.507,0.184,0.309,0.2,0.2,0.6,2.313,0.315,26006
荷甲,39.0,0.485,0.227,0.288,0.462,0.256,0.282,0.194,0.907,26006
葡超,57.0,0.472,0.256,0.272,0.404,0.298,0.298,1.122,0.571,26006
西甲,236.0,0.439,0.254,0.307,0.458,0.263,0.28,0.832,0.66,26006
西超杯,2.0,0.466,0.236,0.297,0.5,0.0,0.5,0.753,0.686,26006
解放者杯,18.0,0.484,0.262,0.255,0.5,0.167,0.333,1.067,0.587,26006
足总杯,26.0,0.457,0.229,0.314,0.5,0.269,0.231,0.861,0.65,26006
金杯赛,20.0,0.525,0.21,0.265,0.45,0.35,0.2,2.42,0.298,26006
非洲杯,21.0,0.449,0.277,0.273,0.476,0.238,0.286,0.162,0.922,26006
J2联赛,4.0,0.46,0.266,0.274,0.25,0.25,0.5,1.133,0.568,26007
J联赛,11.0,0.354,0.284,0.362,0.455,0.091,0.455,2.023,0.364,26007
世亚预,31.0,0.467,0.252,0.281,0.516,0.258,0.226,0.5,0.779,26007
世俱杯,63.0,0.436,0.223,0.341,0.476,0.254,0.27,1.454,0.483,26007
世南美预,22.0,0.473,0.275,0.252,0.545,0.273,0.182,0.676,0.713,26007
世欧预,127.0,0.474,0.188,0.337,0.52,0.165,0.315,1.095,0.578,26007
亚冠,38.0,0.473,0.217,0.31,0.632,0.079,0.289,5.386,0.068,26007
国王杯,5.0,0.452,0.247,0.301,0.0,0.4,0.6,4.223,0.121,26007
天皇杯,2.0,0.427,0.267,0.306,0.0,1.0,0.0,5.482,0.065,26007
德乙,61.0,0.425,0.254,0.32,0.475,0.18,0.344,1.788,0.409,26007
德国杯,20.0,0.414,0.225,0.36,0.4,0.15,0.45,0.961,0.618,26007
德甲,270.0,0.445,0.238,0.317,0.374,0.252,0.374,6.002,0.05,26007
德超杯,1.0,0.187,0.202,0.612,0.0,0.0,1.0,0.635,0.728,26007
意大利杯,10.0,0.486,0.248,0.266,0.4,0.3,0.3,0.307,0.858,26007
意甲,234.0,0.417,0.267,0.316,0.419,0.286,0.295,0.671,0.715,26007
意超杯,1.0,0.332,0.316,0.352,1.0,0.0,0.0,2.01,0.366,26007
挪超,71.0,0.453,0.233,0.314,0.479,0.225,0.296,0.202,0.904,26007
日联杯,9.0,0.339,0.286,0.375,0.333,0.222,0.444,0.247,0.884,26007
欧冠,211.0,0.469,0.227,0.304,0.479,0.204,0.318,0.667,0.716,26007
欧协联,74.0,0.481,0.237,0.281,0.419,0.243,0.338,1.445,0.486,26007
欧国联,23.0,0.442,0.271,0.287,0.391,0.304,0.304,0.257,0.879,26007
欧洲超级杯,1.0,0.677,0.189,0.134,0.0,1.0,0.0,4.284,0.117,26007
欧联,170.0,0.457,0.243,0.299,0.512,0.182,0.306,3.714,0.156,26007
法乙,114.0,0.422,0.28,0.299,0.377,0.289,0.333,1.027,0.598,26007
法国杯,9.0,0.501,0.224,0.275,0.556,0.222,0.222,0.144,0.93,26007
法甲,123.0,0.45,0.241,0.309,0.455,0.211,0.333,0.712,0.701,26007
法超杯,1.0,0.63,0.209,0.161,0.0,1.0,0.0,3.781,0.151,26007
瑞典超,64.0,0.429,0.245,0.326,0.406,0.266,0.328,0.192,0.908,26007
社区盾杯,1.0,0.199,0.228,0.574,0.0,1.0,0.0,3.395,0.183,26007
美职,43.0,0.463,0.249,0.288,0.372,0.326,0.302,1.82,0.403,26007
芬超,27.0,0.433,0.236,0.332,0.407,0.333,0.259,1.561,0.458,26007
英冠,121.0,0.42,0.274,0.306,0.488,0.215,0.298,2.897,0.235,26007
英甲,2.0,0.357,0.25,0.393,0.5,0.0,0.5,0.672,0.715,26007
英联杯,17.0,0.449,0.241,0.31,0.588,0.176,0.235,1.332,0.514,26007
英超,323.0,0.431,0.243,0.326,0.424,0.245,0.331,0.064,0.968,26007
荷乙,55.0,0.457,0.232,0.311,0.6,0.073,0.327,8.51,0.014,26007
荷兰杯,5.0,0.507,0.184,0.309,0.2,0.2,0.6,2.313,0.315,26007
荷甲,39.0,0.485,0.227,0.288,0.462,0.256,0.282,0.194,0.907,26007
葡超,54.0,0.472,0.256,0.273,0.426,0.296,0.278,0.595,0.743,26007
西甲,239.0,0.44,0.254,0.306,0.46,0.264,0.276,1.009,0.604,26007
西超杯,2.0,0.466,0.236,0.297,0.5,0.0,0.5,0.753,0.686,26007
解放者杯,18.0,0.484,0.262,0.255,0.5,0.167,0.333,1.067,0.587,26007
足总杯,29.0,0.46,0.231,0.308,0.483,0.276,0.241,0.705,0.703,26007
金杯赛,20.0,0.525,0.21,0.265,0.45,0.35,0.2,2.42,0.298,26007
非洲杯,21.0,0.449,0.277,0.273,0.476,0.238,0.286,0.162,0.922,26007
J2联赛,4.0,0.46,0.266,0.274,0.25,0.25,0.5,1.133,0.568,26008
J联赛,11.0,0.354,0.284,0.362,0.455,0.091,0.455,2.023,0.364,26008
世亚预,31.0,0.467,0.252,0.281,0.516,0.258,0.226,0.5,0.779,26008
世俱杯,63.0,0.436,0.223,0.341,0.476,0.254,0.27,1.454,0.483,26008
世南美预,22.0,0.473,0.275,0.252,0.545,0.273,0.182,0.676,0.713,26008
世欧预,127.0,0.474,0.188,0.337,0.52,0.165,0.315,1.095,0.578,26008
亚冠,38.0,0.473,0.217,0.31,0.632,0.079,0.289,5.386,0.068,26008
国王杯,5.0,0.452,0.247,0.301,0.0,0.4,0.6,4.223,0.121,26008
天皇杯,2.0,0.427,0.267,0.306,0.0,1.0,0.0,5.482,0.065,26008
德乙,61.0,0.425,0.254,0.32,0.475,0.18,0.344,1.788,0.409,26008
德国杯,20.0,0.414,0.225,0.36,0.4,0.15,0.45,0.961,0.618,26008
德甲,272.0,0.447,0.237,0.316,0.379,0.25,0.371,5.608,0.061,26008
德超杯,1.0,0.187,0.202,0.612,0.0,0.0,1.0,0.635,0.728,26008
意大利杯,10.0,0.486,0.248,0.266,0.4,0.3,0.3,0.307,0.858,26008
意甲,234.0,0.416,0.267,0.317,0.415,0.286,0.299,0.568,0.753,26008
意超杯,1.0,0.332,0.316,0.352,1.0,0.0,0.0,2.01,0.366,26008
挪超,71.0,0.453,0.233,0.314,0.479,0.225,0.296,0.202,0.904,26008
日联杯,9.0,0.339,0.286,0.375,0.333,0.222,0.444,0.247,0.884,26008
欧冠,211.0,0.469,0.227,0.304,0.479,0.204,0.318,0.667,0.716,26008
欧协联,74.0,0.481,0.237,0.281,0.419,0.243,0.338,1.445,0.486,26008
欧国联,23.0,0.442,0.271,0.287,0.391,0.304,0.304,0.257,0.879,26008
欧洲超级杯,1.0,0.677,0.189,0.134,0.0,1.0,0.0,4.284,0.117,26008
欧联,170.0,0.457,0.243,0.299,0.512,0.182,0.306,3.714,0.156,26008
法乙,114.0,0.422,0.28,0.299,0.377,0.289,0.333,1.027,0.598,26008
法国杯,12.0,0.47,0.236,0.294,0.417,0.25,0.333,0.145,0.93,26008
法甲,119.0,0.448,0.241,0.311,0.445,0.218,0.336,0.503,0.778,26008
法超杯,1.0,0.63,0.209,0.161,0.0,1.0,0.0,3.781,0.151,26008
瑞典超,64.0,0.429,0.245,0.326,0.406,0.266,0.328,0.192,0.908,26008
社区盾杯,1.0,0.199,0.228,0.574,0.0,1.0,0.0,3.395,0.183,26008
美职,43.0,0.463,0.249,0.288,0.372,0.326,0.302,1.82,0.403,26008
芬超,27.0,0.433,0.236,0.332,0.407,0.333,0.259,1.561,0.458,26008
英冠,121.0,0.42,0.274,0.306,0.488,0.215,0.298,2.897,0.235,26008
英甲,2.0,0.357,0.25,0.393,0.5,0.0,0.5,0.672,0.715,26008
英联杯,17.0,0.449,0.241,0.31,0.588,0.176,0.235,1.332,0.514,26008
英超,320.0,0.43,0.244,0.326,0.428,0.241,0.331,0.037,0.982,26008
荷乙,55.0,0.457,0.232,0.311,0.6,0.073,0.327,8.51,0.014,26008
荷兰杯,5.0,0.507,0.184,0.309,0.2,0.2,0.6,2.313,0.315,26008
荷甲,40.0,0.485,0.228,0.287,0.475,0.25,0.275,0.114,0.944,26008
葡超,50.0,0.472,0.252,0.276,0.46,0.26,0.28,0.032,0.984,26008
西甲,240.0,0.439,0.255,0.306,0.458,0.267,0.275,1.116,0.572,26008
西超杯,2.0,0.466,0.236,0.297,0.5,0.0,0.5,0.753,0.686,26008
解放者杯,18.0,0.484,0.262,0.255,0.5,0.167,0.333,1.067,0.587,26008
足总杯,33.0,0.448,0.231,0.321,0.424,0.333,0.242,2.176,0.337,26008
金杯赛,20.0,0.525,0.21,0.265,0.45,0.35,0.2,2.42,0.298,26008
非洲杯,21.0,0.449,0.277,0.273,0.476,0.238,0.286,0.162,0.922,26008
J2联赛,4.0,0.46,0.266,0.274,0.25,0.25,0.5,1.133,0.568,26009
J联赛,11.0,0.354,0.284,0.362,0.455,0.091,0.455,2.023,0.364,26009
世亚预,31.0,0.467,0.252,0.281,0.516,0.258,0.226,0.5,0.779,26009
世俱杯,63.0,0.436,0.223,0.341,0.476,0.254,0.27,1.454,0.483,26009
世南美预,22.0,0.473,0.275,0.252,0.545,0.273,0.182,0.676,0.713,26009
世欧预,127.0,0.474,0.188,0.337,0.52,0.165,0.315,1.095,0.578,26009
亚冠,38.0,0.473,0.217,0.31,0.632,0.079,0.289,5.386,0.068,26009
国王杯,5.0,0.452,0.247,0.301,0.0,0.4,0.6,4.223,0.121,26009
天皇杯,2.0,0.427,0.267,0.306,0.0,1.0,0.0,5.482,0.065,26009
德乙,61.0,0.425,0.254,0.32,0.475,0.18,0.344,1.788,0.409,26009
德国杯,20.0,0.414,0.225,0.36,0.4,0.15,0.45,0.961,0.618,26009
德甲,274.0,0.449,0.237,0.314,0.387,0.248,0.365,4.741,0.093,26009
德超杯,1.0,0.187,0.202,0.612,0.0,0.0,1.0,0.635,0.728,26009
意大利杯,11.0,0.494,0.248,0.257,0.364,0.273,0.364,0.891,0.641,26009
意甲,235.0,0.418,0.267,0.316,0.421,0.281,0.298,0.428,0.807,26009
意超杯,1.0,0.332,0.316,0.352,1.0,0.0,0.0,2.01,0.366,26009
挪超,71.0,0.453,0.233,0.314,0.479,0.225,0.296,0.202,0.904,26009
日联杯,9.0,0.339,0.286,0.375,0.333,0.222,0.444,0.247,0.884,26009
欧冠,211.0,0.469,0.227,0.304,0.479,0.204,0.318,0.667,0.716,26009
欧协联,74.0,0.481,0.237,0.281,0.419,0.243,0.338,1.445,0.486,26009
欧国联,23.0,0.442,0.271,0.287,0.391,0.304,0.304,0.257,0.879,26009
欧洲超级杯,1.0,0.677,0.189,0.134,0.0,1.0,0.0,4.284,0.117,26009
欧联,170.0,0.457,0.243,0.299,0.512,0.182,0.306,3.714,0.156,26009
法乙,110.0,0.423,0.279,0.298,0.382,0.282,0.336,0.981,0.612,26009
法国杯,13.0,0.495,0.228,0.277,0.385,0.231,0.385,0.867,0.648,26009
法甲,117.0,0.452,0.241,0.307,0.453,0.205,0.342,1.067,0.586,26009
法超杯,1.0,0.63,0.209,0.161,0.0,1.0,0.0,3.781,0.151,26009
瑞典超,64.0,0.429,0.245,0.326,0.406,0.266,0.328,0.192,0.908,26009
社区盾杯,1.0,0.199,0.228,0.574,0.0,1.0,0.0,3.395,0.183,26009
美职,43.0,0.463,0.249,0.288,0.372,0.326,0.302,1.82,0.403,26009
芬超,27.0,0.433,0.236,0.332,0.407,0.333,0.259,1.561,0.458,26009
英冠,121.0,0.42,0.274,0.306,0.488,0.215,0.298,2.897,0.235,26009
英甲,2.0,0.357,0.25,0.393,0.5,0.0,0.5,0.672,0.715,26009
英联杯,18.0,0.444,0.242,0.314,0.556,0.167,0.278,1.003,0.606,26009
英超,320.0,0.43,0.244,0.326,0.428,0.241,0.331,0.037,0.982,26009
荷乙,54.0,0.459,0.232,0.309,0.593,0.074,0.333,8.001,0.018,26009
荷兰杯,6.0,0.477,0.201,0.322,0.167,0.167,0.667,3.455,0.178,26009
荷甲,39.0,0.49,0.226,0.284,0.487,0.256,0.256,0.258,0.879,26009
葡超,50.0,0.472,0.252,0.276,0.46,0.26,0.28,0.032,0.984,26009
西甲,240.0,0.439,0.255,0.306,0.454,0.267,0.279,0.84,0.657,26009
西超杯,2.0,0.466,0.236,0.297,0.5,0.0,0.5,0.753,0.686,26009
解放者杯,18.0,0.484,0.262,0.255,0.5,0.167,0.333,1.067,0.587,26009
足总杯,33.0,0.458,0.226,0.316,0.424,0.333,0.242,2.309,0.315,26009
金杯赛,20.0,0.525,0.21,0.265,0.45,0.35,0.2,2.42,0.298,26009
非洲杯,21.0,0.449,0.277,0.273,0.476,0.238,0.286,0.162,0.922,26009
J2联赛,4.0,0.46,0.266,0.274,0.25,0.25,0.5,1.133,0.568,26010
J联赛,11.0,0.354,0.284,0.362,0.455,0.091,0.455,2.023,0.364,26010
世亚预,31.0,0.467,0.252,0.281,0.516,0.258,0.226,0.5,0.779,26010
世俱杯,63.0,0.436,0.223,0.341,0.476,0.254,0.27,1.454,0.483,26010
世南美预,22.0,0.473,0.275,0.252,0.545,0.273,0.182,0.676,0.713,26010
世欧预,127.0,0.474,0.188,0.337,0.52,0.165,0.315,1.095,0.578,26010
亚冠,38.0,0.473,0.217,0.31,0.632,0.079,0.289,5.386,0.068,26010
国王杯,7.0,0.461,0.254,0.285,0.286,0.286,0.429,1.002,0.606,26010
天皇杯,2.0,0.427,0.267,0.306,0.0,1.0,0.0,5.482,0.065,26010
德乙,61.0,0.425,0.254,0.32,0.475,0.18,0.344,1.788,0.409,26010
德国杯,20.0,0.414,0.225,0.36,0.4,0.15,0.45,0.961,0.618,26010
德甲,275.0,0.45,0.237,0.313,0.393,0.251,0.356,3.946,0.139,26010
德超杯,1.0,0.187,0.202,0.612,0.0,0.0,1.0,0.635,0.728,26010
意大利杯,11.0,0.494,0.248,0.257,0.364,0.273,0.364,0.891,0.641,26010
意甲,236.0,0.42,0.266,0.314,0.424,0.271,0.305,0.086,0.958,26010
意超杯,1.0,0.332,0.316,0.352,1.0,0.0,0.0,2.01,0.366,26010
挪超,71.0,0.453,0.233,0.314,0.479,0.225,0.296,0.202,0.904,26010
日联杯,9.0,0.339,0.286,0.375,0.333,0.222,0.444,0.247,0.884,26010
欧冠,211.0,0.469,0.227,0.304,0.479,0.204,0.318,0.667,0.716,26010
欧协联,74.0,0.481,0.237,0.281,0.419,0.243,0.338,1.445,0.486,26010
欧国联,23.0,0.442,0.271,0.287,0.391,0.304,0.304,0.257,0.879,26010
欧洲超级杯,1.0,0.677,0.189,0.134,0.0,1.0,0.0,4.284,0.117,26010
欧联,170.0,0.457,0.243,0.299,0.512,0.182,0.306,3.714,0.156,26010
法乙,110.0,0.423,0.279,0.298,0.382,0.282,0.336,0.981,0.612,26010
法国杯,13.0,0.495,0.228,0.277,0.385,0.231,0.385,0.867,0.648,26010
法甲,115.0,0.454,0.24,0.306,0.461,0.209,0.33,0.702,0.704,26010
法超杯,1.0,0.63,0.209,0.161,0.0,1.0,0.0,3.781,0.151,26010
瑞典超,64.0,0.429,0.245,0.326,0.406,0.266,0.328,0.192,0.908,26010
社区盾杯,1.0,0.199,0.228,0.574,0.0,1.0,0.0,3.395,0.183,26010
美职,43.0,0.463,0.249,0.288,0.372,0.326,0.302,1.82,0.403,26010
芬超,27.0,0.433,0.236,0.332,0.407,0.333,0.259,1.561,0.458,26010
英冠,121.0,0.42,0.274,0.306,0.488,0.215,0.298,2.897,0.235,26010
英甲,2.0,0.357,0.25,0.393,0.5,0.0,0.5,0.672,0.715,26010
英联杯,19.0,0.433,0.244,0.323,0.526,0.158,0.316,0.957,0.62,26010
英超,320.0,0.43,0.244,0.326,0.428,0.241,0.331,0.037,0.982,26010
荷乙,54.0,0.459,0.232,0.309,0.593,0.074,0.333,8.001,0.018,26010
荷兰杯,8.0,0.501,0.204,0.294,0.25,0.125,0.625,4.23,0.121,26010
荷甲,39.0,0.49,0.226,0.284,0.487,0.256,0.256,0.258,0.879,26010
葡超,50.0,0.472,0.252,0.276,0.46,0.26,0.28,0.032,0.984,26010
西甲,238.0,0.44,0.254,0.306,0.454,0.265,0.282,0.654,0.721,26010
西超杯,2.0,0.466,0.236,0.297,0.5,0.0,0.5,0.753,0.686,26010
解放者杯,18.0,0.484,0.262,0.255,0.5,0.167,0.333,1.067,0.587,26010
足总杯,30.0,0.457,0.228,0.315,0.4,0.367,0.233,3.369,0.186,26010
金杯赛,20.0,0.525,0.21,0.265,0.45,0.35,0.2,2.42,0.298,26010
非洲杯,21.0,0.449,0.277,0.273,0.476,0.238,0.286,0.162,0.922,26010
J2联赛,4.0,0.46,0.266,0.274,0.25,0.25,0.5,1.133,0.568,26011
J联赛,11.0,0.354,0.284,0.362,0.455,0.091,0.455,2.023,0.364,26011
世亚预,31.0,0.467,0.252,0.281,0.516,0.258,0.226,0.5,0.779,26011
世俱杯,63.0,0.436,0.223,0.341,0.476,0.254,0.27,1.454,0.483,26011
世南美预,22.0,0.473,0.275,0.252,0.545,0.273,0.182,0.676,0.713,26011
世欧预,127.0,0.474,0.188,0.337,0.52,0.165,0.315,1.095,0.578,26011
亚冠,38.0,0.473,0.217,0.31,0.632,0.079,0.289,5.386,0.068,26011
国王杯,7.0,0.461,0.254,0.285,0.286,0.286,0.429,1.002,0.606,26011
天皇杯,2.0,0.427,0.267,0.306,0.0,1.0,0.0,5.482,0.065,26011
德乙,63.0,0.423,0.255,0.322,0.476,0.175,0.349,2.159,0.34,26011
德国杯,20.0,0.414,0.225,0.36,0.4,0.15,0.45,0.961,0.618,26011
德甲,274.0,0.451,0.237,0.312,0.391,0.255,0.354,4.118,0.128,26011
德超杯,1.0,0.187,0.202,0.612,0.0,0.0,1.0,0.635,0.728,26011
意大利杯,11.0,0.494,0.248,0.257,0.364,0.273,0.364,0.891,0.641,26011
意甲,234.0,0.419,0.267,0.314,0.423,0.274,0.303,0.135,0.935,26011
意超杯,1.0,0.332,0.316,0.352,1.0,0.0,0.0,2.01,0.366,26011
挪超,71.0,0.453,0.233,0.314,0.479,0.225,0.296,0.202,0.904,26011
日联杯,9.0,0.339,0.286,0.375,0.333,0.222,0.444,0.247,0.884,26011
欧冠,211.0,0.469,0.227,0.304,0.479,0.204,0.318,0.667,0.716,26011
欧协联,74.0,0.481,0.237,0.281,0.419,0.243,0.338,1.445,0.486,26011
欧国联,23.0,0.442,0.271,0.287,0.391,0.304,0.304,0.257,0.879,26011
欧洲超级杯,1.0,0.677,0.189,0.134,0.0,1.0,0.0,4.284,0.117,26011
欧联,170.0,0.457,0.243,0.299,0.512,0.182,0.306,3.714,0.156,26011
法乙,115.0,0.422,0.28,0.298,0.391,0.278,0.33,0.672,0.715,26011
法国杯,13.0,0.495,0.228,0.277,0.385,0.231,0.385,0.867,0.648,26011
法甲,113.0,0.457,0.24,0.304,0.469,0.212,0.319,0.472,0.79,26011
法超杯,1.0,0.63,0.209,0.161,0.0,1.0,0.0,3.781,0.151,26011
瑞典超,64.0,0.429,0.245,0.326,0.406,0.266,0.328,0.192,0.908,26011
社区盾杯,1.0,0.199,0.228,0.574,0.0,1.0,0.0,3.395,0.183,26011
美职,43.0,0.463,0.249,0.288,0.372,0.326,0.302,1.82,0.403,26011
芬超,27.0,0.433,0.236,0.332,0.407,0.333,0.259,1.561,0.458,26011
英冠,122.0,0.42,0.274,0.306,0.484,0.213,0.303,2.854,0.24,26011
英甲,2.0,0.357,0.25,0.393,0.5,0.0,0.5,0.672,0.715,26011
英联杯,19.0,0.433,0.244,0.323,0.526,0.158,0.316,0.957,0.62,26011
英超,320.0,0.43,0.244,0.326,0.428,0.241,0.331,0.037,0.982,26011
荷乙,54.0,0.459,0.232,0.309,0.593,0.074,0.333,8.001,0.018,26011
荷兰杯,8.0,0.501,0.204,0.294,0.25,0.125,0.625,4.23,0.121,26011
荷甲,37.0,0.484,0.226,0.29,0.514,0.243,0.243,0.389,0.823,26011
葡超,51.0,0.479,0.25,0.271,0.471,0.255,0.275,0.014,0.993,26011
西甲,238.0,0.439,0.255,0.306,0.45,0.265,0.286,0.475,0.788,26011
西超杯,2.0,0.466,0.236,0.297,0.5,0.0,0.5,0.753,0.686,26011
解放者杯,18.0,0.484,0.262,0.255,0.5,0.167,0.333,1.067,0.587,26011
足总杯,28.0,0.448,0.228,0.324,0.393,0.357,0.25,2.725,0.256,26011
金杯赛,20.0,0.525,0.21,0.265,0.45,0.35,0.2,2.42,0.298,26011
非洲杯,21.0,0.449,0.277,0.273,0.476,0.238,0.286,0.162,0.922,26011
J2联赛,4.0,0.46,0.266,0.274,0.25,0.25,0.5,1.133,0.568,26012
J联赛,11.0,0.354,0.284,0.362,0.455,0.091,0.455,2.023,0.364,26012
世亚预,31.0,0.467,0.252,0.281,0.516,0.258,0.226,0.5,0.779,26012
世俱杯,63.0,0.436,0.223,0.341,0.476,0.254,0.27,1.454,0.483,26012
世南美预,22.0,0.473,0.275,0.252,0.545,0.273,0.182,0.676,0.713,26012
世欧预,127.0,0.474,0.188,0.337,0.52,0.165,0.315,1.095,0.578,26012
亚冠,38.0,0.473,0.217,0.31,0.632,0.079,0.289,5.386,0.068,26012
国王杯,7.0,0.461,0.254,0.285,0.286,0.286,0.429,1.002,0.606,26012
天皇杯,2.0,0.427,0.267,0.306,0.0,1.0,0.0,5.482,0.065,26012
德乙,63.0,0.423,0.255,0.322,0.476,0.175,0.349,2.159,0.34,26012
德国杯,20.0,0.414,0.225,0.36,0.4,0.15,0.45,0.961,0.618,26012
德甲,274.0,0.45,0.237,0.313,0.383,0.259,0.358,5.038,0.081,26012
德超杯,1.0,0.187,0.202,0.612,0.0,0.0,1.0,0.635,0.728,26012
意大利杯,11.0,0.494,0.248,0.257,0.364,0.273,0.364,0.891,0.641,26012
意甲,234.0,0.42,0.266,0.314,0.432,0.269,0.299,0.25,0.883,26012
意超杯,1.0,0.332,0.316,0.352,1.0,0.0,0.0,2.01,0.366,26012
挪超,71.0,0.453,0.233,0.314,0.479,0.225,0.296,0.202,0.904,26012
日联杯,9.0,0.339,0.286,0.375,0.333,0.222,0.444,0.247,0.884,26012
欧冠,211.0,0.469,0.227,0.304,0.479,0.204,0.318,0.667,0.716,26012
欧协联,74.0,0.481,0.237,0.281,0.419,0.243,0.338,1.445,0.486,26012
欧国联,23.0,0.442,0.271,0.287,0.391,0.304,0.304,0.257,0.879,26012
欧洲超级杯,1.0,0.677,0.189,0.134,0.0,1.0,0.0,4.284,0.117,26012
欧联,170.0,0.457,0.243,0.299,0.512,0.182,0.306,3.714,0.156,26012
法乙,115.0,0.422,0.28,0.298,0.391,0.278,0.33,0.672,0.715,26012
法国杯,11.0,0.52,0.221,0.259,0.455,0.091,0.455,2.565,0.277,26012
法甲,113.0,0.457,0.24,0.304,0.469,0.212,0.319,0.472,0.79,26012
法超杯,1.0,0.63,0.209,0.161,0.0,1.0,0.0,3.781,0.151,26012
瑞典超,64.0,0.429,0.245,0.326,0.406,0.266,0.328,0.192,0.908,26012
社区盾杯,1.0,0.199,0.228,0.574,0.0,1.0,0.0,3.395,0.183,26012
美职,43.0,0.463,0.249,0.288,0.372,0.326,0.302,1.82,0.403,26012
芬超,27.0,0.433,0.236,0.332,0.407,0.333,0.259,1.561,0.458,26012
英冠,120.0,0.42,0.274,0.306,0.492,0.2,0.308,3.882,0.144,26012
英甲,2.0,0.357,0.25,0.393,0.5,0.0,0.5,0.672,0.715,26012
英联杯,19.0,0.433,0.244,0.323,0.526,0.158,0.316,0.957,0.62,26012
英超,322.0,0.432,0.244,0.324,0.432,0.236,0.332,0.143,0.931,26012
荷乙,54.0,0.459,0.232,0.309,0.593,0.074,0.333,8.001,0.018,26012
荷兰杯,8.0,0.501,0.204,0.294,0.25,0.125,0.625,4.23,0.121,26012
荷甲,37.0,0.484,0.226,0.29,0.514,0.243,0.243,0.389,0.823,26012
葡超,51.0,0.479,0.25,0.271,0.471,0.255,0.275,0.014,0.993,26012
西甲,240.0,0.438,0.255,0.307,0.454,0.262,0.283,0.629,0.73,26012
西超杯,2.0,0.466,0.236,0.297,0.5,0.0,0.5,0.753,0.686,26012
解放者杯,18.0,0.484,0.262,0.255,0.5,0.167,0.333,1.067,0.587,26012
足总杯,28.0,0.448,0.228,0.324,0.393,0.357,0.25,2.725,0.256,26012
金杯赛,20.0,0.525,0.21,0.265,0.45,0.35,0.2,2.42,0.298,26012
非洲杯,21.0,0.449,0.277,0.273,0.476,0.238,0.286,0.162,0.922,26012
J2联赛,4.0,0.46,0.266,0.274,0.25,0.25,0.5,1.133,0.568,26013
J联赛,11.0,0.354,0.284,0.362,0.455,0.091,0.455,2.023,0.364,26013
世亚预,31.0,0.467,0.252,0.281,0.516,0.258,0.226,0.5,0.779,26013
世俱杯,63.0,0.436,0.223,0.341,0.476,0.254,0.27,1.454,0.483,26013
世南美预,22.0,0.473,0.275,0.252,0.545,0.273,0.182,0.676,0.713,26013
世欧预,127.0,0.474,0.188,0.337,0.52,0.165,0.315,1.095,0.578,26013
亚冠,38.0,0.473,0.217,0.31,0.632,0.079,0.289,5.386,0.068,26013
国王杯,7.0,0.461,0.254,0.285,0.286,0.286,0.429,1.002,0.606,26013
天皇杯,2.0,0.427,0.267,0.306,0.0,1.0,0.0,5.482,0.065,26013
德乙,63.0,0.423,0.255,0.322,0.476,0.175,0.349,2.159,0.34,26013
德国杯,20.0,0.414,0.225,0.36,0.4,0.15,0.45,0.961,0.618,26013
德甲,271.0,0.449,0.237,0.314,0.376,0.266,0.358,5.722,0.057,26013
德超杯,1.0,0.187,0.202,0.612,0.0,0.0,1.0,0.635,0.728,26013
意大利杯,11.0,0.494,0.248,0.257,0.364,0.273,0.364,0.891,0.641,26013
意甲,236.0,0.419,0.266,0.314,0.432,0.263,0.305,0.168,0.919,26013
意超杯,1.0,0.332,0.316,0.352,1.0,0.0,0.0,2.01,0.366,26013
挪超,71.0,0.453,0.233,0.314,0.479,0.225,0.296,0.202,0.904,26013
日联杯,9.0,0.339,0.286,0.375,0.333,0.222,0.444,0.247,0.884,26013
欧冠,211.0,0.469,0.227,0.304,0.479,0.204,0.318,0.667,0.716,26013
欧协联,74.0,0.481,0.237,0.281,0.419,0.243,0.338,1.445,0.486,26013
欧国联,23.0,0.442,0.271,0.287,0.391,0.304,0.304,0.257,0.879,26013
欧洲超级杯,1.0,0.677,0.189,0.134,0.0,1.0,0.0,4.284,0.117,26013
欧联,170.0,0.457,0.243,0.299,0.512,0.182,0.306,3.714,0.156,26013
法乙,115.0,0.422,0.28,0.298,0.391,0.278,0.33,0.672,0.715,26013
法国杯,9.0,0.52,0.214,0.266,0.333,0.111,0.556,3.883,0.144,26013
法甲,117.0,0.46,0.24,0.301,0.47,0.214,0.316,0.456,0.796,26013
法超杯,1.0,0.63,0.209,0.161,0.0,1.0,0.0,3.781,0.151,26013
瑞典超,64.0,0.429,0.245,0.326,0.406,0.266,0.328,0.192,0.908,26013
社区盾杯,1.0,0.199,0.228,0.574,0.0,1.0,0.0,3.395,0.183,26013
美职,43.0,0.463,0.249,0.288,0.372,0.326,0.302,1.82,0.403,26013
芬超,27.0,0.433,0.236,0.332,0.407,0.333,0.259,1.561,0.458,26013
英冠,120.0,0.42,0.274,0.306,0.492,0.2,0.308,3.882,0.144,26013
英甲,2.0,0.357,0.25,0.393,0.5,0.0,0.5,0.672,0.715,26013
英联杯,19.0,0.433,0.244,0.323,0.526,0.158,0.316,0.957,0.62,26013
英超,318.0,0.431,0.244,0.325,0.428,0.242,0.33,0.036,0.982,26013
荷乙,54.0,0.459,0.232,0.309,0.593,0.074,0.333,8.001,0.018,26013
荷兰杯,8.0,0.501,0.204,0.294,0.25,0.125,0.625,4.23,0.121,26013
荷甲,37.0,0.484,0.226,0.29,0.514,0.243,0.243,0.389,0.823,26013
葡超,51.0,0.479,0.25,0.271,0.471,0.255,0.275,0.014,0.993,26013
西甲,243.0,0.438,0.255,0.307,0.461,0.259,0.28,0.878,0.645,26013
西超杯,2.0,0.466,0.236,0.297,0.5,0.0,0.5,0.753,0.686,26013
解放者杯,18.0,0.484,0.262,0.255,0.5,0.167,0.333,1.067,0.587,26013
足总杯,28.0,0.448,0.228,0.324,0.393,0.357,0.25,2.725,0.256,26013
金杯赛,20.0,0.525,0.21,0.265,0.45,0.35,0.2,2.42,0.298,26013
非洲杯,21.0,0.449,0.277,0.273,0.476,0.238,0.286,0.162,0.922,26013
J2联赛,4.0,0.46,0.266,0.274,0.25,0.25,0.5,1.133,0.568,26014
J联赛,11.0,0.354,0.284,0.362,0.455,0.091,0.455,2.023,0.364,26014
世亚预,31.0,0.467,0.252,0.281,0.516,0.258,0.226,0.5,0.779,26014
世俱杯,63.0,0.436,0.223,0.341,0.476,0.254,0.27,1.454,0.483,26014
世南美预,22.0,0.473,0.275,0.252,0.545,0.273,0.182,0.676,0.713,26014
世欧预,127.0,0.474,0.188,0.337,0.52,0.165,0.315,1.095,0.578,26014
亚冠,38.0,0.473,0.217,0.31,0.632,0.079,0.289,5.386,0.068,26014
国王杯,7.0,0.461,0.254,0.285,0.286,0.286,0.429,1.002,0.606,26014
天皇杯,2.0,0.427,0.267,0.306,0.0,1.0,0.0,5.482,0.065,26014
德乙,61.0,0.426,0.254,0.319,0.492,0.164,0.344,2.7,0.259,26014
德国杯,20.0,0.414,0.225,0.36,0.4,0.15,0.45,0.961,0.618,26014
德甲,270.0,0.449,0.237,0.314,0.374,0.267,0.359,6.13,0.047,26014
德超杯,1.0,0.187,0.202,0.612,0.0,0.0,1.0,0.635,0.728,26014
意大利杯,11.0,0.494,0.248,0.257,0.364,0.273,0.364,0.891,0.641,26014
意甲,235.0,0.418,0.266,0.315,0.43,0.264,0.306,0.136,0.934,26014
意超杯,1.0,0.332,0.316,0.352,1.0,0.0,0.0,2.01,0.366,26014
挪超,71.0,0.453,0.233,0.314,0.479,0.225,0.296,0.202,0.904,26014
日联杯,9.0,0.339,0.286,0.375,0.333,0.222,0.444,0.247,0.884,26014
欧冠,225.0,0.47,0.225,0.304,0.489,0.191,0.32,1.521,0.467,26014
欧协联,74.0,0.481,0.237,0.281,0.419,0.243,0.338,1.445,0.486,26014
欧国联,23.0,0.442,0.271,0.287,0.391,0.304,0.304,0.257,0.879,26014
欧洲超级杯,1.0,0.677,0.189,0.134,0.0,1.0,0.0,4.284,0.117,26014
欧联,170.0,0.457,0.243,0.299,0.512,0.182,0.306,3.714,0.156,26014
法乙,113.0,0.423,0.28,0.297,0.389,0.283,0.327,0.648,0.723,26014
法国杯,9.0,0.52,0.214,0.266,0.333,0.111,0.556,3.883,0.144,26014
法甲,115.0,0.462,0.24,0.299,0.461,0.217,0.322,0.445,0.8,26014
法超杯,1.0,0.63,0.209,0.161,0.0,1.0,0.0,3.781,0.151,26014
瑞典超,64.0,0.429,0.245,0.326,0.406,0.266,0.328,0.192,0.908,26014
社区盾杯,1.0,0.199,0.228,0.574,0.0,1.0,0.0,3.395,0.183,26014
美职,43.0,0.463,0.249,0.288,0.372,0.326,0.302,1.82,0.403,26014
芬超,27.0,0.433,0.236,0.332,0.407,0.333,0.259,1.561,0.458,26014
英冠,119.0,0.42,0.274,0.307,0.496,0.193,0.311,4.468,0.107,26014
英甲,2.0,0.357,0.25,0.393,0.5,0.0,0.5,0.672,0.715,26014
英联杯,19.0,0.433,0.244,0.323,0.526,0.158,0.316,0.957,0.62,26014
英超,318.0,0.431,0.244,0.325,0.428,0.242,0.33,0.036,0.982,26014
荷乙,51.0,0.451,0.233,0.315,0.569,0.078,0.353,7.033,0.03,26014
荷兰杯,8.0,0.501,0.204,0.294,0.25,0.125,0.625,4.23,0.121,26014
荷甲,37.0,0.484,0.226,0.29,0.514,0.243,0.243,0.389,0.823,26014
葡超,50.0,0.473,0.252,0.275,0.46,0.26,0.28,0.035,0.983,26014
西甲,242.0,0.438,0.255,0.307,0.459,0.26,0.281,0.813,0.666,26014
西超杯,2.0,0.466,0.236,0.297,0.5,0.0,0.5,0.753,0.686,26014
解放者杯,18.0,0.484,0.262,0.255,0.5,0.167,0.333,1.067,0.587,26014
足总杯,28.0,0.448,0.228,0.324,0.393,0.357,0.25,2.725,0.256,26014
金杯赛,20.0,0.525,0.21,0.265,0.45,0.35,0.2,2.42,0.298,26014
非洲杯,21.0,0.449,0.277,0.273,0.476,0.238,0.286,0.162,0.922,26014
J2联赛,4.0,0.46,0.266,0.274,0.25,0.25,0.5,1.133,0.568,26015
J联赛,11.0,0.354,0.284,0.362,0.455,0.091,0.455,2.023,0.364,26015
世亚预,31.0,0.467,0.252,0.281,0.516,0.258,0.226,0.5,0.779,26015
世俱杯,63.0,0.436,0.223,0.341,0.476,0.254,0.27,1.454,0.483,26015
世南美预,22.0,0.473,0.275,0.252,0.545,0.273,0.182,0.676,0.713,26015
世欧预,127.0,0.474,0.188,0.337,0.52,0.165,0.315,1.095,0.578,26015
亚冠,38.0,0.473,0.217,0.31,0.632,0.079,0.289,5.386,0.068,26015
国王杯,7.0,0.461,0.254,0.285,0.286,0.286,0.429,1.002,0.606,26015
天皇杯,2.0,0.427,0.267,0.306,0.0,1.0,0.0,5.482,0.065,26015
德乙,61.0,0.426,0.254,0.319,0.492,0.164,0.344,2.7,0.259,26015
德国杯,20.0,0.414,0.225,0.36,0.4,0.15,0.45,0.961,0.618,26015
德甲,265.0,0.447,0.238,0.315,0.37,0.268,0.362,6.373,0.041,26015
德超杯,1.0,0.187,0.202,0.612,0.0,0.0,1.0,0.635,0.728,26015
意大利杯,11.0,0.494,0.248,0.257,0.364,0.273,0.364,0.891,0.641,26015
意甲,233.0,0.419,0.266,0.316,0.429,0.266,0.305,0.149,0.928,26015
意超杯,1.0,0.332,0.316,0.352,1.0,0.0,0.0,2.01,0.366,26015
挪超,71.0,0.453,0.233,0.314,0.479,0.225,0.296,0.202,0.904,26015
日联杯,9.0,0.339,0.286,0.375,0.333,0.222,0.444,0.247,0.884,26015
欧冠,225.0,0.47,0.225,0.304,0.489,0.191,0.32,1.521,0.467,26015
欧协联,74.0,0.481,0.237,0.281,0.419,0.243,0.338,1.445,0.486,26015
欧国联,23.0,0.442,0.271,0.287,0.391,0.304,0.304,0.257,0.879,26015
欧洲超级杯,1.0,0.677,0.189,0.134,0.0,1.0,0.0,4.284,0.117,26015
欧联,184.0,0.452,0.244,0.304,0.511,0.185,0.304,4.098,0.129,26015
法乙,113.0,0.423,0.28,0.297,0.389,0.283,0.327,0.648,0.723,26015
法国杯,9.0,0.52,0.214,0.266,0.333,0.111,0.556,3.883,0.144,26015
法甲,114.0,0.464,0.24,0.297,0.465,0.219,0.316,0.336,0.845,26015
法超杯,1.0,0.63,0.209,0.161,0.0,1.0,0.0,3.781,0.151,26015
瑞典超,64.0,0.429,0.245,0.326,0.406,0.266,0.328,0.192,0.908,26015
社区盾杯,1.0,0.199,0.228,0.574,0.0,1.0,0.0,3.395,0.183,26015
美职,43.0,0.463,0.249,0.288,0.372,0.326,0.302,1.82,0.403,26015
芬超,27.0,0.433,0.236,0.332,0.407,0.333,0.259,1.561,0.458,26015
英冠,119.0,0.42,0.274,0.307,0.496,0.193,0.311,4.468,0.107,26015
英甲,2.0,0.357,0.25,0.393,0.5,0.0,0.5,0.672,0.715,26015
英联杯,19.0,0.433,0.244,0.323,0.526,0.158,0.316,0.957,0.62,26015
英超,314.0,0.432,0.244,0.324,0.433,0.242,0.325,0.008,0.996,26015
荷乙,51.0,0.451,0.233,0.315,0.569,0.078,0.353,7.033,0.03,26015
荷兰杯,8.0,0.501,0.204,0.294,0.25,0.125,0.625,4.23,0.121,26015
荷甲,37.0,0.484,0.226,0.29,0.514,0.243,0.243,0.389,0.823,26015
葡超,50.0,0.473,0.252,0.275,0.46,0.26,0.28,0.035,0.983,26015
西甲,240.0,0.439,0.255,0.306,0.462,0.258,0.279,0.896,0.639,26015
西超杯,2.0,0.466,0.236,0.297,0.5,0.0,0.5,0.753,0.686,26015
解放者杯,18.0,0.484,0.262,0.255,0.5,0.167,0.333,1.067,0.587,26015
足总杯,28.0,0.448,0.228,0.324,0.393,0.357,0.25,2.725,0.256,26015
金杯赛,20.0,0.525,0.21,0.265,0.45,0.35,0.2,2.42,0.298,26015
非洲杯,21.0,0.449,0.277,0.273,0.476,0.238,0.286,0.162,0.922,26015
J2联赛,4.0,0.46,0.266,0.274,0.25,0.25,0.5,1.133,0.568,26016
J联赛,11.0,0.354,0.284,0.362,0.455,0.091,0.455,2.023,0.364,26016
世亚预,31.0,0.467,0.252,0.281,0.516,0.258,0.226,0.5,0.779,26016
世俱杯,63.0,0.436,0.223,0.341,0.476,0.254,0.27,1.454,0.483,26016
世南美预,22.0,0.473,0.275,0.252,0.545,0.273,0.182,0.676,0.713,26016
世欧预,127.0,0.474,0.188,0.337,0.52,0.165,0.315,1.095,0.578,26016
亚冠,38.0,0.473,0.217,0.31,0.632,0.079,0.289,5.386,0.068,26016
国王杯,7.0,0.461,0.254,0.285,0.286,0.286,0.429,1.002,0.606,26016
天皇杯,2.0,0.427,0.267,0.306,0.0,1.0,0.0,5.482,0.065,26016
德乙,63.0,0.427,0.255,0.318,0.492,0.175,0.333,2.278,0.32,26016
德国杯,20.0,0.414,0.225,0.36,0.4,0.15,0.45,0.961,0.618,26016
德甲,264.0,0.447,0.238,0.315,0.367,0.273,0.36,6.689,0.035,26016
德超杯,1.0,0.187,0.202,0.612,0.0,0.0,1.0,0.635,0.728,26016
意大利杯,11.0,0.494,0.248,0.257,0.364,0.273,0.364,0.891,0.641,26016
意甲,230.0,0.419,0.266,0.315,0.43,0.265,0.304,0.152,0.927,26016
意超杯,1.0,0.332,0.316,0.352,1.0,0.0,0.0,2.01,0.366,26016
挪超,71.0,0.453,0.233,0.314,0.479,0.225,0.296,0.202,0.904,26016
日联杯,9.0,0.339,0.286,0.375,0.333,0.222,0.444,0.247,0.884,26016
欧冠,225.0,0.47,0.225,0.304,0.489,0.191,0.32,1.521,0.467,26016
欧协联,74.0,0.481,0.237,0.281,0.419,0.243,0.338,1.445,0.486,26016
欧国联,23.0,0.442,0.271,0.287,0.391,0.304,0.304,0.257,0.879,26016
欧洲超级杯,1.0,0.677,0.189,0.134,0.0,1.0,0.0,4.284,0.117,26016
欧联,184.0,0.452,0.244,0.304,0.511,0.185,0.304,4.098,0.129,26016
法乙,117.0,0.424,0.28,0.296,0.385,0.291,0.325,0.793,0.673,26016
法国杯,9.0,0.52,0.214,0.266,0.333,0.111,0.556,3.883,0.144,26016
法甲,114.0,0.459,0.239,0.301,0.465,0.211,0.325,0.606,0.739,26016
法超杯,1.0,0.63,0.209,0.161,0.0,1.0,0.0,3.781,0.151,26016
瑞典超,64.0,0.429,0.245,0.326,0.406,0.266,0.328,0.192,0.908,26016
社区盾杯,1.0,0.199,0.228,0.574,0.0,1.0,0.0,3.395,0.183,26016
美职,43.0,0.463,0.249,0.288,0.372,0.326,0.302,1.82,0.403,26016
芬超,27.0,0.433,0.236,0.332,0.407,0.333,0.259,1.561,0.458,26016
英冠,120.0,0.419,0.274,0.307,0.492,0.2,0.308,3.905,0.142,26016
英甲,2.0,0.357,0.25,0.393,0.5,0.0,0.5,0.672,0.715,26016
英联杯,19.0,0.433,0.244,0.323,0.526,0.158,0.316,0.957,0.62,26016
英超,310.0,0.432,0.244,0.323,0.432,0.245,0.323,0.002,0.999,26016
荷乙,52.0,0.451,0.234,0.315,0.577,0.077,0.346,7.458,0.024,26016
荷兰杯,8.0,0.501,0.204,0.294,0.25,0.125,0.625,4.23,0.121,26016
荷甲,37.0,0.484,0.226,0.29,0.514,0.243,0.243,0.389,0.823,26016
葡超,51.0,0.473,0.253,0.275,0.451,0.275,0.275,0.147,0.929,26016
西甲,238.0,0.438,0.255,0.307,0.462,0.256,0.282,0.837,0.658,26016
西超杯,2.0,0.466,0.236,0.297,0.5,0.0,0.5,0.753,0.686,26016
解放者杯,18.0,0.484,0.262,0.255,0.5,0.167,0.333,1.067,0.587,26016
足总杯,28.0,0.448,0.228,0.324,0.393,0.357,0.25,2.725,0.256,26016
金杯赛,20.0,0.525,0.21,0.265,0.45,0.35,0.2,2.42,0.298,26016
非洲杯,21.0,0.449,0.277,0.273,0.476,0.238,0.286,0.162,0.922,26016
J2联赛,4.0,0.46,0.266,0.274,0.25,0.25,0.5,1.133,0.568,26017
J联赛,11.0,0.354,0.284,0.362,0.455,0.091,0.455,2.023,0.364,26017
世亚预,31.0,0.467,0.252,0.281,0.516,0.258,0.226,0.5,0.779,26017
世俱杯,63.0,0.436,0.223,0.341,0.476,0.254,0.27,1.454,0.483,26017
世南美预,22.0,0.473,0.275,0.252,0.545,0.273,0.182,0.676,0.713,26017
世欧预,127.0,0.474,0.188,0.337,0.52,0.165,0.315,1.095,0.578,26017
亚冠,38.0,0.473,0.217,0.31,0.632,0.079,0.289,5.386,0.068,26017
国王杯,7.0,0.461,0.254,0.285,0.286,0.286,0.429,1.002,0.606,26017
天皇杯,2.0,0.427,0.267,0.306,0.0,1.0,0.0,5.482,0.065,26017
德乙,63.0,0.427,0.255,0.318,0.492,0.175,0.333,2.278,0.32,26017
德国杯,20.0,0.414,0.225,0.36,0.4,0.15,0.45,0.961,0.618,26017
德甲,270.0,0.447,0.238,0.316,0.367,0.267,0.367,7.024,0.03,26017
德超杯,1.0,0.187,0.202,0.612,0.0,0.0,1.0,0.635,0.728,26017
意大利杯,11.0,0.494,0.248,0.257,0.364,0.273,0.364,0.891,0.641,26017
意甲,232.0,0.419,0.266,0.315,0.427,0.267,0.306,0.098,0.952,26017
意超杯,1.0,0.332,0.316,0.352,1.0,0.0,0.0,2.01,0.366,26017
挪超,71.0,0.453,0.233,0.314,0.479,0.225,0.296,0.202,0.904,26017
日联杯,9.0,0.339,0.286,0.375,0.333,0.222,0.444,0.247,0.884,26017
欧冠,211.0,0.474,0.226,0.301,0.474,0.199,0.327,1.143,0.565,26017
欧协联,74.0,0.481,0.237,0.281,0.419,0.243,0.338,1.445,0.486,26017
欧国联,23.0,0.442,0.271,0.287,0.391,0.304,0.304,0.257,0.879,26017
欧洲超级杯,1.0,0.677,0.189,0.134,0.0,1.0,0.0,4.284,0.117,26017
欧联,184.0,0.452,0.244,0.304,0.511,0.185,0.304,4.098,0.129,26017
法乙,117.0,0.424,0.28,0.296,0.385,0.291,0.325,0.793,0.673,26017
法国杯,9.0,0.52,0.214,0.266,0.333,0.111,0.556,3.883,0.144,26017
法甲,114.0,0.459,0.239,0.301,0.465,0.211,0.325,0.606,0.739,26017
法超杯,1.0,0.63,0.209,0.161,0.0,1.0,0.0,3.781,0.151,26017
瑞典超,64.0,0.429,0.245,0.326,0.406,0.266,0.328,0.192,0.908,26017
社区盾杯,1.0,0.199,0.228,0.574,0.0,1.0,0.0,3.395,0.183,26017
美职,43.0,0.463,0.249,0.288,0.372,0.326,0.302,1.82,0.403,26017
芬超,27.0,0.433,0.236,0.332,0.407,0.333,0.259,1.561,0.458,26017
英冠,120.0,0.419,0.274,0.307,0.492,0.2,0.308,3.905,0.142,26017
英甲,2.0,0.357,0.25,0.393,0.5,0.0,0.5,0.672,0.715,26017
英联杯,19.0,0.433,0.244,0.323,0.526,0.158,0.316,0.957,0.62,26017
英超,313.0,0.432,0.244,0.324,0.435,0.246,0.319,0.027,0.986,26017
荷乙,52.0,0.451,0.234,0.315,0.577,0.077,0.346,7.458,0.024,26017
荷兰杯,8.0,0.501,0.204,0.294,0.25,0.125,0.625,4.23,0.121,26017
荷甲,37.0,0.484,0.226,0.29,0.514,0.243,0.243,0.389,0.823,26017
葡超,51.0,0.473,0.253,0.275,0.451,0.275,0.275,0.147,0.929,26017
西甲,241.0,0.437,0.255,0.308,0.465,0.253,0.282,0.972,0.615,26017
西超杯,2.0,0.466,0.236,0.297,0.5,0.0,0.5,0.753,0.686,26017
解放者杯,18.0,0.484,0.262,0.255,0.5,0.167,0.333,1.067,0.587,26017
足总杯,28.0,0.448,0.228,0.324,0.393,0.357,0.25,2.725,0.256,26017
金杯赛,20.0,0.525,0.21,0.265,0.45,0.35,0.2,2.42,0.298,26017
非洲杯,21.0,0.449,0.277,0.273,0.476,0.238,0.286,0.162,0.922,26017
J2联赛,4.0,0.46,0.266,0.274,0.25,0.25,0.5,1.133,0.568,26018
J联赛,11.0,0.354,0.284,0.362,0.455,0.091,0.455,2.023,0.364,26018
世亚预,31.0,0.467,0.252,0.281,0.516,0.258,0.226,0.5,0.779,26018
世俱杯,63.0,0.436,0.223,0.341,0.476,0.254,0.27,1.454,0.483,26018
世南美预,22.0,0.473,0.275,0.252,0.545,0.273,0.182,0.676,0.713,26018
世欧预,127.0,0.474,0.188,0.337,0.52,0.165,0.315,1.095,0.578,26018
亚冠,38.0,0.473,0.217,0.31,0.632,0.079,0.289,5.386,0.068,26018
国王杯,7.0,0.461,0.254,0.285,0.286,0.286,0.429,1.002,0.606,26018
天皇杯,2.0,0.427,0.267,0.306,0.0,1.0,0.0,5.482,0.065,26018
德乙,63.0,0.427,0.255,0.318,0.492,0.175,0.333,2.278,0.32,26018
德国杯,20.0,0.414,0.225,0.36,0.4,0.15,0.45,0.961,0.618,26018
德甲,272.0,0.446,0.238,0.316,0.368,0.265,0.368,6.885,0.032,26018
德超杯,1.0,0.187,0.202,0.612,0.0,0.0,1.0,0.635,0.728,26018
意大利杯,11.0,0.494,0.248,0.257,0.364,0.273,0.364,0.891,0.641,26018
意甲,236.0,0.419,0.266,0.314,0.432,0.267,0.301,0.226,0.893,26018
意超杯,1.0,0.332,0.316,0.352,1.0,0.0,0.0,2.01,0.366,26018
挪超,71.0,0.453,0.233,0.314,0.479,0.225,0.296,0.202,0.904,26018
日联杯,9.0,0.339,0.286,0.375,0.333,0.222,0.444,0.247,0.884,26018
欧冠,211.0,0.474,0.226,0.301,0.474,0.199,0.327,1.143,0.565,26018
欧协联,74.0,0.481,0.237,0.281,0.419,0.243,0.338,1.445,0.486,26018
欧国联,23.0,0.442,0.271,0.287,0.391,0.304,0.304,0.257,0.879,26018
欧洲超级杯,1.0,0.677,0.189,0.134,0.0,1.0,0.0,4.284,0.117,26018
欧联,170.0,0.455,0.243,0.302,0.5,0.2,0.3,2.05,0.359,26018
法乙,117.0,0.424,0.28,0.296,0.385,0.291,0.325,0.793,0.673,26018
法国杯,9.0,0.52,0.214,0.266,0.333,0.111,0.556,3.883,0.144,26018
法甲,115.0,0.459,0.24,0.301,0.461,0.209,0.33,0.783,0.676,26018
法超杯,1.0,0.63,0.209,0.161,0.0,1.0,0.0,3.781,0.151,26018
瑞典超,64.0,0.429,0.245,0.326,0.406,0.266,0.328,0.192,0.908,26018
社区盾杯,1.0,0.199,0.228,0.574,0.0,1.0,0.0,3.395,0.183,26018
美职,43.0,0.463,0.249,0.288,0.372,0.326,0.302,1.82,0.403,26018
芬超,27.0,0.433,0.236,0.332,0.407,0.333,0.259,1.561,0.458,26018
英冠,120.0,0.419,0.274,0.307,0.492,0.2,0.308,3.905,0.142,26018
英甲,2.0,0.357,0.25,0.393,0.5,0.0,0.5,0.672,0.715,26018
英联杯,19.0,0.433,0.244,0.323,0.526,0.158,0.316,0.957,0.62,26018
英超,317.0,0.432,0.244,0.323,0.429,0.243,0.328,0.033,0.983,26018
荷乙,52.0,0.451,0.234,0.315,0.577,0.077,0.346,7.458,0.024,26018
荷兰杯,8.0,0.501,0.204,0.294,0.25,0.125,0.625,4.23,0.121,26018
荷甲,37.0,0.484,0.226,0.29,0.514,0.243,0.243,0.389,0.823,26018
葡超,51.0,0.473,0.253,0.275,0.451,0.275,0.275,0.147,0.929,26018
西甲,244.0,0.438,0.255,0.307,0.471,0.25,0.279,1.285,0.526,26018
西超杯,2.0,0.466,0.236,0.297,0.5,0.0,0.5,0.753,0.686,26018
解放者杯,18.0,0.484,0.262,0.255,0.5,0.167,0.333,1.067,0.587,26018
足总杯,28.0,0.448,0.228,0.324,0.393,0.357,0.25,2.725,0.256,26018
金杯赛,20.0,0.525,0.21,0.265,0.45,0.35,0.2,2.42,0.298,26018
非洲杯,21.0,0.449,0.277,0.273,0.476,0.238,0.286,0.162,0.922,26018
J2联赛,4.0,0.46,0.266,0.274,0.25,0.25,0.5,1.133,0.568,26019
J联赛,11.0,0.354,0.284,0.362,0.455,0.091,0.455,2.023,0.364,26019
世亚预,31.0,0.467,0.252,0.281,0.516,0.258,0.226,0.5,0.779,26019
世俱杯,63.0,0.436,0.223,0.341,0.476,0.254,0.27,1.454,0.483,26019
世南美预,22.0,0.473,0.275,0.252,0.545,0.273,0.182,0.676,0.713,26019
世欧预,127.0,0.474,0.188,0.337,0.52,0.165,0.315,1.095,0.578,26019
亚冠,38.0,0.473,0.217,0.31,0.632,0.079,0.289,5.386,0.068,26019
国王杯,7.0,0.461,0.254,0.285,0.286,0.286,0.429,1.002,0.606,26019
天皇杯,2.0,0.427,0.267,0.306,0.0,1.0,0.0,5.482,0.065,26019
德乙,61.0,0.424,0.256,0.32,0.508,0.164,0.328,3.047,0.218,26019
德国杯,20.0,0.414,0.225,0.36,0.4,0.15,0.45,0.961,0.618,26019
德甲,273.0,0.444,0.238,0.318,0.366,0.26,0.374,6.954,0.031,26019
德超杯,1.0,0.187,0.202,0.612,0.0,0.0,1.0,0.635,0.728,26019
意大利杯,12.0,0.479,0.251,0.27,0.333,0.25,0.417,1.485,0.476,26019
意甲,236.0,0.419,0.266,0.315,0.428,0.267,0.305,0.112,0.945,26019
意超杯,1.0,0.332,0.316,0.352,1.0,0.0,0.0,2.01,0.366,26019
挪超,71.0,0.453,0.233,0.314,0.479,0.225,0.296,0.202,0.904,26019
日联杯,9.0,0.339,0.286,0.375,0.333,0.222,0.444,0.247,0.884,26019
欧冠,211.0,0.474,0.226,0.301,0.474,0.199,0.327,1.143,0.565,26019
欧协联,74.0,0.481,0.237,0.281,0.419,0.243,0.338,1.445,0.486,26019
欧国联,23.0,0.442,0.271,0.287,0.391,0.304,0.304,0.257,0.879,26019
欧洲超级杯,1.0,0.677,0.189,0.134,0.0,1.0,0.0,4.284,0.117,26019
欧联,170.0,0.455,0.243,0.302,0.5,0.2,0.3,2.05,0.359,26019
法乙,115.0,0.423,0.28,0.296,0.374,0.296,0.33,1.215,0.545,26019
法国杯,9.0,0.52,0.214,0.266,0.333,0.111,0.556,3.883,0.144,26019
法甲,114.0,0.459,0.239,0.302,0.465,0.202,0.333,1.058,0.589,26019
法超杯,1.0,0.63,0.209,0.161,0.0,1.0,0.0,3.781,0.151,26019
瑞典超,64.0,0.429,0.245,0.326,0.406,0.266,0.328,0.192,0.908,26019
社区盾杯,1.0,0.199,0.228,0.574,0.0,1.0,0.0,3.395,0.183,26019
美职,43.0,0.463,0.249,0.288,0.372,0.326,0.302,1.82,0.403,26019
芬超,27.0,0.433,0.236,0.332,0.407,0.333,0.259,1.561,0.458,26019
英冠,120.0,0.417,0.274,0.309,0.492,0.2,0.308,3.997,0.136,26019
英甲,2.0,0.357,0.25,0.393,0.5,0.0,0.5,0.672,0.715,26019
英联杯,19.0,0.433,0.244,0.323,0.526,0.158,0.316,0.957,0.62,26019
英超,318.0,0.432,0.244,0.323,0.428,0.242,0.33,0.069,0.966,26019
荷乙,55.0,0.449,0.234,0.317,0.509,0.073,0.418,8.341,0.015,26019
荷兰杯,8.0,0.501,0.204,0.294,0.25,0.125,0.625,4.23,0.121,26019
荷甲,36.0,0.491,0.225,0.283,0.528,0.222,0.25,0.241,0.887,26019
葡超,51.0,0.478,0.251,0.271,0.431,0.275,0.294,0.447,0.8,26019
西甲,244.0,0.438,0.255,0.307,0.471,0.246,0.283,1.157,0.561,26019
西超杯,2.0,0.466,0.236,0.297,0.5,0.0,0.5,0.753,0.686,26019
解放者杯,18.0,0.484,0.262,0.255,0.5,0.167,0.333,1.067,0.587,26019
足总杯,28.0,0.448,0.228,0.324,0.393,0.357,0.25,2.725,0.256,26019
金杯赛,20.0,0.525,0.21,0.265,0.45,0.35,0.2,2.42,0.298,26019
非洲杯,21.0,0.449,0.277,0.273,0.476,0.238,0.286,0.162,0.922,26019